age,amount,M,es_barsandrestaurants,es_contents,es_fashion,es_food,es_health,es_home,es_hotelservices,es_hyper,es_leisure,es_otherservices,es_sportsandtoys,es_tech,es_transportation,es_travel
3,-0.8297001586903868,1,0,0,0,0,0,0,0,0,0,0,0,0,1,0
5,0.20763384281299604,0,0,0,0,0,0,0,0,0,0,0,0,0,1,0
2,2.6564770734151844,0,0,0,0,0,0,0,1,0,0,0,0,0,0,0
2,0.5360394220329074,1,0,0,0,0,0,0,0,0,0,0,0,0,1,0
2,-0.18558423118683706,1,0,0,0,0,0,0,0,0,0,0,0,0,1,0
3,0.10473565522425464,0,0,0,0,0,0,0,0,0,0,0,0,0,1,0
1,-0.8978535037166959,1,0,0,0,0,0,0,0,0,0,0,0,0,1,0
3,0.7415017121857513,0,0,1,0,0,0,0,0,0,0,0,0,0,0,0
3,-0.30217990478576806,1,0,0,0,0,0,0,0,0,0,0,0,0,1,0
2,0.08535872379520587,1,0,0,0,0,0,0,0,0,0,0,0,0,1,0
6,0.5330326568111584,0,0,0,0,1,0,0,0,0,0,0,0,0,0,0
3,-0.6155516578969349,1,0,0,0,0,0,0,0,0,0,0,0,0,1,0
4,0.6025223419360226,1,0,0,0,0,0,0,0,0,0,0,0,0,1,0
1,-0.4578635262674351,1,0,0,0,0,0,0,0,0,0,0,0,0,1,0
2,-0.4080848575962583,0,0,0,0,0,0,0,0,0,0,0,0,0,1,0
1,-0.7014115092290989,1,0,0,0,0,0,0,0,0,0,0,0,0,1,0
5,-0.48024722291823274,0,0,0,0,0,0,0,0,0,0,0,0,0,1,0
2,-0.7174475904117599,0,0,0,0,0,0,0,0,0,0,0,0,0,1,0
2,0.4060803474484257,1,0,0,1,0,0,0,0,0,0,0,0,0,0,0
6,1.228597678109079,0,0,0,0,0,0,0,0,0,0,0,0,0,1,0
4,0.34093376764386535,0,0,0,0,0,0,0,0,0,0,0,0,0,1,0
3,0.12077173640691552,1,0,0,0,0,0,0,0,0,0,0,0,0,1,0
6,0.184247891088282,1,0,0,0,0,0,0,0,0,0,0,0,0,1,0
1,-0.35930844399899775,0,0,0,0,0,0,0,0,0,0,0,0,0,1,0
2,0.20763384281299604,0,0,0,0,0,0,0,0,0,0,0,0,0,1,0
5,0.42311868370500294,1,0,0,0,0,0,0,0,0,0,0,0,0,0,0
3,-0.16086193936356807,0,0,0,0,0,0,0,0,0,0,0,0,0,1,0
1,-0.6977365739580723,0,0,0,0,0,0,0,0,0,0,0,0,0,1,0
2,-0.49862189927336514,1,0,0,0,0,0,0,0,0,0,0,0,0,1,0
2,0.17589576547231273,1,0,0,0,0,0,0,0,0,0,0,0,0,1,0
2,-0.8791447423369249,0,0,0,0,0,0,0,0,0,0,0,0,0,1,0
3,0.0011692975862357018,1,0,0,0,0,0,0,0,0,0,0,0,0,1,0
2,-0.10473565522425464,0,0,0,0,0,0,0,0,0,0,0,0,0,1,0
3,-0.7592082184916062,0,0,0,0,0,0,0,0,0,0,0,0,0,1,0
2,0.2520671510899525,0,0,0,0,0,0,0,0,0,0,0,0,0,1,0
5,0.4100893677440909,1,0,0,0,0,0,0,0,0,0,0,0,0,1,0
3,-0.6489601603608119,0,0,0,0,0,0,0,0,0,0,0,0,0,1,0
3,0.5637684790779254,0,0,0,0,0,0,0,0,0,0,0,0,0,1,0
2,-0.7000751691305437,0,0,0,0,0,0,0,0,0,0,0,0,0,1,0
3,0.46855424705587573,0,0,0,0,0,0,0,0,0,0,0,0,0,1,0
5,0.8390545393802724,1,0,0,0,0,0,0,0,0,0,0,0,0,1,0
5,-0.4989559842980039,0,0,0,0,0,0,0,0,0,0,0,0,0,1,0
1,-0.4167710682368663,0,0,0,0,0,0,0,0,0,0,0,0,0,1,0
2,0.4090871126701745,0,0,0,0,0,0,0,0,0,0,0,0,0,1,0
2,-0.8691221915977617,1,0,0,0,0,0,0,0,0,0,0,0,0,1,0
1,1.2686878810657312,1,0,0,0,0,0,0,0,0,0,0,0,0,1,0
6,-0.12411258665330327,1,0,0,0,0,0,0,0,0,0,0,0,0,1,0
1,0.18792282635930846,0,0,0,0,0,0,0,0,0,0,0,0,0,1,0
3,0.9165622650964672,1,0,0,0,0,0,0,0,0,0,0,0,0,1,0
2,0.5133216403574711,0,0,0,0,0,0,0,0,0,0,0,0,0,1,0
4,-0.8714607867702331,1,0,0,0,0,0,0,0,0,0,0,0,0,1,0
2,-0.5711183496199783,0,0,0,0,0,0,0,0,0,0,0,0,0,1,0
2,-0.7642194938611877,1,0,0,0,0,0,0,0,0,0,0,0,0,1,0
2,-0.4204460035078928,0,0,0,0,0,0,0,0,0,0,0,0,0,1,0
2,2.6845402154848412,0,0,0,0,0,1,0,0,0,0,0,0,0,0,0
2,0.40674851749770313,1,0,0,0,0,0,0,0,0,0,0,0,0,1,0
4,2.728973523761798,0,0,0,1,0,0,0,0,0,0,0,0,0,0,0
4,0.8323728388874969,1,0,0,0,0,0,0,0,0,0,0,0,0,1,0
3,-0.27478493276538885,1,0,0,0,0,0,0,0,0,0,0,0,0,1,0
5,-0.874467551991982,0,0,0,0,0,0,0,0,0,0,0,0,0,1,0
2,-0.849745260168713,0,0,0,0,0,0,0,0,0,0,0,0,0,1,0
5,0.878810657312286,0,0,0,0,0,0,0,0,0,0,0,0,0,1,0
2,-0.06397728221832454,1,0,0,0,0,0,0,0,0,0,0,0,0,1,0
4,-0.5109830451849996,0,0,0,0,0,0,0,0,0,0,0,0,0,1,0
2,6.941364737325637,0,0,0,0,0,0,0,0,0,0,0,0,0,0,1
3,0.5844817506055291,1,0,0,0,0,0,0,0,0,0,0,0,0,1,0
3,0.2213313288231855,0,0,0,0,0,0,0,0,0,0,0,0,0,1,0
0,0.5851499206548068,0,0,0,0,0,0,0,0,0,0,0,0,0,1,0
3,-0.5006264094211977,1,0,0,0,0,0,0,0,0,0,0,0,0,1,0
3,-0.10640608034744839,0,0,0,0,0,0,0,0,0,0,0,0,0,1,0
2,-0.028898354631253603,0,0,0,0,0,0,0,0,0,0,0,0,0,1,0
2,-0.3125365405495699,1,0,0,0,0,0,0,0,0,0,0,0,0,1,0
2,0.5597594587822602,1,1,0,0,0,0,0,0,0,0,0,0,0,0,0
5,1.0000835212561598,1,0,0,0,0,0,0,0,0,0,0,0,0,1,0
4,-0.8200116929758625,0,0,0,0,0,0,0,0,0,0,0,0,0,1,0
2,-0.0035078927587071057,0,0,0,0,0,0,0,0,0,0,0,0,0,1,0
3,0.7785851499206549,1,0,0,0,0,0,0,0,0,0,0,0,0,1,0
2,2.579971602772906,1,0,0,0,0,0,0,0,0,0,0,1,0,0,0
2,-0.675018792282636,0,0,0,0,0,0,0,0,0,0,0,0,0,1,0
2,0.3055207550321558,0,0,0,0,0,0,0,0,0,0,0,0,0,1,0
3,-0.3038503299089618,1,0,0,0,0,0,0,0,0,0,0,0,0,1,0
2,0.9730226342604194,0,0,0,0,0,0,0,0,0,0,0,0,0,1,0
2,0.0402572454689718,0,0,0,0,0,0,0,0,0,0,0,0,0,1,0
2,0.6325899941535122,0,0,0,0,1,0,0,0,0,0,0,0,0,0,0
3,-0.00785099807901109,1,0,0,0,0,0,0,0,0,0,0,0,0,1,0
1,0.3703332498120772,0,0,0,0,0,0,0,0,0,0,0,0,0,1,0
4,-0.6389376096216488,0,0,0,0,1,0,0,0,0,0,0,0,0,0,0
2,-0.5560845235112336,0,0,0,0,0,0,0,0,0,0,0,0,0,1,0
4,0.6686711768144994,0,0,0,0,0,0,0,0,0,0,0,0,0,1,0
6,-0.27010774242044605,0,0,0,0,1,0,0,0,0,0,0,0,0,0,0
2,0.424455023803558,1,0,0,0,0,0,0,0,0,0,0,0,0,1,0
4,0.5494028230184582,1,0,0,0,0,0,0,0,0,0,0,0,0,1,0
3,-0.8530861104151007,0,0,0,0,0,0,0,0,0,0,0,0,0,1,0
1,-0.708427294746513,1,0,0,0,0,0,0,0,0,0,0,0,0,1,0
3,-0.220663158773908,0,0,0,0,0,0,0,0,0,0,0,0,0,1,0
2,-0.055959241626994095,0,0,0,0,0,0,0,0,0,0,0,0,0,1,0
4,-0.23803558005512404,0,0,0,0,0,0,0,0,0,0,0,0,0,1,0
2,-0.35997661404827525,0,0,0,0,0,0,0,0,0,0,0,0,0,1,0
4,1.1427378267769148,1,0,0,0,0,0,0,0,0,0,0,0,0,1,0
5,0.7662240040090205,1,0,0,0,0,0,0,0,0,0,0,0,0,1,0
5,-0.4528522508978535,1,0,0,0,0,0,0,0,0,0,0,0,0,1,0
2,-0.55708677858515,1,0,0,0,0,0,0,0,0,0,0,0,0,1,0
2,-0.8794788273615636,0,0,0,0,0,0,0,0,0,0,0,0,0,1,0
4,-0.04760711601102483,1,0,0,0,0,0,0,0,0,0,0,0,0,1,0
4,0.1501712185751273,1,0,0,0,0,0,0,0,0,0,0,0,0,1,0
2,6.941364737325637,0,0,0,1,0,0,0,0,0,0,0,0,0,0,0
4,-0.6115426376012696,1,0,0,0,0,0,0,0,0,0,0,0,0,1,0
5,0.3188841560177066,1,0,0,0,0,0,0,0,0,0,0,0,0,1,0
2,-0.6519669255825609,0,0,0,0,0,0,0,0,0,0,0,0,0,1,0
4,-0.40073498705420535,1,0,0,0,0,0,0,0,0,0,0,0,0,1,0
4,0.5898271109997495,1,0,0,0,0,0,0,0,0,0,0,0,0,1,0
6,0.6195606781926001,1,0,0,0,0,0,0,0,0,0,0,0,0,1,0
5,-0.02355299423703327,1,0,0,0,0,0,0,0,0,0,0,0,0,1,0
3,0.6242378685375429,1,1,0,0,0,0,0,0,0,0,0,0,0,0,0
2,-0.40474400734987054,0,0,0,0,0,0,0,0,0,0,0,0,0,1,0
2,-0.9112235864027395,0,0,0,0,0,0,0,0,0,0,0,0,0,0,0
2,0.6512987555332832,0,0,0,0,0,0,0,0,0,0,0,0,0,0,0
5,-0.5941702163200535,0,0,0,0,0,0,0,0,0,0,0,0,0,1,0
3,-0.09838803975611796,0,0,0,0,0,0,0,0,0,0,0,0,0,1,0
3,1.925833124530193,0,0,0,0,0,1,0,0,0,0,0,0,0,0,0
1,0.17689802054622908,0,0,0,0,0,0,0,0,0,0,0,0,0,1,0
2,-0.04794120103566354,1,0,0,0,0,0,0,0,0,0,0,0,0,1,0
2,-0.6185584231186838,0,0,0,0,0,0,0,0,0,0,0,0,0,1,0
1,-0.9028647790862775,0,0,0,0,0,0,0,0,0,0,0,0,0,1,0
3,-0.43414348951808235,0,0,0,0,0,0,0,0,0,0,0,0,0,1,0
2,-0.4014031571034829,1,0,0,0,0,1,0,0,0,0,0,0,0,0,0
1,-0.6185584231186838,0,0,0,0,0,0,0,0,0,0,0,0,0,1,0
3,0.004176062807984633,0,0,0,0,0,0,0,0,0,0,0,0,0,1,0
5,-0.9112235864027395,1,0,0,0,0,0,0,0,0,0,0,0,0,1,0
5,0.9098805646036917,0,0,0,0,0,0,0,0,0,0,0,0,0,1,0
4,-0.9112235864027395,0,0,0,0,0,0,0,0,0,0,0,0,0,1,0
3,6.941364737325637,0,0,0,0,0,0,0,0,0,0,0,1,0,0,0
2,-0.1525098137475988,0,0,0,0,0,0,0,0,0,0,0,0,0,1,0
4,0.2597511066566441,1,0,0,0,1,0,0,0,0,0,0,0,0,0,0
2,0.10607199532280968,1,0,0,0,0,0,0,0,0,0,0,0,0,1,0
2,0.02488933433558844,0,0,0,0,0,0,0,0,0,0,0,0,0,1,0
4,0.006514657980456036,0,0,0,0,0,0,0,0,0,0,0,0,0,1,0
2,0.22333583897101822,0,0,0,0,0,0,0,0,0,0,0,0,0,1,0
2,-0.4204460035078928,0,0,0,0,0,0,0,0,0,0,0,0,0,1,0
3,-0.6990729140566275,1,0,0,0,0,0,0,0,0,0,0,0,0,1,0
4,-0.4668838219326819,0,0,0,0,0,0,0,0,0,0,0,0,0,1,0
3,0.5594253737576212,1,0,0,0,0,0,0,0,0,0,0,0,0,1,0
2,0.12311033157938704,1,0,0,0,0,0,0,0,0,0,0,0,0,1,0
2,0.17856844566942284,0,0,0,0,0,0,0,0,0,0,0,0,0,1,0
4,0.2089701829115511,0,0,0,0,0,0,0,0,0,0,0,0,0,1,0
3,-0.5443915476488768,0,0,0,0,0,0,0,0,0,0,0,0,0,1,0
3,-0.20195439739413687,1,0,0,0,0,0,0,0,0,0,0,0,0,1,0
2,-0.17355717029984133,0,0,0,0,0,0,0,0,0,0,0,0,0,1,0
3,0.3783512904034078,0,0,0,0,0,0,0,0,0,0,0,0,0,1,0
4,0.21498371335504896,0,0,0,0,0,0,0,0,0,0,0,0,0,1,0
2,1.0311534285475654,0,0,0,0,0,0,0,0,0,0,0,0,0,1,0
2,-0.9018625240123612,1,0,0,0,0,0,0,0,0,0,0,0,0,1,0
4,-0.34160193769314295,0,0,0,0,0,0,0,0,0,0,0,0,0,1,0
2,-0.8895013781007267,0,0,0,0,0,0,0,0,0,0,0,0,0,1,0
2,-0.9112235864027395,0,0,0,0,0,0,0,0,0,0,0,0,0,1,0
2,-0.4004009020295665,0,0,0,0,0,0,0,0,0,0,0,0,0,1,0
2,1.837300593000919,1,0,0,0,0,0,0,0,0,0,0,0,0,1,0
2,-0.7715693644032406,0,0,0,0,0,0,0,0,0,0,0,0,0,1,0
4,-0.5544140983880398,1,0,0,0,0,0,0,0,0,0,0,0,0,1,0
4,-0.325565856510482,0,0,0,0,0,0,0,0,0,0,0,0,0,1,0
3,-0.29950722458865786,0,0,0,0,0,0,0,0,0,0,0,0,0,1,0
3,-0.6606531362231688,1,0,0,0,0,0,0,0,0,0,0,0,0,1,0
1,-0.19193184665497373,0,0,0,0,0,0,0,0,0,0,0,0,0,1,0
3,0.32556585651048187,1,0,0,0,0,0,0,0,0,0,0,0,0,1,0
3,0.11976948133299929,1,0,0,0,0,0,0,0,0,0,0,0,0,1,0
2,-0.018207633842813053,0,0,0,0,1,0,0,0,0,0,0,0,0,0,0
4,-0.27110999749436226,0,0,0,0,0,0,0,0,0,0,0,0,0,1,0
6,4.974693059383614,0,0,0,0,0,1,0,0,0,0,0,0,0,0,0
2,0.27779169798713765,1,0,0,0,0,0,0,0,0,0,0,0,0,1,0
1,-0.1321306272446337,0,0,0,0,0,0,0,0,0,0,0,0,0,1,0
5,0.07633842812995909,1,0,0,0,0,0,0,0,0,0,0,0,0,1,0
2,-0.6232356134636265,0,0,0,0,0,0,0,0,0,0,0,0,0,1,0
1,-0.7371586068654473,1,0,0,0,0,0,0,0,0,0,0,0,0,1,0
2,-0.37935354547732403,0,0,0,0,0,0,0,0,0,0,0,0,0,1,0
1,-0.6235696984882653,0,0,0,0,0,0,0,0,0,0,0,0,0,1,0
4,6.512152342771236,1,0,0,0,0,1,0,0,0,0,0,0,0,0,0
6,-0.3419360227177817,0,0,0,0,0,0,0,0,0,0,0,0,0,1,0
2,-0.6583145410506974,0,0,0,0,0,0,0,0,0,0,0,0,0,1,0
4,-0.6416102898187589,1,0,0,0,0,0,0,0,0,0,0,0,0,1,0
4,-0.9112235864027395,1,0,0,0,0,0,0,0,0,0,0,0,0,1,0
3,-0.16854589493025982,0,0,0,0,0,0,0,0,0,0,0,0,0,1,0
5,0.9823770149503049,0,0,0,0,0,0,0,0,0,0,0,0,0,1,0
5,1.4293827779169799,0,0,0,0,0,0,0,0,0,0,0,0,0,1,0
2,-0.7825941702163202,1,0,0,0,0,0,0,0,0,0,0,0,0,1,0
2,0.5821431554330576,1,0,0,0,1,0,0,0,0,0,0,0,0,0,0
1,-0.5631003090286478,0,0,0,0,0,0,0,0,0,0,0,0,0,1,0
2,-0.5019627495197528,0,0,0,0,0,0,0,0,0,0,0,0,0,1,0
1,-0.18725465631003094,1,0,0,0,0,0,0,0,0,0,0,0,0,1,0
4,0.20329073749269194,0,0,0,0,0,0,0,0,0,0,0,0,0,1,0
2,0.005512402906539687,0,0,0,0,0,0,0,0,0,0,0,0,0,0,0
2,-0.33124530192934104,0,0,0,0,0,0,0,0,0,0,0,0,0,1,0
6,0.10106071995322806,1,0,0,0,0,0,0,0,0,0,0,0,0,1,0
3,0.605195022133133,0,0,0,0,1,0,0,0,0,0,0,0,0,0,0
4,0.4591998663659901,0,0,0,0,0,0,0,0,0,0,0,0,0,1,0
2,0.980706589827111,0,1,0,0,0,0,0,0,0,0,0,0,0,0,0
2,-0.20329073749269194,0,0,0,0,0,0,0,0,0,0,0,0,0,1,0
3,0.48291990311534283,1,0,0,0,0,0,0,0,0,0,0,0,0,1,0
4,-0.06898855758790617,0,0,0,0,0,0,0,0,0,0,0,0,0,0,0
4,-0.1839138060636432,0,0,0,0,0,0,0,0,0,0,0,0,0,1,0
2,-0.14649628330410097,0,0,0,0,0,0,0,0,0,0,0,0,0,1,0
2,0.1291238620228849,0,0,0,0,0,0,0,0,0,0,0,0,0,1,0
5,0.6332581642027896,0,0,0,0,0,0,0,0,0,0,0,0,0,1,0
4,-0.8868286979036166,1,0,0,0,0,0,0,0,0,0,0,0,0,1,0
4,-0.7505220078509981,1,0,0,0,0,0,0,0,0,0,0,0,0,1,0
2,-0.23603106990729147,1,0,0,0,0,0,0,0,0,0,0,0,0,1,0
5,-0.41576881316295,0,0,0,0,0,0,0,0,0,0,0,0,0,1,0
3,1.0248058130794286,1,0,0,1,0,0,0,0,0,0,0,0,0,0,0
2,0.6873799381942706,0,0,0,0,0,0,0,0,0,0,0,0,0,1,0
3,-0.9112235864027395,1,0,0,0,0,0,0,0,0,0,0,0,0,1,0
2,1.6913054372337761,0,0,0,0,0,0,0,0,0,0,0,0,0,1,0
2,-0.7415017121857513,1,0,0,0,0,0,0,0,0,0,0,0,0,1,0
2,-0.1845819761129207,0,0,0,0,0,0,0,0,0,0,0,0,0,1,0
3,0.4181074083354214,1,0,0,0,0,0,0,0,0,0,0,0,0,1,0
2,-0.5617639689300927,0,0,0,0,0,0,0,0,0,0,0,1,0,0,0
5,0.42612544892675197,0,0,0,0,0,0,0,0,0,0,0,0,0,1,0
5,0.9259166457863528,0,0,0,0,0,0,0,0,0,0,0,0,0,1,0
2,-0.7411676271611125,1,0,0,0,0,0,0,0,0,0,0,0,0,1,0
2,-0.3125365405495699,0,0,0,0,0,0,0,0,0,0,0,0,0,1,0
1,-0.08970182911550986,1,0,0,0,0,0,0,0,0,0,0,0,0,1,0
2,0.5941702163200534,0,0,0,0,0,0,0,0,0,0,0,0,0,1,0
2,6.941364737325637,0,0,0,0,0,0,0,0,0,0,0,1,0,0,0
3,0.4809153929675104,1,0,0,0,0,0,0,0,0,0,0,0,0,1,0
3,-0.8674517664745679,0,0,0,0,0,0,0,0,0,0,0,0,0,1,0
2,-0.737492691890086,1,0,0,0,0,0,0,0,0,0,0,0,0,1,0
4,0.6015200868621066,0,0,0,0,0,0,0,0,0,0,0,0,0,1,0
3,-0.4561931011442412,0,0,0,0,0,0,0,0,0,0,0,0,0,1,0
4,2.5104819176480415,1,0,0,1,0,0,0,0,0,0,0,0,0,0,0
5,-0.8323728388874969,1,0,0,0,0,0,0,0,0,0,0,0,0,1,0
2,-0.5721206046938947,1,0,0,0,0,0,0,0,0,0,0,0,0,1,0
4,1.9428714607867705,0,0,0,0,0,0,0,0,0,0,0,0,0,0,0
2,0.7902781257830119,1,0,0,0,0,0,0,0,0,0,0,0,0,1,0
4,-0.794287146078677,1,0,0,0,0,0,0,0,0,0,0,0,0,1,0
4,0.4702246721790697,1,0,0,0,0,0,0,0,0,0,0,0,0,1,0
4,-0.44717280547899446,1,0,0,0,0,0,0,0,0,0,0,0,0,1,0
2,5.4116762716111255,0,0,0,0,0,1,0,0,0,0,0,0,0,0,0
1,-0.21231103315793873,0,0,0,0,0,0,0,0,0,0,0,0,0,1,0
6,-0.8758038920905371,0,0,0,0,0,0,0,0,0,0,0,0,0,1,0
5,-0.4789108828196777,1,0,0,0,0,0,0,0,0,0,0,0,0,1,0
3,-0.8243547982961664,0,0,0,0,0,0,0,0,0,0,0,0,0,1,0
2,-0.33625657729892267,1,0,0,0,0,0,0,0,0,0,0,0,0,1,0
2,-0.8163367577048359,0,1,0,0,0,0,0,0,0,0,0,0,0,0,0
4,-0.8136640775077258,1,0,0,0,0,0,0,0,0,0,0,0,0,1,0
5,-0.4936106239037836,1,0,0,0,0,0,0,0,0,0,0,0,0,1,0
1,-0.05696149670091033,1,0,0,0,0,0,0,0,0,0,0,0,0,1,0
1,0.32723628163367585,1,0,0,0,0,0,0,0,0,0,0,0,0,1,0
3,-0.592165706172221,1,0,0,0,0,0,0,0,0,0,0,0,0,1,0
2,-0.9112235864027395,1,0,0,0,0,0,0,0,0,0,0,0,0,1,0
4,0.7040841894262091,0,0,0,0,0,0,0,0,0,0,0,0,0,1,0
4,-0.841059049528105,1,0,0,0,0,0,0,0,0,0,0,0,0,1,0
4,-0.25674434143489516,0,0,0,1,0,0,0,0,0,0,0,0,0,0,0
4,0.000835212561596879,0,0,0,0,0,0,0,0,1,0,0,0,0,0,0
1,-0.5393802722792951,0,0,0,0,0,0,0,0,0,0,0,0,0,1,0
4,0.1428213480330744,1,0,0,0,0,0,0,0,0,0,0,0,0,1,0
3,-0.7632172387872714,1,0,0,0,0,0,0,0,0,0,0,0,0,1,0
2,-0.036248225173306635,1,0,0,0,0,0,0,0,0,0,0,0,0,1,0
3,-0.3148751357220413,0,0,0,0,0,0,0,0,0,0,0,0,0,1,0
4,0.131796542219995,0,0,0,0,0,0,0,0,0,0,0,0,0,1,0
6,0.6883821932681867,1,0,0,0,0,0,0,0,0,0,0,0,0,1,0
5,0.8170049277541135,1,0,0,0,0,0,0,0,0,0,0,0,0,1,0
3,2.4206130460202124,0,0,0,0,0,0,0,0,0,0,0,0,0,0,0
2,0.7966257412511485,0,0,0,0,0,0,0,0,0,0,0,0,0,1,0
2,-0.3289067067568696,0,0,0,0,0,0,0,0,0,0,0,0,0,1,0
6,-0.306523010106072,0,0,0,0,0,0,0,0,0,0,0,0,0,1,0
1,0.265764637100142,0,0,0,0,0,0,0,0,0,0,0,0,0,1,0
6,6.0494445836465385,1,0,0,0,0,1,0,0,0,0,0,0,0,0,0
2,-0.6188925081433225,0,0,0,0,0,0,0,0,0,0,0,0,0,1,0
2,0.38904201119184845,0,0,0,0,0,0,0,0,0,0,0,0,0,1,0
4,5.161446588156687,0,0,0,0,0,0,0,0,0,0,0,1,0,0,0
4,-0.849745260168713,0,0,0,1,0,0,0,0,0,0,0,0,0,0,0
5,-0.30117764971185174,0,0,0,0,0,0,0,0,0,0,0,0,0,1,0
5,-0.6245719535621816,0,0,0,0,0,0,0,0,0,0,0,0,0,1,0
6,-0.8400567944541887,0,0,0,0,1,0,0,0,0,0,0,0,0,0,0
6,0.605195022133133,0,0,0,0,0,0,0,0,0,0,0,0,0,1,0
2,-0.823686628246889,1,0,0,0,0,0,0,0,0,0,0,0,0,1,0
5,-0.4999582393719202,1,0,0,0,0,0,0,0,0,0,0,0,0,1,0
2,-0.04961162615885741,1,0,0,0,0,0,0,0,0,0,0,0,0,1,0
5,0.39505554163534634,0,0,0,0,0,0,0,0,0,0,0,0,0,1,0
2,0.09604944458364655,0,0,0,0,0,0,0,0,0,0,0,0,0,1,0
2,-0.7582059634176899,1,0,0,0,0,0,0,0,0,0,0,0,0,1,0
3,0.00885325315292744,1,0,0,0,0,0,0,0,0,0,0,0,0,1,0
5,0.3101979453770984,0,0,0,0,0,0,0,0,0,0,0,0,0,1,0
2,-0.404075837300593,1,0,0,0,0,0,0,0,0,0,0,0,0,1,0
4,0.6422784598680366,1,0,0,0,0,0,0,0,0,0,0,0,0,1,0
2,0.10540382527353216,1,0,0,0,0,0,0,0,0,0,0,0,0,1,0
2,-0.204627077591247,0,0,0,0,0,0,0,0,0,0,0,0,0,1,0
2,-0.3653219744424956,1,0,0,0,0,0,0,0,0,0,0,0,0,1,0
5,-0.5169965756284974,1,0,0,0,0,0,0,0,0,0,0,0,0,1,0
5,-0.33892925749603275,1,0,0,0,0,0,0,0,0,0,0,0,0,1,0
4,-0.8567610456861272,1,0,0,0,0,0,0,0,0,0,0,0,0,1,0
5,-0.8727971268687882,0,0,0,0,0,0,0,0,0,0,0,0,0,1,0
1,0.6579804560260587,1,0,0,0,0,0,0,0,0,0,0,0,0,1,0
3,-0.8490770901194354,1,0,0,0,0,0,0,0,0,0,0,0,0,1,0
1,1.3181324647122694,1,0,0,0,0,0,0,0,0,0,0,0,0,1,0
6,1.057880230518667,1,0,0,0,0,0,0,0,0,0,0,0,0,1,0
2,6.941364737325637,1,0,0,0,0,0,0,0,0,0,0,0,0,0,1
1,-0.48793117848492445,0,0,0,0,0,0,0,0,0,0,0,0,0,1,0
2,1.266015200868621,0,0,0,0,0,0,0,0,0,0,0,0,0,1,0
3,0.034243715025473936,0,0,0,0,0,0,0,0,0,0,0,0,0,1,0
3,1.6535538294495953,0,0,0,0,0,0,0,0,0,0,0,0,0,1,0
5,3.488348784765723,0,0,0,0,0,0,1,0,0,0,0,0,0,0,0
5,2.099557337342354,0,0,0,0,1,0,0,0,0,0,0,0,0,0,0
4,0.016871293744257884,0,0,0,0,0,0,0,0,0,0,0,0,0,1,0
3,0.07901110832706919,0,0,0,0,0,0,0,0,0,0,0,0,0,1,0
2,-0.3970600517831789,1,0,0,0,0,0,0,0,0,0,0,0,0,1,0
1,-0.5149920654806649,0,0,0,0,0,0,0,0,0,0,0,0,0,1,0
3,-0.1956067819260002,1,0,0,0,0,0,0,0,0,0,0,0,0,1,0
5,-0.11509229098805648,1,0,0,0,0,0,0,0,0,0,0,0,1,0,0
2,0.22467217906957326,1,0,0,0,0,0,0,0,0,0,0,0,0,1,0
3,-0.4404911049862191,0,0,0,0,0,0,0,0,0,0,0,0,0,1,0
1,2.6511317130209644,1,0,0,1,0,0,0,0,0,0,0,0,0,0,0
3,0.13313288231855006,1,0,0,0,0,0,0,0,0,0,0,0,0,1,0
2,0.40975528271945216,0,0,0,0,0,0,0,0,0,0,0,0,0,1,0
3,0.12845569197360726,1,0,0,0,0,0,0,0,0,0,0,0,0,1,0
4,-0.18257746596508811,0,0,0,0,0,0,0,0,0,0,0,0,0,1,0
5,-0.26609872212478075,1,0,0,0,0,0,0,0,0,0,0,0,0,1,0
2,-0.016203123694980354,0,0,0,0,0,0,0,0,0,0,0,0,0,1,0
5,1.3365071410674016,1,0,0,0,0,0,0,0,0,0,0,0,0,1,0
2,-0.5347030819343525,1,0,0,0,0,0,0,0,0,0,0,0,0,1,0
5,0.4227845986803642,1,0,0,0,0,0,0,0,0,0,0,0,0,1,0
2,-0.0856928088198447,0,0,0,0,0,0,0,0,0,0,0,0,0,1,0
3,4.5537459283387625,0,0,0,0,0,1,0,0,0,0,0,0,0,0,0
5,0.7481834126785268,0,0,0,0,0,0,0,0,0,0,0,0,0,1,0
3,-0.6603190511985301,1,1,0,0,0,0,0,0,0,0,0,0,0,0,0
2,-0.03558005512402911,1,0,0,0,0,0,0,0,0,0,0,0,0,1,0
2,-0.6937275536624071,0,0,0,0,0,0,0,0,0,0,0,0,0,1,0
5,-0.886160527854339,0,0,0,0,0,0,0,0,0,0,0,0,0,1,0
3,-0.24037417522759547,0,0,0,0,0,0,0,0,0,0,0,0,0,1,0
3,0.34728138311200213,1,0,0,0,1,0,0,0,0,0,0,0,0,0,0
5,0.5116512152342771,1,0,0,0,0,0,0,0,0,0,0,0,0,1,0
2,0.5046354297168629,0,0,0,0,0,0,0,0,0,0,0,0,0,1,0
3,3.505387121022301,0,0,0,0,0,0,1,0,0,0,0,0,0,0,0
4,-0.4819176480414266,0,0,0,0,0,0,0,0,0,0,0,0,0,1,0
2,6.941364737325637,0,0,0,0,0,1,0,0,0,0,0,0,0,0,0
3,-0.6994069990812662,0,0,0,0,0,0,0,0,0,0,0,0,0,0,0
6,0.7014115092290988,0,0,0,0,0,0,0,0,0,0,0,0,0,1,0
3,1.2820512820512822,1,0,0,0,0,0,0,0,0,0,0,0,0,1,0
2,-0.49394470892842235,0,0,0,0,0,0,0,0,0,0,0,0,0,1,0
2,-0.7478493276538879,1,0,0,0,1,0,0,0,0,0,0,0,0,0,0
6,1.7387455107324816,1,0,0,0,0,0,0,0,0,0,0,0,0,1,0
2,1.02179904785768,0,0,0,0,0,0,0,0,0,0,0,0,0,1,0
3,-0.7598763885408838,1,0,0,0,0,0,0,0,0,0,0,0,0,1,0
2,-0.11776497118516659,1,0,0,0,0,0,0,0,0,0,0,0,0,1,0
2,0.17890253069406156,0,0,0,0,0,0,0,0,0,0,0,0,0,1,0
1,-0.7652217489351041,0,0,0,0,0,0,0,0,0,0,0,0,0,1,0
3,0.4728973523761798,0,0,0,0,0,0,0,0,0,0,0,0,0,1,0
1,0.4525181658732148,0,0,0,0,0,0,0,0,0,0,0,0,0,1,0
2,-0.23269021966090372,1,0,0,0,0,0,0,0,0,0,0,0,0,1,0
2,0.13480330744174382,0,0,0,0,0,0,0,0,0,0,0,0,0,1,0
2,-0.7174475904117599,1,0,0,0,0,0,0,0,0,0,0,0,0,1,0
1,0.05094796625741247,1,0,0,0,0,0,0,0,0,0,0,0,0,1,0
3,0.2022884824187756,0,0,0,0,0,0,0,0,0,0,0,0,0,1,0
2,-0.8644450012528189,0,0,0,0,0,0,0,0,0,0,0,0,0,1,0
2,-0.44550238035580064,1,0,0,0,0,0,0,0,0,0,0,0,0,1,0
2,-0.7962916562265098,1,0,0,0,0,0,0,0,0,0,0,0,0,1,0
4,-0.16052785433892927,0,0,0,0,0,0,0,0,0,0,0,0,0,1,0
2,-0.4017372421281216,0,0,0,0,0,0,0,0,0,0,0,0,0,1,0
2,0.0653136223168796,0,0,0,0,0,0,0,0,0,0,0,0,0,1,0
2,1.803558005512403,0,0,0,0,0,0,0,0,0,0,0,0,0,0,0
3,0.45318633592249224,1,0,0,0,0,0,0,0,0,0,0,0,0,1,0
3,-0.0696567276371837,1,0,0,0,0,0,0,0,0,0,0,0,0,1,0
2,0.7772488098220998,0,0,0,0,1,0,0,0,0,0,0,0,0,0,0
3,-0.4371502547398314,0,0,0,0,0,0,0,0,0,0,0,0,0,1,0
3,-0.2640942119769482,0,0,0,0,0,0,0,0,0,0,0,0,0,1,0
1,0.02756201453269855,0,0,0,0,0,0,0,0,0,0,0,0,0,1,0
3,-0.23068570951307113,1,0,0,0,0,0,0,0,0,0,0,0,0,1,0
3,0.27211225256827876,1,0,0,0,0,0,0,0,0,0,0,0,0,1,0
2,0.32924079178150834,0,0,0,0,0,0,0,0,0,0,0,0,0,1,0
4,0.04426626576463708,1,0,0,0,0,0,0,0,0,0,0,0,0,1,0
3,0.2824688883320805,1,0,0,0,0,0,0,0,0,0,0,0,0,1,0
3,2.3414348951808237,1,0,0,0,0,0,0,0,0,0,0,0,0,1,0
1,-0.48793117848492445,1,0,0,0,0,0,0,0,0,0,0,0,0,1,0
3,1.584064144324731,1,0,0,0,0,0,0,0,0,0,0,0,0,1,0
1,0.34661321306272447,0,0,0,0,0,0,0,0,0,0,0,0,0,1,0
2,-0.33625657729892267,1,0,0,0,0,0,0,0,0,0,0,0,0,1,0
6,-0.13680781758957652,1,0,0,0,0,0,0,0,0,0,0,0,0,1,0
1,4.425123193852836,0,0,0,0,0,1,0,0,0,0,0,0,0,0,0
1,0.2781257830117766,1,0,0,0,0,0,0,0,0,0,0,0,0,1,0
3,-0.21064060803474485,1,0,0,0,0,0,0,0,0,0,0,0,0,1,0
4,0.19527269690136137,0,0,0,0,0,0,0,0,0,0,0,0,0,1,0
2,0.11175144074166872,0,0,0,0,0,0,0,0,0,0,0,0,0,1,0
2,-0.7264678860770067,1,0,0,0,0,0,0,0,0,0,0,0,0,1,0
4,-0.13948049778668675,0,0,0,0,0,0,0,0,0,0,0,0,0,1,0
4,0.6439488849912303,1,0,0,0,0,0,0,0,0,0,0,0,0,1,0
2,-0.5721206046938947,0,0,0,0,0,0,0,0,0,0,0,0,0,1,0
2,0.131796542219995,0,0,0,0,0,0,0,0,0,0,0,0,0,1,0
1,1.0689050363317465,0,0,0,0,0,1,0,0,0,0,0,0,0,0,0
3,6.941364737325637,0,0,0,0,0,0,0,0,0,0,0,1,0,0,0
4,0.6683370917898607,1,0,0,0,0,0,0,0,0,0,0,0,0,1,0
1,-0.9112235864027395,0,0,0,0,0,0,0,0,0,0,0,0,0,1,0
4,-0.49461287897769984,1,0,0,0,0,0,0,0,0,0,0,0,0,1,0
2,-0.7030819343522928,1,0,0,0,0,0,0,0,0,0,0,0,0,1,0
3,1.0451849995823936,1,0,0,0,0,0,0,0,0,0,0,0,0,1,0
5,-0.12377850162866445,0,0,0,0,0,0,0,0,0,0,0,0,0,1,0
2,-0.6355967593752611,0,0,0,0,0,0,0,0,0,0,0,0,0,1,0
2,0.2370333249812077,0,0,0,0,0,0,0,0,0,0,0,0,0,1,0
5,0.5864862607533617,0,0,0,0,0,0,0,0,0,0,0,0,0,1,0
5,-0.15518249394470893,0,0,0,0,0,0,0,0,0,0,0,0,0,1,0
3,-0.05996826192265938,1,0,0,0,0,0,0,0,0,0,0,0,0,1,0
5,0.5544140983880398,0,0,0,0,0,0,0,0,0,0,0,0,0,1,0
4,0.43948884991230275,1,0,0,0,0,0,0,0,0,0,0,0,0,1,0
4,0.4284640440992234,0,0,0,0,0,0,0,0,0,0,0,0,0,1,0
2,-0.01085776330076002,0,0,0,0,0,0,0,0,0,0,0,0,0,1,0
1,-0.9085442245051366,1,0,0,0,0,0,0,0,0,0,0,0,0,1,0
3,4.362983379270025,1,0,1,0,0,0,0,0,0,0,0,0,0,0,0
3,0.2370333249812077,0,0,0,0,0,0,0,0,0,0,0,0,0,1,0
4,-0.5647707341518418,0,0,0,1,0,0,0,0,0,0,0,0,0,0,0
3,-0.7100977198697068,0,0,0,0,0,0,0,0,0,0,0,0,0,1,0
5,1.7130209638352965,1,0,0,0,1,0,0,0,0,0,0,0,0,0,0
3,-0.18157521089117176,0,0,0,0,0,0,0,0,0,0,0,0,0,1,0
6,0.4351457445919987,0,0,0,0,0,0,0,0,0,0,0,0,0,1,0
2,-0.6867117681449929,0,0,0,0,0,0,0,0,0,0,0,0,0,1,0
2,-0.4685542470558758,0,0,0,0,0,0,0,0,0,0,0,0,0,1,0
2,0.5911634510983046,1,0,0,0,0,0,0,0,0,0,0,0,0,1,0
4,0.7698989392800469,1,0,0,0,0,0,0,0,0,0,0,0,0,1,0
4,0.7281383112002006,0,0,0,0,0,0,0,0,0,0,0,0,0,1,0
6,0.9212394554414101,0,0,0,0,0,0,0,0,0,0,0,0,0,1,0
3,-0.8467384949469641,1,0,0,0,0,0,0,0,0,0,0,0,0,1,0
2,-0.3212227511901779,1,0,0,0,0,0,0,0,0,0,0,0,0,1,0
5,-0.20997243798546733,1,0,0,1,0,0,0,0,0,0,0,0,0,0,0
3,-0.7164453353378436,0,0,0,0,0,0,0,0,1,0,0,0,0,0,0
1,0.1568529190679028,0,0,0,0,0,0,0,0,0,0,0,0,0,1,0
5,0.5437233775995991,1,0,0,0,0,0,0,0,0,0,0,0,0,1,0
2,0.2500626409421198,1,0,0,0,0,0,0,0,0,0,0,0,0,1,0
3,6.941364737325637,1,0,0,0,0,0,0,0,0,0,0,0,1,0,0
3,0.4655474818341269,1,0,0,0,0,0,0,0,0,0,0,0,0,1,0
3,1.79353545477324,0,0,0,0,0,0,0,0,1,0,0,0,0,0,0
4,-0.4024054121773992,1,0,0,0,1,0,0,0,0,0,0,0,0,0,0
6,-0.7124363150421783,1,0,0,0,0,0,0,0,0,0,0,0,0,1,0
1,-0.23335838971018125,0,0,0,0,0,0,0,0,0,0,0,0,0,1,0
5,0.14382360310699074,0,0,0,0,0,0,0,0,0,0,0,0,0,1,0
6,-0.4822517330660654,0,0,0,0,0,0,0,0,0,0,0,0,0,1,0
3,-0.4167710682368663,0,0,0,0,0,0,0,0,0,0,0,0,0,1,0
5,-0.43013446922241716,0,0,0,0,0,0,0,0,0,0,0,0,0,1,0
1,-0.8798129123862024,1,0,0,0,0,0,0,0,0,0,0,0,0,1,0
4,1.4941952726969012,1,0,0,0,1,0,0,0,0,0,0,0,0,0,0
3,0.4561931011442413,0,0,0,0,0,0,0,0,0,0,0,0,0,1,0
3,-0.7822600851916813,0,0,0,0,0,0,0,0,0,0,0,0,0,1,0
2,-0.5006264094211977,0,0,0,0,0,0,0,0,0,0,0,0,0,1,0
2,0.7351540967176148,0,0,0,0,0,0,0,0,0,0,0,0,0,1,0
4,-0.1408168378852418,0,0,0,0,0,0,0,0,0,0,0,0,0,1,0
2,0.33993151256994897,0,0,0,0,0,0,0,0,0,0,0,0,0,1,0
5,2.611375595088951,0,0,0,0,0,1,0,0,0,0,0,0,0,0,0
1,0.14549402823018448,1,0,0,0,0,0,0,0,0,0,0,0,0,1,0
3,5.794203624822518,1,0,0,0,0,1,0,0,0,0,0,0,0,0,0
1,2.1987805896600685,0,0,0,0,1,0,0,0,0,0,0,0,0,0,0
3,0.6152175728722961,1,0,0,0,0,0,0,0,0,0,0,0,0,1,0
1,0.8143322475570033,0,0,0,0,0,0,0,0,0,0,0,0,0,0,0
5,-0.6382694395723713,1,0,0,0,0,0,0,0,0,0,0,0,0,1,0
2,0.5450597176981542,1,0,0,0,0,0,0,0,0,0,0,0,0,1,0
2,0.711434059968262,0,0,0,0,0,0,0,0,0,0,0,0,0,1,0
2,-0.2828029733567193,1,0,0,0,0,0,0,0,0,0,0,0,0,1,0
2,-0.6923912135638521,0,0,0,0,0,0,0,0,0,0,0,0,0,1,0
2,0.09838803975611796,0,0,0,0,0,0,0,0,0,0,0,0,0,1,0
3,-0.11275369581558507,0,0,0,0,0,0,0,0,0,0,0,0,0,1,0
3,-0.5246805311951892,1,0,0,0,0,0,0,0,0,0,0,0,0,1,0
5,-0.7946212311033158,1,0,0,0,0,0,0,0,0,0,0,0,0,1,0
2,0.15618474901862517,1,0,0,0,0,0,0,0,0,0,0,0,0,1,0
4,-0.11041510064311368,1,0,0,0,0,0,0,0,0,0,0,0,0,1,0
4,-0.0562933266516328,0,0,0,0,0,0,0,0,0,0,0,0,0,1,0
6,0.47657228764720627,0,1,0,0,0,0,0,0,0,0,0,0,0,0,0
5,-0.47089284222834715,1,0,0,0,0,0,0,0,0,0,0,0,0,1,0
3,0.034243715025473936,0,0,0,0,0,0,0,0,0,0,0,0,0,1,0
4,-0.6061972772070492,1,0,0,0,0,0,0,0,0,0,0,0,0,1,0
2,-0.4692224171051533,0,0,0,0,0,0,0,0,0,0,0,0,0,1,0
5,0.7675603441075755,0,0,0,0,0,0,0,0,0,0,0,0,0,1,0
2,0.18525014616219834,0,0,0,0,0,0,0,0,0,0,0,0,0,1,0
6,0.32055458114090035,0,0,0,0,0,0,0,0,0,0,0,0,0,1,0
4,-0.27946212311033153,0,0,0,0,0,0,0,0,0,0,0,0,0,1,0
2,-0.6583145410506974,1,0,0,0,0,0,0,0,0,0,0,0,0,1,0
3,-0.031571034828363834,1,0,0,0,0,0,0,0,0,0,0,0,0,1,0
2,0.5741251148417273,0,0,0,0,0,0,0,0,0,0,0,0,0,1,0
3,-0.3212227511901779,0,0,0,0,0,0,0,0,0,0,0,0,0,1,0
4,-0.21030652301010613,0,0,0,0,0,0,0,0,0,0,0,0,0,1,0
1,0.39004426626576455,1,0,0,0,0,0,0,0,0,0,0,0,0,1,0
3,0.4304685542470558,1,0,0,0,0,0,0,0,0,0,0,0,0,1,0
6,2.0063476154681372,1,1,0,0,0,0,0,0,0,0,0,0,0,0,0
4,0.20696567276371838,0,0,0,0,0,0,0,0,0,0,0,0,0,1,0
3,1.248976864612044,0,0,0,1,0,0,0,0,0,0,0,0,0,0,0
4,-0.5473983128706256,1,0,0,0,0,0,0,0,0,0,0,0,0,1,0
5,-0.45953395139062897,0,0,0,0,0,0,0,0,0,0,0,0,0,1,0
2,-0.23502881483337512,0,0,0,0,0,0,0,0,0,0,0,0,0,1,0
2,0.10907876054455862,1,0,0,0,0,0,0,0,0,0,0,0,0,1,0
4,1.5175812244216154,1,0,0,0,0,1,0,0,0,0,0,0,0,0,0
2,-0.7909462958322894,0,0,0,0,0,0,0,0,0,0,0,0,0,1,0
2,-0.23502881483337512,1,0,0,0,0,0,0,0,0,0,0,0,0,1,0
1,0.13079428714607866,0,0,0,0,0,0,0,0,0,0,0,0,0,1,0
2,-0.9112235864027395,1,0,0,0,0,0,0,0,0,0,0,0,0,1,0
2,0.53804393218074,0,0,0,0,0,0,0,0,0,0,0,0,0,1,0
2,-0.6720120270608871,0,0,0,0,1,0,0,0,0,0,0,0,0,0,0
2,0.8266933934686378,0,0,0,0,1,0,0,0,0,0,0,0,0,0,0
4,-0.49695147415017127,0,0,0,0,0,0,0,0,0,0,0,0,0,1,0
5,0.0696567276371837,1,0,0,0,0,0,0,0,0,0,0,0,0,1,0
2,-0.69840474400735,0,0,0,0,0,0,0,0,0,0,0,0,0,1,0
6,-0.45251816587321475,1,0,0,0,0,0,0,0,0,0,0,0,0,1,0
2,6.941364737325637,1,0,0,0,0,1,0,0,0,0,0,0,0,0,0
2,0.815000417606281,0,0,0,0,0,0,0,0,0,0,0,0,0,1,0
2,-0.9112235864027395,0,0,0,0,0,0,0,0,0,0,0,0,0,1,0
5,0.33625657729892255,0,0,0,0,0,0,0,0,0,0,0,0,0,1,0
2,-0.018207633842813053,1,0,0,0,0,0,0,0,0,0,0,0,0,1,0
6,-0.1889250814332248,1,0,0,0,0,0,0,0,0,0,0,0,0,1,0
6,0.5811409003591416,0,0,0,0,0,0,0,0,0,0,0,0,0,1,0
3,0.38703750104401574,0,0,0,0,0,0,0,0,0,0,0,0,0,1,0
3,-0.4294662991731396,0,0,0,0,0,0,0,0,0,0,0,0,0,1,0
3,0.7578718783930511,0,0,0,0,0,0,0,0,0,0,0,0,0,1,0
2,-0.7428380522843064,1,0,0,0,0,0,0,0,0,0,0,0,0,1,0
3,0.2811325482335254,1,0,0,0,0,0,0,0,0,0,0,0,0,1,0
4,-0.14482585818090707,1,0,0,0,0,0,0,0,0,0,0,0,0,1,0
5,0.06598179236615724,1,0,0,0,0,0,0,0,0,0,0,0,0,1,0
2,-0.532364486761881,1,0,0,0,0,0,0,0,0,0,0,0,0,1,0
6,0.07032489768646122,0,0,0,0,0,0,0,0,0,0,0,0,0,1,0
6,-0.18558423118683706,0,0,0,0,0,0,0,0,0,0,0,0,0,1,0
3,-0.7962916562265098,0,0,0,0,0,0,0,0,0,0,0,0,0,1,0
2,0.022216654138478217,1,0,0,0,0,0,0,0,0,0,0,0,0,1,0
2,-0.5223419360227178,0,0,0,0,1,0,0,0,0,0,0,0,0,0,0
4,1.007099306773574,0,0,0,0,0,0,0,0,0,0,0,0,0,1,0
5,-0.6683370917898607,1,0,0,0,0,0,0,0,0,0,0,0,0,1,0
2,1.3177983796876305,1,0,0,0,0,0,0,0,0,0,0,0,0,1,0
2,0.10941284556919732,1,0,0,0,0,0,0,0,0,0,0,0,0,1,0
2,1.2877307274701413,0,0,0,0,0,0,0,0,0,0,0,0,0,1,0
2,-0.35930844399899775,1,0,0,0,0,0,0,0,0,0,0,0,0,1,0
5,-0.9068737993819428,0,0,0,0,0,0,0,0,0,0,0,0,0,1,0
2,-0.27879395306105403,1,0,0,0,0,0,0,0,0,0,0,0,0,1,0
1,-0.8407249645034661,0,0,0,0,0,0,0,0,0,0,0,0,0,1,0
3,-0.1428213480330744,0,0,0,0,0,0,0,0,0,0,0,0,0,1,0
2,-0.10506974024889333,1,0,0,0,0,0,0,0,0,0,0,0,0,1,0
3,0.6850413430217992,0,0,0,0,0,0,0,0,0,0,0,0,0,1,0
3,-0.15985968428965172,0,0,0,0,1,0,0,0,0,0,0,0,0,0,0
2,0.8013029315960912,1,1,0,0,0,0,0,0,0,0,0,0,0,0,0
5,0.6178902530694061,1,0,0,0,0,0,0,0,0,0,0,0,0,1,0
3,-0.4508477407500209,0,0,0,0,0,0,0,0,0,0,0,0,0,1,0
2,0.530694061638687,1,0,0,0,0,0,0,0,0,0,0,0,0,1,0
3,0.2510648960160361,0,0,0,0,0,0,0,0,0,0,0,0,0,1,0
2,-0.3957237116846237,1,0,0,0,0,0,0,0,0,0,0,0,0,1,0
1,1.1186837050029232,0,0,0,0,0,0,0,0,0,0,0,0,0,1,0
1,1.3886244049110499,0,0,0,0,0,0,0,0,0,0,0,0,0,1,0
3,-0.8714607867702331,0,0,0,0,0,0,0,0,0,0,0,0,0,1,0
1,2.745343689969097,1,0,0,0,0,1,0,0,0,0,0,0,0,0,0
6,-0.022550739163117037,0,0,0,0,0,0,0,0,0,0,0,0,0,1,0
2,0.13981458281132558,0,0,0,0,0,0,0,0,0,0,0,0,0,1,0
2,-0.9112235864027395,0,0,0,0,0,0,0,0,0,0,0,0,0,1,0
3,0.7909462958322893,0,0,0,0,0,0,0,0,0,0,0,0,0,1,0
1,0.15818925916645785,0,0,0,0,0,0,0,0,0,0,0,0,0,1,0
6,0.5590912887329825,0,0,0,0,0,0,0,0,0,0,0,0,0,1,0
2,0.30585484005679453,1,0,0,0,0,0,0,0,0,0,0,0,0,1,0
2,-0.4161028981875888,1,0,0,0,0,0,0,0,0,0,0,0,0,1,0
3,0.31153428547565365,1,0,0,0,0,0,0,0,0,0,0,0,0,1,0
3,-0.7428380522843064,1,0,0,0,0,0,0,0,0,0,0,0,0,1,0
2,0.7555332832205798,0,0,0,0,0,0,0,0,0,0,0,0,0,1,0
2,-0.32990896183078594,0,0,0,0,0,0,0,0,0,0,0,0,0,1,0
4,0.3967259667585401,0,0,0,0,0,0,0,0,0,0,0,0,0,1,0
2,0.531028146663326,0,0,0,0,0,0,0,0,0,0,0,0,0,1,0
2,-0.35630167877724883,1,0,0,0,0,0,0,0,0,0,0,0,0,1,0
2,-0.2784598680364153,1,0,0,0,0,0,0,0,1,0,0,0,0,0,0
5,-0.20262256744341442,1,0,0,0,0,0,0,0,0,0,0,0,0,1,0
2,-0.009521423202204967,1,0,0,0,0,0,0,0,0,0,0,0,0,1,0
1,-0.794287146078677,1,0,0,0,0,0,0,0,0,0,0,0,0,1,0
3,-0.6663325816420279,1,0,0,0,0,0,0,0,0,0,0,0,0,1,0
2,6.916395222584148,0,0,0,0,0,1,0,0,0,0,0,0,0,0,0
2,0.8099891422366993,0,0,0,1,0,0,0,0,0,0,0,0,0,0,0
3,0.8266933934686378,0,0,0,0,0,0,0,0,0,0,0,0,0,1,0
2,0.42612544892675197,1,0,0,0,0,0,0,0,0,0,0,0,0,1,0
3,-0.059300091873381734,1,0,0,0,0,0,0,0,0,0,0,0,0,1,0
4,-0.2507308109913973,0,0,0,0,0,0,0,0,0,0,0,0,0,1,0
3,6.941364737325637,0,0,0,0,0,1,0,0,0,0,0,0,0,0,0
5,-0.5320304017372421,0,0,0,0,0,0,0,0,0,0,0,0,0,1,0
4,0.5387121022300175,1,0,0,0,0,0,0,0,0,0,0,0,0,1,0
3,-0.8276956485425541,0,0,0,0,0,0,0,0,0,0,0,0,0,1,0
5,1.2162365321974444,1,0,0,0,0,0,0,0,0,0,0,0,0,1,0
2,1.018458197611292,0,0,0,0,0,0,0,0,0,0,0,0,0,1,0
3,0.9626659984966174,1,0,0,0,0,0,0,0,0,0,0,0,0,1,0
3,0.32556585651048187,1,0,0,0,1,0,0,0,0,0,0,0,0,0,0
6,0.8748016370166208,0,0,0,0,0,0,0,0,0,0,0,0,0,1,0
3,-0.8641109162281803,0,0,0,0,0,0,0,0,0,0,0,0,0,1,0
2,-0.551073248141652,0,0,0,0,0,0,0,0,0,0,0,0,0,1,0
5,0.06464545226760207,0,0,0,0,0,0,0,0,0,0,0,0,0,1,0
3,0.3486177232105572,1,0,0,0,0,0,0,0,0,0,0,0,0,1,0
4,0.6335922492274285,0,0,0,0,0,0,0,0,0,0,0,0,0,1,0
4,2.776079512235864,0,0,0,0,0,1,0,0,0,0,0,0,0,0,0
1,0.08168378852417942,1,0,0,0,1,0,0,0,0,0,0,0,0,0,0
2,-0.2590829366073666,1,0,0,0,0,0,0,0,0,0,0,0,0,1,0
2,6.941364737325637,1,0,0,0,0,1,0,0,0,0,0,0,0,0,0
4,0.6262423786853754,1,0,0,0,0,0,0,0,0,0,0,0,0,1,0
2,-0.17890253069406167,1,0,0,0,0,0,0,0,0,0,0,0,0,1,0
1,-0.7004092541551825,0,0,0,0,0,0,0,0,0,0,0,0,0,1,0
2,0.3536289985801387,0,0,0,0,0,1,0,0,0,0,0,0,0,0,0
2,0.13547147749102148,0,0,0,0,0,0,0,0,0,0,0,0,0,1,0
3,-0.8707926167209556,1,0,0,0,0,0,0,0,0,0,0,0,0,1,0
2,-0.4358139146412762,0,0,0,0,0,0,0,0,0,0,0,0,0,1,0
4,0.8537542804643783,0,0,0,0,0,0,0,0,0,0,0,0,0,1,0
3,-0.30017539463793536,0,0,0,0,0,0,0,0,0,0,0,0,0,1,0
3,-0.34561095798880814,1,0,0,0,0,0,0,0,0,0,0,0,0,1,0
2,-0.44450012528188426,0,0,0,0,0,0,0,0,0,0,0,0,0,1,0
2,0.2590829366073667,0,0,0,0,0,0,0,0,0,0,0,0,0,1,0
2,4.353628998580139,0,0,0,0,0,0,0,0,0,0,0,0,0,0,0
1,-0.9092123945544142,0,0,0,0,0,0,0,0,0,0,0,0,0,1,0
4,0.42311868370500294,0,0,0,0,0,0,0,0,0,0,0,0,0,1,0
3,0.6382694395723711,0,0,0,0,0,0,0,0,0,0,0,0,0,1,0
4,0.13279879729391136,1,0,0,0,0,0,0,0,0,0,0,0,0,1,0
4,-0.5022968345443916,1,0,0,0,0,0,0,0,0,0,0,0,0,1,0
4,0.4655474818341269,1,0,0,0,0,0,0,0,0,0,0,0,0,1,0
2,-0.3242295164119268,1,0,0,0,0,0,0,0,0,0,0,0,0,1,0
3,0.571786519669256,1,0,0,0,0,0,0,0,0,0,0,0,0,1,0
4,6.941364737325637,0,0,0,0,0,0,0,0,0,1,0,0,0,0,0
3,1.3528773072747016,1,0,0,0,0,0,0,0,0,0,0,0,0,1,0
2,-0.2233358389710181,0,0,0,0,1,0,0,0,0,0,0,0,0,0,0
3,6.941364737325637,0,0,0,0,0,1,0,0,0,0,0,0,0,0,0
3,-0.8661154263760128,0,0,0,0,0,0,0,0,0,0,0,0,0,1,0
5,0.19260001670425128,1,0,0,0,0,0,0,0,0,0,0,0,0,1,0
3,0.5213396809488015,1,0,0,0,0,0,0,0,0,0,0,0,0,1,0
5,0.2784598680364153,1,0,0,0,0,1,0,0,0,0,0,0,0,0,0
2,-0.6182243380940451,0,0,0,0,0,0,0,0,0,0,0,0,0,1,0
6,0.4090871126701745,1,0,0,0,0,0,0,0,0,0,0,0,0,1,0
5,0.3887079261672095,1,0,0,0,0,0,0,0,0,0,0,0,0,1,0
4,-0.7992984214482587,0,0,0,0,0,0,0,0,0,0,0,0,0,1,0
2,-0.013530443497870246,0,0,0,0,0,0,0,0,0,0,0,0,0,1,0
4,-0.6192265931679614,0,0,0,0,0,0,0,0,0,0,0,0,0,1,0
3,-0.1959408669506389,0,0,0,0,0,0,0,0,0,0,0,0,0,1,0
2,-0.3786853754280465,1,0,0,0,0,0,0,0,0,0,0,0,0,1,0
3,0.04593669088783096,0,0,0,0,0,0,0,0,0,0,0,0,0,1,0
6,0.10072663492858935,0,0,0,0,0,0,0,0,0,0,0,0,0,1,0
2,0.36398563434394066,1,0,0,0,0,0,0,0,0,0,0,0,0,1,0
2,1.2105570867785853,0,0,0,0,0,0,0,0,0,0,0,0,0,1,0
2,-0.40374175227595427,0,0,0,0,0,0,0,0,0,0,0,0,0,1,0
2,0.815000417606281,0,0,0,0,0,0,0,0,0,0,0,0,0,1,0
3,-0.21297920320721625,0,0,0,0,0,0,0,0,0,0,0,0,0,1,0
2,0.37066733483671593,0,0,0,0,0,0,0,0,0,0,0,0,0,1,0
4,0.5253487012444668,1,0,0,0,0,0,0,0,0,0,0,0,0,1,0
2,-0.200283972270943,0,0,0,0,0,0,0,0,0,0,0,0,0,1,0
4,0.4655474818341269,1,0,0,0,0,0,0,0,0,0,0,0,0,1,0
2,-0.6041927670592167,1,0,0,0,0,0,0,0,0,0,0,0,0,1,0
2,-0.4909379437066734,1,0,0,0,0,0,0,0,0,0,0,0,0,1,0
4,0.5390461872546563,1,0,0,0,0,0,0,0,0,0,0,0,0,1,0
4,-0.9098805646036917,0,0,0,0,0,0,0,0,0,0,0,0,0,1,0
4,0.36599014449177314,1,0,0,0,0,0,0,0,0,0,0,0,0,1,0
3,1.124697235446421,0,0,0,0,0,0,0,0,0,0,0,0,0,1,0
2,-0.6335922492274284,1,0,0,0,0,0,0,0,0,0,0,0,0,1,0
5,-0.059300091873381734,1,0,0,0,0,0,0,0,0,0,0,0,0,1,0
3,-0.857095130710766,0,0,0,0,1,0,0,0,0,0,0,0,0,0,0
3,-0.533700826860436,0,0,0,0,0,0,0,0,0,0,0,0,0,1,0
3,-0.26142153177983796,1,0,0,0,0,0,0,0,0,0,0,0,0,1,0
2,0.800300676522175,0,0,0,0,0,0,0,0,0,0,0,0,0,1,0
3,0.5473983128706256,0,0,0,0,0,0,0,0,0,0,0,0,0,1,0
2,0.2694395723711684,0,0,0,0,0,0,0,0,0,0,0,0,0,1,0
6,-0.3830284807483505,0,0,0,0,0,0,0,0,0,0,0,0,0,1,0
4,0.04359809571535955,1,0,0,0,0,1,0,0,0,0,0,0,0,0,0
3,0.6957320638102399,1,0,0,0,0,0,0,0,0,0,0,0,0,1,0
3,-0.3499540633091123,1,0,0,0,0,0,0,0,0,0,0,0,0,1,0
3,-0.460870291489184,0,0,0,0,0,0,0,0,0,0,0,0,0,1,0
3,-0.0539547314791614,0,0,0,0,0,0,0,0,0,0,0,0,0,1,0
3,-0.08068153345026308,0,0,0,0,0,0,0,0,0,0,0,0,0,1,0
1,-0.7745761296249896,1,0,0,0,0,0,0,0,0,0,0,0,0,1,0
4,0.10974693059383614,0,0,0,0,0,0,0,0,0,0,0,0,0,1,0
3,-0.9112235864027395,1,0,0,0,0,0,0,0,0,0,0,0,0,1,0
1,-0.034911885074751584,1,0,0,0,0,0,0,0,0,0,0,0,0,1,0
1,0.14482585818090707,0,0,0,0,0,0,0,0,0,0,0,0,0,1,0
5,-0.7488515827278043,0,0,0,0,0,0,0,0,0,0,0,0,0,1,0
5,-0.6887162782928257,0,0,0,0,1,0,0,0,0,0,0,0,0,0,0
2,0.44717280547899435,0,0,0,0,0,0,0,0,0,0,0,0,0,1,0
6,0.051282051282051294,0,0,0,0,0,1,0,0,0,0,0,0,0,0,0
2,0.9325983462791281,0,0,0,0,0,0,0,0,0,0,0,0,0,1,0
5,-0.21665413847824272,0,0,0,0,0,0,0,0,0,0,0,0,0,1,0
1,-0.26142153177983796,0,0,0,0,0,0,0,0,0,0,0,0,0,1,0
6,0.11976948133299929,0,0,0,0,0,0,0,0,0,0,0,0,0,1,0
2,0.13046020212143997,0,0,0,0,0,0,0,0,0,0,0,0,0,1,0
4,-0.23603106990729147,0,0,0,0,0,0,0,0,0,0,0,0,0,1,0
4,-0.5995155767142738,1,0,0,0,0,0,0,0,0,0,0,0,0,1,0
6,-0.8069823770149505,1,0,0,0,0,0,0,0,0,0,0,0,0,1,0
3,1.2686878810657312,0,0,0,1,0,0,0,0,0,0,0,0,0,0,0
5,0.520671510899524,0,0,0,0,0,0,0,0,0,0,0,0,0,1,0
2,-0.12043765138227681,0,0,0,0,0,0,0,0,0,0,0,0,0,1,0
5,-0.86143823603107,0,0,0,0,0,0,0,0,0,0,0,0,0,1,0
3,0.878810657312286,0,0,0,0,0,0,0,0,0,0,0,1,0,0,0
4,-0.04092541551824944,1,0,0,1,0,0,0,0,0,0,0,0,0,0,0
3,-0.5116512152342771,1,0,0,0,0,0,0,0,0,0,0,0,0,1,0
3,-0.5039672596675855,1,0,0,0,0,0,0,0,0,0,0,0,0,1,0
2,-0.16086193936356807,1,0,0,0,0,0,0,0,0,0,0,0,0,1,0
3,-0.2093042679361898,1,0,0,0,0,0,0,0,0,0,0,0,0,1,0
1,-0.5099807901110833,0,0,0,0,0,0,0,0,0,0,0,0,0,1,0
3,1.0391714691388958,1,0,0,0,0,0,0,0,0,0,0,0,0,1,0
2,0.5504050780923746,1,0,0,0,0,0,0,0,0,0,0,0,0,1,0
2,-0.16487095965923323,0,0,0,0,0,0,0,0,0,0,0,0,0,1,0
4,-0.06598179236615724,1,0,0,0,0,0,0,0,0,0,0,0,0,1,0
2,0.6613213062724465,1,0,0,0,0,0,0,0,0,0,0,0,0,1,0
4,0.9386118767226259,1,0,0,0,0,0,0,0,0,0,0,0,0,1,0
2,0.023218909212394567,1,0,0,0,1,0,0,0,0,0,0,0,0,0,0
4,0.08736323394303847,0,0,0,0,0,0,0,0,0,0,0,0,0,1,0
3,1.6592332748684544,1,0,0,0,0,0,0,0,0,0,0,0,0,1,0
4,3.48634427461789,1,0,0,0,0,0,0,0,0,0,0,0,0,0,0
2,0.120103566357638,0,0,0,0,0,0,0,0,0,0,0,0,0,1,0
2,1.5830618892508146,1,0,0,0,0,0,0,0,0,0,0,0,0,1,0
3,0.5200033408502464,0,0,0,0,0,0,0,0,0,0,0,0,0,1,0
1,0.34561095798880814,0,0,0,0,0,0,0,0,0,0,0,0,0,1,0
6,0.3810239706005179,0,0,0,0,0,0,0,0,0,0,0,0,0,1,0
2,0.4177733233107827,1,0,0,0,0,0,0,0,0,0,0,0,0,1,0
2,0.626910548734653,0,0,0,0,1,0,0,0,0,0,0,0,0,0,0
2,-0.14148500793451932,0,0,0,0,1,0,0,0,0,0,0,0,0,0,0
3,-0.5507391631170133,1,0,0,0,0,0,0,0,0,0,0,0,0,1,0
2,2.4055792199114676,0,1,0,0,0,0,0,0,0,0,0,0,0,0,0
2,-0.5500709930677358,1,0,0,0,0,0,0,0,0,0,0,0,0,1,0
2,-0.581809070408419,1,0,0,0,0,0,0,0,0,0,0,0,0,1,0
2,-0.1869205712853921,0,0,0,0,0,0,0,0,0,0,0,0,0,1,0
4,-0.39204877641359726,0,0,0,0,0,0,0,0,0,0,0,0,0,1,0
3,-0.8043096968178401,0,0,0,0,0,0,0,0,0,0,0,0,0,1,0
3,0.03825273532113922,1,0,0,0,0,0,0,0,0,0,0,0,0,1,0
4,-0.27044182744508477,0,0,0,0,1,0,0,0,0,0,0,0,0,0,0
2,-0.6933934686377683,0,0,0,0,0,0,0,0,0,0,0,0,0,1,0
2,-0.8160026726801972,0,0,0,0,0,0,0,0,0,0,0,0,0,1,0
1,0.8270274784932767,1,0,0,0,0,0,0,0,0,0,0,0,0,1,0
3,-0.9112235864027395,0,0,0,0,0,0,0,0,0,0,0,0,0,1,0
3,0.498955984298004,0,0,0,0,0,0,0,0,0,0,0,0,0,1,0
5,-0.48459032823853676,0,0,0,0,0,0,0,0,0,0,0,0,0,1,0
2,0.49962415434728136,1,0,0,0,0,0,0,0,0,0,0,0,0,1,0
3,0.3138728806481251,0,0,0,0,0,0,0,0,0,0,0,0,0,1,0
1,0.1665413847824271,1,0,0,0,0,0,0,0,0,0,0,0,0,1,0
4,0.014866783596425301,1,0,0,0,0,0,0,0,0,0,0,0,0,1,0
2,0.46053620646454513,0,0,0,0,0,0,0,0,0,0,0,0,0,1,0
4,-0.5026309195690304,1,0,0,0,0,0,0,0,0,0,0,0,0,1,0
3,2.568278626910549,0,0,0,0,0,0,0,1,0,0,0,0,0,0,0
4,-0.5844817506055291,1,0,0,0,0,0,0,0,0,0,0,0,0,1,0
4,-0.17021632005345358,0,0,0,0,0,0,0,0,0,0,0,0,0,1,0
4,-0.3963918817339013,0,0,0,0,0,0,0,0,0,0,0,0,0,1,0
4,-0.289150588824856,1,0,0,0,0,1,0,0,0,0,0,0,0,0,0
3,-0.9112235864027395,1,0,0,0,0,0,0,0,0,0,0,0,0,1,0
6,-0.8343773490353296,0,0,0,0,0,0,0,0,0,0,0,0,0,1,0
1,-0.06932264261254488,0,0,0,0,0,0,0,0,0,0,0,0,0,1,0
6,-0.3355884072496451,1,0,0,0,0,0,0,0,0,0,0,0,0,1,0
4,-0.28547565355382953,1,0,0,0,0,0,0,0,0,0,0,0,0,1,0
3,0.24004009020295675,1,0,0,0,0,0,0,0,0,0,0,0,0,1,0
3,-0.06197277207049196,0,0,0,0,0,0,0,0,0,0,0,0,0,1,0
4,-0.059300091873381734,1,0,0,0,0,0,0,0,0,0,0,0,0,1,0
3,0.20830201286227346,1,0,0,0,0,0,0,0,0,0,0,0,0,1,0
2,-0.6987388290319887,0,0,0,0,0,0,0,0,0,0,0,0,0,1,0
1,-0.35830618892508154,0,0,0,0,0,0,0,0,0,0,0,0,0,1,0
2,0.4702246721790697,0,0,0,0,0,0,0,0,0,0,0,0,0,1,0
2,0.424455023803558,0,0,0,0,1,0,0,0,0,0,0,0,0,0,0
2,1.225256827862691,0,0,0,0,0,0,0,0,0,0,0,0,0,0,0
2,-0.6726801971101646,1,0,0,0,0,1,0,0,0,0,0,0,0,0,0
4,-0.22032907374926916,1,0,0,0,0,0,0,0,0,0,0,0,0,1,0
3,-0.5550822684373174,0,0,0,0,0,0,0,0,0,0,0,0,0,1,0
2,0.10807650547064226,0,0,0,0,0,0,0,0,0,0,0,0,0,1,0
6,0.4588657813413514,1,0,0,0,0,0,0,0,0,0,0,0,0,1,0
2,0.3512904034076673,0,0,0,0,0,0,0,0,0,0,0,0,0,1,0
2,0.667668921740583,1,0,0,0,0,0,0,0,0,0,0,0,0,1,0
4,-0.4364820846905538,0,0,0,0,0,0,0,0,0,0,0,0,0,1,0
4,0.0018374676355132288,1,1,0,0,0,0,0,0,0,0,0,0,0,0,0
4,-0.5183329157270526,0,0,0,0,0,0,0,0,0,0,0,0,0,1,0
5,0.248392215818926,0,0,0,0,0,0,0,0,0,0,0,0,0,1,0
3,1.124697235446421,1,0,0,0,0,0,0,0,0,0,0,0,0,1,0
1,-0.6038586820345778,0,0,0,0,0,0,0,0,0,0,0,0,0,1,0
4,-0.6536373507057546,0,0,0,0,0,0,0,0,0,0,0,0,0,1,0
4,0.37768312035413015,0,0,0,0,0,0,0,0,0,0,0,0,0,1,0
2,0.40073498705420524,0,0,0,0,0,0,0,0,0,0,0,0,0,1,0
2,-0.29817088449010276,1,0,0,0,0,0,0,0,0,0,0,0,0,1,0
3,-0.24304685542470555,0,0,0,0,0,0,0,0,0,0,0,0,0,1,0
3,-0.016203123694980354,0,0,0,0,0,0,0,0,0,0,0,0,0,1,0
1,-0.3609788691221916,0,0,0,0,0,0,0,0,0,0,0,0,0,1,0
2,-0.9112235864027395,0,0,0,0,0,0,0,0,0,0,0,0,0,1,0
3,0.3973941368078177,1,0,0,0,0,0,0,0,0,0,0,0,0,1,0
1,1.360895347866032,0,0,0,0,0,0,0,0,0,0,0,0,0,1,0
3,0.02488933433558844,0,0,0,0,0,0,0,0,0,0,0,0,0,1,0
6,0.6720120270608871,1,0,0,0,0,0,0,0,0,0,0,0,0,1,0
3,-0.0993902948300343,1,0,0,0,0,0,0,0,0,0,0,0,0,1,0
4,-0.7024137643030152,0,0,0,0,0,0,0,0,0,0,0,0,0,1,0
5,-0.3128706255742086,1,0,0,0,0,0,0,0,0,0,0,0,0,1,0
3,-0.32022049611626163,1,0,0,0,0,0,0,0,0,0,0,0,0,1,0
2,-0.1471644533533785,0,0,0,0,0,0,0,0,0,0,0,0,0,1,0
2,1.0675686962331914,1,0,0,0,1,0,0,0,0,0,0,0,0,0,0
5,-0.11041510064311368,0,0,0,0,0,0,0,0,0,0,0,0,0,1,0
2,0.40541217739914803,0,0,0,0,0,0,0,0,0,0,0,0,0,1,0
2,0.06230685709513066,1,0,0,1,0,0,0,0,0,0,0,0,0,0,0
1,-0.47857679779503887,1,0,0,0,0,0,0,0,0,0,0,0,0,1,0
3,0.10005846487931183,0,0,0,0,0,0,0,0,0,0,0,0,0,1,0
2,6.941364737325637,0,0,0,0,0,0,0,0,0,0,0,1,0,0,0
2,-0.6960661488348786,0,0,0,0,0,0,0,0,0,0,0,0,0,1,0
5,1.4778251064896017,1,0,0,0,0,0,0,0,0,0,0,0,0,1,0
1,-0.3148751357220413,0,0,0,0,0,0,0,0,0,0,0,0,0,1,0
2,-0.7916144658815669,0,0,0,0,0,0,0,0,0,0,0,0,0,1,0
4,-0.6145494028230185,0,0,0,0,0,0,0,0,0,0,0,0,0,1,0
2,-0.049945711183496236,1,0,0,0,0,0,0,0,0,0,0,0,0,1,0
3,-0.4191096634093377,1,1,0,0,0,0,0,0,0,0,0,0,0,0,0
3,0.14315543305771308,0,0,0,0,0,0,0,0,0,0,0,0,0,1,0
1,0.036916395222584164,1,0,0,0,0,0,0,0,0,0,0,0,0,1,0
4,0.5039672596675855,0,0,0,0,0,0,0,0,0,0,0,0,0,1,0
2,0.8945126534703082,0,0,0,0,0,0,0,0,0,0,0,0,0,1,0
5,0.7485174977031656,0,0,0,0,0,0,0,0,0,0,0,0,0,1,0
3,-0.08736323394303847,1,0,0,0,0,0,0,0,0,0,0,0,0,1,0
5,2.1015618474901863,0,0,0,0,0,0,0,0,0,0,0,0,0,1,0
1,0.4779086277457613,0,0,0,0,0,0,0,0,0,0,0,0,0,1,0
2,-0.6132130627244634,1,0,0,0,0,0,0,0,0,0,0,0,0,1,0
3,0.5156602355299424,1,0,0,0,0,0,0,0,0,0,0,0,0,1,0
3,-0.06664996241543476,0,0,0,0,0,0,0,0,0,0,0,0,0,1,0
1,2.233525432222501,1,0,0,0,0,1,0,0,0,0,0,0,0,0,0
2,-0.9088783095297753,1,0,0,0,0,0,0,0,0,0,0,0,0,1,0
3,-0.6877140232189093,1,0,0,0,0,0,0,0,0,0,0,0,0,1,0
1,-0.7588741334669674,0,0,0,0,0,0,0,0,0,0,0,0,0,1,0
2,1.215568362148167,1,0,0,0,0,0,0,0,0,0,0,0,0,1,0
0,0.1591915142403742,0,0,0,0,1,0,0,0,0,0,0,0,0,0,0
4,-0.7668921740582978,0,0,0,0,0,0,0,0,0,0,0,0,0,1,0
3,0.9863860352459701,0,0,0,0,0,0,0,0,0,0,0,0,0,1,0
2,0.8160026726801971,0,0,0,0,0,0,0,0,0,0,0,0,0,1,0
2,-0.7338177566190596,0,0,0,0,0,0,0,0,0,0,0,0,0,1,0
4,0.9723544642111417,0,0,0,0,0,0,0,0,0,0,0,0,0,1,0
3,-0.8049778668671177,0,0,0,0,0,0,0,0,0,0,0,0,0,1,0
2,0.08268604359809577,0,0,0,0,0,0,0,0,0,0,0,0,0,1,0
3,0.6102062975027145,0,0,0,0,0,0,0,0,0,0,0,0,0,1,0
1,0.9533116178067318,0,0,0,0,0,0,0,0,0,0,0,0,0,1,0
2,0.14215317798379698,1,0,0,0,0,0,0,0,0,0,0,0,0,1,0
4,-0.06798630251398982,1,0,0,0,0,0,0,0,0,0,0,0,0,1,0
6,-0.7946212311033158,1,0,0,0,0,0,0,0,0,0,0,0,0,1,0
4,-0.1341351373924664,1,0,0,0,0,0,0,0,0,0,0,0,0,1,0
1,0.17222083020128628,1,0,0,0,0,0,0,0,0,0,0,0,0,1,0
1,-0.841059049528105,1,0,0,0,0,0,0,0,0,0,0,0,0,1,0
5,1.0515326150505304,1,0,0,0,1,0,0,0,0,0,0,0,0,0,0
2,-0.11409003591414013,0,0,0,0,0,0,0,0,0,0,0,0,0,1,0
5,1.2850580472730313,1,1,0,0,0,0,0,0,0,0,0,0,0,0,0
5,0.3148751357220412,1,0,0,0,0,0,0,0,0,0,0,0,0,1,0
6,0.038920905370416745,1,0,0,0,0,0,0,0,0,0,0,0,0,1,0
2,-0.5661070742503967,0,0,0,0,0,0,0,0,0,0,0,0,0,1,0
2,-0.5290236365154932,1,0,0,0,0,0,0,0,0,0,0,0,0,1,0
3,6.941364737325637,0,0,0,0,0,1,0,0,0,0,0,0,0,0,0
4,0.15284389877223764,1,0,0,0,0,0,0,0,0,0,0,0,0,1,0
3,-0.3402655975945878,0,0,0,1,0,0,0,0,0,0,0,0,0,0,0
3,0.8407249645034661,0,0,0,0,0,0,0,0,0,0,0,0,0,1,0
2,0.9890587154430802,1,0,0,0,0,0,0,0,0,0,0,0,0,1,0
2,-0.4451682953311618,0,0,0,0,0,0,0,0,0,0,0,0,0,1,0
2,-0.3422701077424205,0,0,0,0,0,0,0,0,0,0,0,0,0,1,0
3,-0.8697903616470393,1,0,0,0,0,0,0,0,0,0,0,0,0,1,0
2,0.20095214232022054,1,0,0,0,0,0,0,0,0,0,0,0,0,1,0
2,-0.021548484089200688,0,0,0,0,0,0,0,0,0,0,0,0,0,1,0
3,-0.4698905871544308,0,0,0,0,0,0,0,0,0,0,0,0,0,1,0
4,-0.9112235864027395,0,0,0,0,0,0,0,0,0,0,0,0,0,1,0
2,-0.22834711434059973,0,0,0,0,0,0,0,0,0,0,0,0,0,1,0
2,0.3512904034076673,1,0,0,0,0,0,0,0,0,0,0,0,0,1,0
2,1.6261588574292158,1,0,0,0,0,0,0,0,0,0,0,0,0,1,0
2,-0.5266850413430219,1,0,0,0,0,0,0,0,0,0,0,0,0,1,0
1,-0.7384949469640024,0,0,0,0,0,0,0,0,0,0,0,0,0,1,0
1,0.2801302931596091,1,0,0,0,0,0,0,0,0,0,0,0,0,1,0
2,-0.505971769815418,0,0,0,0,0,0,0,0,0,0,0,0,0,1,0
6,0.7555332832205798,0,0,0,0,0,0,0,0,0,0,0,0,0,1,0
2,2.676188089868872,1,0,0,0,0,1,0,0,0,0,0,0,0,0,0
4,-0.3432723628163367,1,0,0,0,0,0,0,0,0,0,0,0,0,1,0
1,-0.5283554664662157,0,0,0,0,0,0,0,0,0,0,0,0,0,1,0
1,-0.20162031236949807,0,0,0,0,0,0,0,0,0,0,0,0,0,1,0
4,-0.548400567944542,1,0,0,0,0,0,0,0,0,0,0,0,0,1,0
3,3.0223001753946384,1,0,0,0,0,0,0,1,0,0,0,0,0,0,0
3,5.106990729140567,1,0,0,1,0,0,0,0,0,0,0,0,0,0,0
4,-0.1408168378852418,0,0,0,0,0,0,0,0,0,0,0,0,0,1,0
2,1.5192516495448092,0,0,0,0,1,0,0,0,0,0,0,0,0,0,0
2,-0.37100141986135476,0,0,0,0,0,0,0,0,0,0,0,0,0,1,0
2,-0.11943539630836046,1,0,0,0,0,0,0,0,0,0,0,0,0,1,0
3,6.941364737325637,1,0,0,0,0,0,0,0,0,0,0,1,0,0,0
1,-0.049277541134218714,1,0,0,0,0,0,0,0,0,0,0,0,0,1,0
2,0.23803558005512404,0,0,0,0,0,0,0,0,1,0,0,0,0,0,0
5,0.10339931512569946,0,0,0,0,0,0,0,0,0,0,0,0,0,1,0
5,-0.7866031905119855,0,0,0,0,0,0,0,0,0,0,0,0,0,1,0
2,0.5433892925749604,1,0,0,0,0,0,0,0,0,0,0,0,0,1,0
4,-0.07533617305604273,1,0,0,0,0,0,0,0,0,0,0,0,0,1,0
3,-0.6977365739580723,0,0,0,0,0,0,0,0,0,0,0,0,0,1,0
5,1.7858514992065482,0,0,0,0,0,0,0,0,0,0,0,0,0,1,0
5,0.2691054873465297,1,0,0,0,0,0,0,0,0,0,0,0,0,1,0
5,2.0317380773406835,1,0,0,0,0,0,0,0,0,0,0,0,0,0,0
2,0.0880314039923161,1,0,0,0,0,0,0,0,0,0,0,0,0,1,0
2,-0.22199949887246304,1,0,0,0,0,0,0,0,0,0,0,0,0,1,0
3,-0.6092040424287981,1,0,0,0,0,0,0,0,0,0,0,0,0,1,0
2,-0.7662240040090204,0,0,0,0,0,0,0,0,0,0,0,0,0,1,0
2,1.1400651465798046,0,0,0,0,0,0,0,0,0,0,0,0,0,1,0
2,-0.021214399064561986,0,0,0,0,0,0,0,0,0,0,0,0,0,1,0
2,0.6078677023302431,0,0,0,0,0,0,0,0,0,0,0,0,0,1,0
5,0.6763551323811909,1,0,0,0,0,0,0,0,0,0,0,0,0,1,0
2,-0.25574208636097895,0,0,0,0,0,0,0,0,0,0,0,0,0,1,0
1,1.0475235947548651,0,0,0,0,0,0,0,0,0,0,0,0,0,1,0
5,0.45118182577465976,1,0,0,0,0,0,0,0,0,0,0,0,0,1,0
4,0.9025306940616388,0,0,0,0,0,0,0,0,0,0,0,0,0,1,0
5,-0.4044099223252318,0,0,0,0,0,0,0,0,0,0,0,0,0,1,0
4,0.0813497034995406,0,0,0,0,0,0,0,0,0,0,0,0,0,1,0
4,-0.8590996408585986,1,0,0,0,0,0,0,0,0,0,0,0,0,1,0
4,0.5694479244967845,1,0,0,0,0,0,0,0,0,0,0,0,0,1,0
4,-0.8748016370166207,1,0,0,0,0,0,0,0,0,0,0,0,0,1,0
2,0.9499707675603443,0,0,0,0,0,0,0,0,0,0,0,0,0,1,0
4,4.69038670341602,1,0,0,0,0,1,0,0,0,0,0,0,0,0,0
5,-0.5330326568111585,0,0,0,0,0,0,0,0,0,0,0,0,0,0,0
3,1.0675686962331914,1,0,0,0,0,0,0,0,0,0,0,0,0,1,0
5,-0.6649962415434729,0,0,0,0,0,0,0,0,0,0,0,0,0,1,0
3,0.3800217155266016,0,0,0,0,0,0,0,0,0,0,0,0,0,1,0
3,-0.3258999415351207,1,0,0,0,0,0,0,0,0,0,0,0,0,1,0
4,4.309529775327822,1,0,0,0,0,0,0,0,0,0,0,1,0,0,0
3,0.4749018625240125,0,0,0,0,0,0,0,0,0,0,0,0,0,1,0
3,-0.17856844566942284,0,0,0,0,0,0,0,0,0,0,0,0,0,1,0
5,-0.17589576547231273,1,0,0,0,0,0,0,0,0,0,0,0,0,1,0
6,1.3649043681616975,0,0,0,0,0,0,0,0,0,0,0,0,0,1,0
6,-0.8988557587906123,1,0,0,0,0,0,0,0,0,0,0,0,0,1,0
2,0.3315793869539797,0,0,0,0,0,0,0,0,0,0,0,0,0,1,0
2,2.437985467301428,0,0,0,0,0,0,0,1,0,0,0,0,0,0,0
4,0.05762966675018798,0,0,0,0,0,0,0,0,0,0,0,0,0,1,0
3,-0.5213396809488016,0,0,0,0,0,0,0,0,0,0,0,0,0,1,0
3,-0.38536707592082187,1,0,0,0,0,0,0,0,0,0,0,0,0,1,0
6,1.1634510983045188,1,0,0,0,0,0,0,0,0,0,0,0,0,1,0
4,0.7384949469640023,0,0,0,0,0,0,0,0,0,0,0,0,0,1,0
4,6.941364737325637,1,0,0,0,0,0,0,0,0,0,0,0,0,0,1
4,-0.6412762047941202,1,0,0,0,0,0,0,0,0,0,0,0,0,1,0
3,0.10807650547064226,1,0,0,0,0,0,0,0,0,0,0,0,0,1,0
5,-0.6499624154347281,0,0,0,0,0,0,0,0,0,0,0,0,0,1,0
3,0.020880314039923163,1,0,0,0,0,0,0,0,0,0,0,0,0,1,0
5,-0.02455524931094962,0,0,0,0,0,0,0,0,0,0,0,0,0,1,0
2,2.008352125615969,0,0,1,0,0,0,0,0,0,0,0,0,0,0,0
3,0.15752108911718046,1,0,0,0,0,0,0,0,0,0,0,0,0,1,0
2,0.15518249394470904,1,0,0,0,0,0,0,0,0,0,0,0,0,1,0
2,1.9144742336924752,1,0,0,0,0,0,0,0,0,0,0,0,0,1,0
2,0.43781842478910876,0,0,0,0,0,0,0,0,0,0,0,0,0,1,0
2,-0.715777165288566,1,0,0,0,0,0,0,0,0,0,0,0,0,1,0
5,-0.7488515827278043,0,0,0,0,0,0,0,0,0,0,0,0,0,1,0
4,-0.6964002338595172,1,0,0,0,0,0,0,0,0,0,0,0,0,1,0
2,0.26743506222333596,1,0,0,0,0,0,0,0,0,0,0,0,0,1,0
1,6.941364737325637,0,0,0,0,0,0,0,0,0,0,0,0,0,0,1
3,0.22099724379854682,0,0,0,0,0,0,0,0,0,0,0,0,0,1,0
2,0.6793618976029401,0,0,0,0,0,0,0,0,0,0,0,0,0,1,0
6,0.08335421364737329,1,0,0,0,0,0,0,0,0,0,0,0,0,1,0
1,-0.4070826025223419,0,0,0,0,0,0,0,0,0,0,0,0,0,1,0
2,-0.0810156184749019,0,0,0,0,0,0,0,0,0,0,0,0,0,1,0
3,0.4224505136557255,1,0,0,0,0,0,0,0,0,0,0,0,0,1,0
2,-0.5243464461705505,0,0,0,0,0,0,0,0,0,0,0,0,0,1,0
6,4.1792366157187,1,0,0,0,0,0,0,0,0,0,0,1,0,0,0
3,-0.2801302931596092,0,0,0,0,0,0,0,0,0,0,0,0,0,1,0
5,-0.5253487012444668,1,0,0,0,0,0,0,0,0,0,0,0,0,1,0
6,-0.9112235864027395,0,0,0,0,0,0,0,0,0,0,0,0,0,1,0
2,-0.21732230852752024,1,0,0,0,0,0,0,0,0,0,0,0,0,1,0
4,-0.35930844399899775,0,0,0,0,0,0,0,0,0,0,0,0,0,1,0
3,-0.5166624906038587,0,0,0,0,0,0,0,0,0,0,0,0,0,1,0
2,0.0813497034995406,1,0,0,0,0,0,0,0,0,0,0,0,0,1,0
3,-0.34059968261922663,1,0,0,0,0,0,0,0,0,0,0,0,0,1,0
2,0.835045519084607,1,0,0,0,0,0,0,0,0,0,0,0,0,1,0
2,-0.9021966090369999,0,0,0,0,0,0,0,0,0,0,0,0,0,1,0
3,3.2885659400317384,1,0,0,0,0,1,0,0,0,0,0,0,0,0,0
5,0.21064060803474485,0,0,0,0,0,0,0,0,0,0,0,0,0,1,0
2,0.06932264261254488,0,0,0,0,0,0,0,0,0,0,0,0,0,1,0
1,3.61429883905454,0,0,0,0,0,1,0,0,0,0,0,0,0,0,0
2,-0.8771402321890922,0,0,0,0,0,0,0,0,0,0,0,0,0,1,0
2,3.4255408001336343,0,0,0,0,0,0,1,0,0,0,0,0,0,0,0
1,0.3780172053787689,1,0,0,0,0,0,0,0,0,0,0,0,0,1,0
3,0.857095130710766,0,0,0,0,0,0,0,0,0,0,0,0,0,1,0
1,-0.7177816754363986,0,0,0,0,0,0,0,0,1,0,0,0,0,0,0
0,-0.5367075920821849,0,0,0,0,0,0,0,0,0,0,0,0,0,1,0
2,-0.3035162448843231,1,0,0,0,0,0,0,0,0,0,0,0,0,1,0
2,-0.51632840557922,1,0,0,0,0,0,0,0,0,0,0,0,0,1,0
3,-0.542387037501044,1,0,0,0,0,0,0,0,0,0,0,0,0,1,0
2,0.45218408084857586,0,0,0,0,0,0,0,0,0,0,0,0,0,1,0
5,-0.8200116929758625,0,0,0,0,0,0,0,0,0,0,0,0,0,1,0
4,0.38703750104401574,0,0,0,0,0,0,0,0,1,0,0,0,0,0,0
4,2.5465631003090285,0,0,0,0,0,1,0,0,0,0,0,0,0,0,0
2,0.6232356134636265,1,0,0,0,1,0,0,0,0,0,0,0,0,0,0
3,-0.2540716612377851,1,0,0,0,0,0,0,0,0,0,0,0,0,1,0
3,-0.18291155098972695,0,0,0,0,0,0,0,0,0,0,0,0,0,1,0
1,0.69840474400735,0,0,0,0,0,0,0,0,0,0,0,0,0,1,0
3,-0.2647623820262257,0,0,0,0,0,0,0,0,0,0,0,0,0,1,0
2,-0.3015117347364904,1,0,0,0,0,0,0,0,0,0,0,0,0,1,0
3,-0.08235195857345695,0,0,0,0,0,0,0,0,0,0,0,0,0,1,0
3,-0.18157521089117176,0,0,0,0,0,0,0,0,0,0,0,0,0,1,0
3,-0.510314875135722,1,0,0,0,0,0,0,0,0,0,0,0,0,1,0
2,-0.42111417355717035,0,0,0,0,0,0,0,0,0,0,0,0,0,1,0
3,-0.8784765722876473,0,0,0,0,0,0,0,0,0,0,0,0,0,1,0
2,-0.09170633926334257,0,0,0,0,0,0,0,0,0,0,0,0,0,1,0
2,-0.011191848325398844,0,0,0,0,0,0,0,0,0,0,0,0,0,1,0
4,-0.5119853002589159,1,0,0,0,0,0,0,0,0,0,0,0,0,1,0
3,-0.44784097552827196,1,0,0,0,0,0,0,0,0,0,0,0,0,1,0
3,0.13948049778668664,0,0,0,0,0,0,0,0,0,0,0,0,0,1,0
6,0.23135387956234854,1,0,0,0,0,0,0,0,0,0,0,0,0,1,0
2,-0.8524179403658232,1,0,0,0,0,0,0,0,0,0,0,0,0,1,0
3,0.9352710264762382,1,0,0,0,0,0,0,0,0,0,0,0,0,1,0
2,-0.22934936941451597,0,0,0,0,0,0,0,0,0,0,0,0,0,1,0
4,0.03658231019794534,0,0,0,0,0,0,0,0,0,0,0,0,0,1,0
4,-0.09036999916478738,1,0,0,0,0,0,0,0,0,0,0,0,0,1,0
2,6.941364737325637,1,0,0,0,0,0,0,0,0,0,0,0,1,0,0
4,-0.07967927837634683,0,0,0,0,0,0,0,0,0,0,0,0,0,1,0
2,-0.4896016036081183,1,0,0,0,0,0,0,0,0,0,0,0,0,1,0
4,-0.3142069656727638,1,0,0,1,0,0,0,0,0,0,0,0,0,0,0
3,-0.6863776831203543,1,0,0,0,0,0,0,0,0,0,0,0,0,1,0
4,0.973690804309697,0,0,0,0,0,1,0,0,0,0,0,0,0,0,0
2,0.11041510064311368,1,0,0,0,0,0,0,0,0,0,0,0,0,1,0
3,0.47156101227762476,0,0,0,0,0,0,0,0,0,0,0,0,0,1,0
2,-0.5156602355299424,0,0,0,0,0,0,0,0,0,0,0,0,0,1,0
2,-0.7582059634176899,1,0,0,0,0,0,0,0,0,0,0,0,0,1,0
3,-0.4344775745427212,1,0,0,0,0,0,0,0,0,0,0,0,0,1,0
5,0.04727303098638601,1,0,0,0,0,0,0,0,0,0,0,0,0,1,0
5,-0.7044182744508478,0,0,0,0,0,0,0,0,0,0,0,0,0,1,0
2,0.7665580890336592,1,0,0,0,0,0,0,0,0,0,0,0,0,1,0
1,0.9342687714023221,0,0,0,0,0,0,0,0,0,0,0,0,0,0,0
3,0.10339931512569946,0,0,0,0,0,0,0,0,0,0,0,0,0,1,0
6,1.2008686210640607,1,0,0,0,0,0,0,0,0,0,0,0,0,1,0
4,-0.5500709930677358,0,0,0,0,0,0,0,0,0,0,0,0,0,1,0
6,0.3576380188758039,1,0,0,0,0,0,0,0,0,0,0,0,0,1,0
4,0.5063058548400569,1,0,0,0,0,0,0,0,0,0,0,0,0,1,0
2,-0.9108828196776081,0,0,0,0,0,0,0,0,0,0,0,0,0,1,0
2,0.3045184999582395,1,0,0,0,0,0,0,0,0,0,0,0,0,1,0
3,-0.09471310448509149,0,0,0,0,0,0,0,0,0,0,0,0,0,1,0
6,-0.6205629332665163,0,0,0,0,0,0,0,0,0,0,0,0,0,1,0
2,-0.8233525432222502,0,0,0,0,0,0,0,0,0,0,0,0,0,1,0
2,-0.4338094044934436,0,0,0,0,0,0,0,0,0,0,0,0,0,1,0
3,-0.5022968345443916,1,0,0,0,0,0,0,0,0,0,0,0,0,1,0
4,-0.6943957237116847,1,0,0,0,0,0,0,0,0,0,0,0,0,1,0
4,-0.11342186586486261,1,0,0,0,0,0,0,0,0,0,0,0,0,1,0
4,0.5918316211475823,1,0,0,0,0,0,0,0,0,0,0,0,0,1,0
2,-0.013864528522508952,0,0,0,0,0,0,0,0,0,0,0,0,0,1,0
3,0.5063058548400569,0,0,0,0,0,0,0,0,0,0,0,0,0,1,0
4,0.41209387789192353,1,0,0,0,0,0,0,0,0,0,0,0,0,1,0
5,0.9192349452935773,1,0,0,0,0,0,0,0,0,0,0,0,0,1,0
2,-0.0810156184749019,1,0,0,0,0,0,0,0,0,0,0,0,0,1,0
2,-0.17689802054622908,1,0,0,0,0,0,0,0,0,0,0,0,0,1,0
5,-0.24772404576964838,1,0,0,0,0,0,0,0,0,0,0,0,0,1,0
4,-0.06898855758790617,1,0,0,0,0,0,0,0,0,0,0,0,0,1,0
2,-0.07032489768646122,1,0,0,0,1,0,0,0,0,0,0,0,0,0,0
1,-0.675018792282636,0,0,0,0,0,0,0,0,0,0,0,0,0,1,0
3,-0.23970600517831792,0,0,0,0,0,0,0,0,0,0,0,0,0,1,0
2,-0.6933934686377683,0,0,0,0,0,0,0,0,0,0,0,0,0,1,0
3,-0.9112235864027395,1,0,0,0,0,0,0,0,0,0,0,0,0,1,0
3,-0.6329240791781509,0,0,0,0,0,0,0,0,0,0,0,0,0,1,0
1,0.22099724379854682,1,0,0,0,0,0,0,0,0,0,0,0,0,1,0
4,0.06197277207049196,0,0,0,0,0,0,0,0,0,0,0,0,0,1,0
2,-0.3145410506974025,0,0,0,0,0,0,0,0,0,0,0,0,0,1,0
3,6.941364737325637,1,0,0,0,0,0,0,1,0,0,0,0,0,0,0
4,0.21665413847824272,1,0,0,0,0,0,0,0,0,0,0,0,0,1,0
3,0.9683454439154765,1,0,0,0,0,0,0,0,0,0,0,0,0,1,0
2,0.9449594921907625,1,0,0,0,0,0,0,0,0,0,0,0,0,1,0
2,0.3452768729641694,0,0,0,0,0,0,0,0,0,0,0,0,0,1,0
3,-0.3963918817339013,1,0,0,0,0,0,0,0,0,0,0,0,0,1,0
1,0.9499707675603443,0,0,0,0,0,0,0,0,0,0,0,0,0,1,0
3,0.06330911216904701,1,0,0,0,0,0,0,0,0,0,0,0,0,1,0
5,-0.7528606030234696,0,0,0,0,0,0,0,0,1,0,0,0,0,0,0
4,1.1183496199782845,1,0,0,0,0,0,0,0,0,0,0,0,0,1,0
1,-0.9112235864027395,0,0,0,0,0,0,0,0,0,0,0,0,0,1,0
2,-0.4545226760210474,1,0,0,0,0,0,0,0,0,0,0,0,0,1,0
1,0.8644450012528189,0,0,0,0,0,0,0,0,0,0,0,0,0,1,0
3,-0.7177816754363986,1,0,0,0,0,0,0,0,0,0,0,0,0,1,0
5,0.4418274450847742,0,0,0,0,0,0,0,0,0,0,0,0,0,1,0
0,0.5801386452852252,0,0,0,0,0,0,0,0,0,0,0,0,0,1,0
3,1.4367326484590328,0,0,0,0,0,0,0,0,0,0,0,0,0,1,0
1,0.19393635680280633,0,0,0,0,0,0,0,0,0,0,0,0,0,1,0
6,0.7294746512987557,0,0,0,0,0,0,0,0,0,0,0,0,0,1,0
4,-0.4404911049862191,1,0,0,0,0,0,0,0,0,0,0,0,0,1,0
6,0.44717280547899435,0,0,0,0,0,0,0,0,0,0,0,0,0,1,0
3,0.4384865948383864,0,0,0,0,0,0,0,0,0,0,0,0,0,1,0
2,0.34828363818591823,1,0,0,1,0,0,0,0,0,0,0,0,0,0,0
2,-0.6646621565188341,0,0,0,0,0,0,0,0,0,0,0,0,0,1,0
3,0.47456777749937357,0,0,0,0,0,0,0,0,0,0,0,0,0,1,0
5,0.6305854840056795,0,0,0,0,0,0,0,0,0,0,0,0,0,1,0
3,0.9519752777081767,0,0,0,0,0,0,0,0,0,0,0,0,0,1,0
1,-0.19827946212311032,1,0,0,0,0,0,0,0,0,0,0,0,0,1,0
3,-0.9112235864027395,0,0,0,0,0,0,0,0,0,0,0,0,0,1,0
4,-0.24805813079428718,0,0,0,0,0,0,0,0,0,0,0,0,0,1,0
1,-0.5955065564186086,0,0,0,0,0,0,0,0,0,0,0,0,0,1,0
4,-0.2230017539463794,1,0,0,0,0,0,0,0,0,0,0,0,0,1,0
3,-0.43815250981374765,1,0,0,0,0,0,0,0,0,0,0,0,0,1,0
1,3.446254071661238,0,0,0,0,0,0,0,0,0,0,0,1,0,0,0
6,0.04727303098638601,1,0,0,0,0,0,0,0,0,0,0,0,0,1,0
1,0.5240123611459118,0,0,0,0,0,0,0,0,0,0,0,0,0,1,0
6,-0.5844817506055291,1,0,0,0,0,0,0,0,0,0,0,0,0,1,0
4,-0.10373340015033829,1,0,0,0,0,0,0,0,0,0,0,0,0,1,0
2,-0.522007850998079,0,0,0,0,0,0,0,0,0,0,0,0,0,1,0
3,-0.347281383112002,0,0,0,0,0,0,0,0,0,0,0,0,0,1,0
3,-0.3723377599599098,1,0,0,0,0,0,0,0,0,0,0,0,0,1,0
3,0.3238954313872881,1,0,0,0,0,0,0,0,0,0,0,0,0,1,0
1,0.08435646872128953,0,0,0,0,0,0,0,0,0,0,0,0,0,1,0
3,-0.015534953645702829,0,0,0,0,0,0,0,0,0,0,0,0,0,1,0
2,0.05896600684874303,1,0,0,0,0,0,0,0,0,0,0,0,0,1,0
3,-0.8243547982961664,0,0,0,0,0,0,0,0,0,0,0,0,0,1,0
2,2.358139146412762,0,0,0,0,0,0,0,0,0,0,0,1,0,0,0
3,-0.8129959074584483,0,0,0,0,0,0,0,0,0,0,0,0,0,1,0
3,0.40775077257161946,0,0,0,0,0,0,0,0,0,0,0,0,0,1,0
4,-0.8273615635179153,0,0,0,0,1,0,0,0,0,0,0,0,0,0,0
3,-0.8891672930760879,0,0,0,0,0,0,0,0,0,0,0,0,0,1,0
3,6.941364737325637,0,0,0,0,0,0,0,0,0,0,0,0,0,0,1
5,-0.3830284807483505,0,0,0,0,0,0,0,0,0,0,0,0,0,1,0
4,0.6813664077507727,1,0,0,0,1,0,0,0,0,0,0,0,0,0,0
3,0.4615384615384615,0,0,0,0,0,0,0,0,0,0,0,0,0,1,0
1,0.49962415434728136,0,0,0,0,0,0,0,0,0,0,0,0,0,1,0
1,-0.8707926167209556,1,0,0,0,0,0,0,0,0,0,0,0,0,1,0
5,-0.19627495197527772,0,0,0,0,0,0,0,0,0,0,0,0,0,1,0
4,0.19159776163033493,1,0,0,0,0,0,0,0,0,0,0,0,0,1,0
4,-0.4321389793702498,1,0,0,0,0,0,0,0,0,0,0,0,0,1,0
5,-0.8290319886411093,1,0,0,0,0,0,0,0,0,0,0,0,0,1,0
5,0.7074250396725966,1,0,0,0,0,0,0,0,0,0,0,0,0,1,0
2,0.12177399148083198,0,0,0,0,0,0,0,0,0,0,0,0,0,1,0
6,0.8794788273615637,1,0,0,0,0,0,0,0,0,0,0,0,0,1,0
2,-0.35730393385116516,0,0,0,0,0,0,0,0,0,0,0,0,0,1,0
2,-0.6519669255825609,1,0,0,0,0,0,0,0,0,0,0,0,0,0,0
2,0.34828363818591823,0,0,0,0,0,0,0,0,0,0,0,0,0,1,0
2,2.2395389626659985,0,0,0,0,0,1,0,0,0,0,0,0,0,0,0
2,0.8614382360310698,1,0,0,0,0,0,0,0,0,0,0,0,0,1,0
2,0.23269021966090384,0,0,0,0,0,0,0,0,0,0,0,0,0,1,0
3,0.06598179236615724,1,0,0,0,0,0,0,0,0,0,0,0,0,1,0
4,0.2413764303015118,0,0,0,0,0,0,0,0,0,0,0,0,0,1,0
2,1.0702413764303016,0,0,0,0,0,0,0,0,0,0,0,0,0,1,0
2,-0.6132130627244634,0,0,0,0,0,0,0,0,0,0,0,0,0,1,0
2,-0.532364486761881,1,0,0,0,0,0,0,0,0,0,0,0,0,1,0
1,0.5557504384865948,0,0,0,0,0,0,0,0,0,0,0,0,0,1,0
2,-0.8377181992817172,1,0,0,0,0,0,0,0,0,0,0,0,0,1,0
2,-0.27411676271611124,1,0,0,0,0,0,0,0,0,0,0,0,0,1,0
2,-0.7859350204627078,1,0,0,0,0,0,0,0,0,0,0,0,0,1,0
1,-0.06631587739079595,1,0,0,0,0,0,0,0,0,0,0,0,0,1,0
2,-0.4084189426208971,1,0,0,0,0,0,0,0,0,0,0,0,0,1,0
2,0.036916395222584164,0,0,0,0,0,0,0,0,0,0,0,0,0,1,0
3,0.3422701077424204,1,0,0,0,0,0,0,0,0,0,0,0,0,1,0
4,-0.8851582727804227,1,0,0,0,0,0,0,0,0,0,0,0,0,1,0
3,-0.326902196609037,0,0,0,0,0,0,0,0,0,0,0,0,0,1,0
2,-0.2580806815334503,0,0,0,0,0,0,0,0,0,0,0,0,0,1,0
2,0.13547147749102148,1,0,0,0,0,0,0,0,0,0,0,0,0,1,0
3,1.870375010440157,0,0,0,0,0,0,0,0,0,0,0,0,0,1,0
6,-0.8841560177065064,1,0,0,0,0,0,0,0,0,0,0,0,0,1,0
2,1.475820596341769,0,0,0,0,0,0,0,0,0,0,0,0,0,1,0
5,-0.6299173139564019,0,0,0,0,0,0,0,0,0,0,0,0,0,1,0
3,-0.9112169047022467,1,0,0,0,0,0,0,0,0,0,0,0,0,1,0
2,-0.5667752442996743,0,0,0,0,0,0,0,0,0,0,0,0,0,1,0
2,0.2560761713856176,0,0,0,0,0,0,0,0,0,0,0,0,0,1,0
2,-0.8186753528773073,0,0,0,0,1,0,0,0,0,0,0,0,0,0,0
2,-0.2620897018291155,1,0,0,0,0,0,0,0,0,0,0,0,0,1,0
3,6.220830201286228,1,0,0,0,0,1,0,0,0,0,0,0,0,0,0
5,0.43247306439488853,0,0,0,0,0,1,0,0,0,0,0,0,0,0,0
1,-0.06564770734151841,0,0,0,0,0,0,0,0,0,0,0,0,0,1,0
4,-0.2824688883320805,0,0,0,0,0,0,0,0,0,0,0,0,0,1,0
4,-0.3325816420278961,1,0,0,0,0,0,0,0,0,0,0,0,0,1,0
3,-0.363317464294663,0,0,0,0,0,0,0,0,0,0,0,0,0,1,0
3,-0.6309195690303182,0,0,0,0,0,0,0,0,0,0,0,0,0,1,0
2,-0.8099891422366994,0,0,0,0,0,0,0,0,0,0,0,0,0,1,0
2,-0.552743673264846,0,0,0,0,0,0,0,0,0,0,0,0,0,1,0
1,-0.030902864779086305,0,0,0,0,0,0,0,0,0,0,0,0,0,1,0
2,-0.2500626409421198,1,0,0,0,0,0,0,0,0,0,0,0,0,1,0
2,-0.07901110832706919,0,0,0,0,0,0,0,0,0,0,0,0,0,1,0
4,6.941364737325637,1,0,0,0,0,0,0,0,0,0,0,1,0,0,0
4,6.941364737325637,0,0,0,0,0,1,0,0,0,0,0,0,0,0,0
4,-0.12778752192432974,1,0,0,0,0,0,0,0,0,0,0,0,0,1,0
3,0.3646538043932181,1,0,0,0,0,0,0,0,0,0,0,0,0,1,0
1,0.7856009354380691,0,0,0,0,0,0,0,0,0,0,0,0,0,1,0
2,-0.38703750104401574,0,0,0,0,0,0,0,0,0,0,0,0,0,1,0
5,0.3422701077424204,1,0,0,0,0,1,0,0,0,0,0,0,0,0,0
1,0.5667752442996744,1,0,0,0,0,0,0,0,0,0,0,0,0,1,0
4,6.1707174475904125,0,0,0,0,0,1,0,0,0,0,0,0,0,0,0
3,0.7455107324814165,0,0,0,0,1,0,0,0,0,0,0,0,0,0,0
5,-0.027227929508059846,1,0,0,0,0,0,0,0,0,0,0,0,0,1,0
3,-0.1364737325649378,0,0,0,0,0,0,0,0,0,0,0,0,0,1,0
2,-0.16954815000417606,0,0,0,0,0,0,0,0,0,0,0,0,0,1,0
2,0.4291322141485008,1,0,0,0,0,0,0,0,0,0,0,0,0,1,0
2,-0.1959408669506389,0,0,0,0,0,0,0,0,0,0,0,0,0,1,0
4,0.6863776831203543,0,0,0,0,0,0,0,0,0,0,0,0,0,1,0
4,-0.46187254656310034,1,0,0,0,0,0,0,0,0,0,0,0,0,1,0
3,-0.22099724379854668,0,0,0,0,0,0,0,0,0,0,0,0,0,1,0
2,-0.14549402823018462,0,0,0,0,0,0,0,0,0,0,0,0,0,1,0
5,1.9211559341852502,1,0,0,0,0,0,0,0,0,0,0,0,0,1,0
5,-0.07099306773573875,0,0,0,0,0,0,0,0,0,0,0,0,0,1,0
2,0.01753946379353541,0,0,0,0,0,0,0,0,0,0,0,0,0,1,0
2,-0.15083938862440494,0,0,0,0,0,0,0,0,0,0,0,0,0,1,0
2,-0.13513739246638276,1,0,0,1,0,0,0,0,0,0,0,0,0,0,0
1,0.09671761463292407,1,0,0,0,0,0,0,0,0,0,0,0,0,1,0
2,0.8958489935688633,0,0,0,0,0,0,0,0,0,0,0,0,0,1,0
3,-0.5253487012444668,1,0,0,0,0,0,0,0,0,0,0,0,0,1,0
3,-0.7588741334669674,0,0,0,0,0,0,0,0,0,0,0,0,1,0,0
1,0.34594504301344686,0,0,0,0,0,0,0,0,0,0,0,0,0,1,0
4,0.4752359475486512,0,0,0,0,0,0,0,0,0,0,0,0,0,1,0
3,0.6188925081433225,1,0,0,0,0,0,0,0,0,0,0,0,0,1,0
3,-0.8043096968178401,1,0,0,0,0,0,0,0,0,0,0,0,0,1,0
6,-0.351624488432306,1,0,0,0,0,0,0,0,0,0,0,0,0,1,0
2,0.4535204209471312,1,0,0,0,0,0,0,0,0,0,0,0,0,1,0
4,-0.8129959074584483,0,0,0,0,0,0,0,0,0,0,0,0,0,1,0
3,-0.6492942453854508,1,0,0,0,0,0,0,0,0,0,0,0,0,1,0
2,0.8611041510064311,0,0,0,0,0,0,0,0,0,0,0,0,0,1,0
4,6.941364737325637,1,0,0,0,0,0,0,0,0,0,0,0,0,0,1
2,1.841309613296584,0,0,0,0,1,0,0,0,0,0,0,0,0,0,0
5,-0.1267852668504135,0,0,0,0,0,0,0,0,0,0,0,0,0,1,0
1,0.3162114758205965,0,0,0,0,0,0,0,0,0,0,0,0,0,1,0
4,-0.0970516996575629,0,0,0,0,0,0,0,0,0,0,0,0,0,1,0
5,6.941364737325637,1,0,0,0,0,0,0,0,0,0,0,0,0,0,1
2,-0.9105487346529693,1,0,0,0,0,0,0,0,0,0,0,0,0,1,0
2,2.2004510147832623,0,0,0,0,1,0,0,0,0,0,0,0,0,0,0
1,-0.42746178902530696,0,0,0,0,0,0,0,0,0,0,0,0,0,1,0
6,1.7093460285642699,0,0,0,1,0,0,0,0,0,0,0,0,0,0,0
2,0.8136640775077257,1,0,0,0,0,0,0,0,0,0,0,0,0,1,0
2,-0.45819761129207387,1,0,0,0,0,0,0,0,0,0,0,0,0,1,0
2,-0.6359308443998999,1,0,0,0,0,0,0,0,0,0,0,0,0,1,0
2,-0.1839138060636432,1,0,0,0,0,0,0,0,0,0,0,0,0,1,0
5,-0.4020713271527604,1,0,0,0,0,0,0,0,0,0,0,0,0,1,0
5,1.6435312787104317,1,0,0,0,0,0,0,0,0,0,0,0,0,1,0
2,0.25641025641025633,0,0,0,0,0,0,0,0,0,0,0,0,0,1,0
4,-0.0422617556168045,0,0,0,0,0,0,0,0,0,0,0,0,0,1,0
2,-0.3813580556251566,0,0,0,0,0,0,0,0,0,0,0,0,0,1,0
2,-0.48692892341100813,1,0,0,0,0,0,0,0,0,0,0,0,0,1,0
3,6.941364737325637,1,0,0,0,0,0,0,0,0,0,1,0,0,0,0
4,0.6970684039087949,0,0,0,0,0,0,0,0,0,0,0,0,0,1,0
5,-0.0673181324647123,0,0,0,0,0,0,0,0,0,0,0,0,0,1,0
3,1.4019878058966009,0,0,0,0,0,0,0,0,0,0,0,0,0,1,0
3,-0.21899273365071412,0,0,0,0,0,0,0,0,0,0,0,0,0,1,0
5,0.7354881817422535,1,0,0,0,0,0,0,0,0,0,0,0,0,1,0
2,-0.1267852668504135,0,0,0,0,0,0,0,0,0,0,0,0,0,1,0
2,1.6625741251148418,0,1,0,0,0,0,0,0,0,0,0,0,0,0,0
1,-0.20763384281299593,0,0,0,0,0,0,0,0,0,0,0,0,0,1,0
3,0.7007433391798213,1,0,0,0,0,0,0,0,0,0,0,0,0,1,0
3,-0.184247891088282,0,0,0,0,0,0,0,0,0,0,0,0,0,1,0
6,-0.7264678860770067,1,0,0,0,0,0,0,0,0,0,0,0,0,1,0
4,-0.7054205295247642,0,0,0,0,0,0,0,0,1,0,0,0,0,0,0
3,1.0214649628330412,0,0,0,0,0,0,0,0,0,0,0,0,0,1,0
0,-0.07366574793284886,0,0,0,0,0,0,0,0,0,0,0,0,0,1,0
2,-0.8517497703165456,0,0,0,0,0,0,0,0,0,0,0,0,0,1,0
2,-0.5009604944458365,0,0,0,0,0,0,0,0,0,0,0,0,0,1,0
5,0.020212143990645637,1,0,0,0,0,0,0,0,0,0,0,0,0,1,0
3,0.18591831621147575,1,0,0,0,0,0,0,0,0,0,0,0,0,0,0
3,-0.6964002338595172,0,0,0,0,0,0,0,0,0,0,0,0,0,1,0
3,0.2417105153261505,1,0,0,0,0,0,0,0,0,0,0,0,0,1,0
1,0.5537459283387623,0,0,0,0,0,0,0,0,0,0,0,0,0,1,0
2,1.074250396725967,0,0,0,0,0,0,0,0,0,0,0,0,0,1,0
3,-0.5420529524764054,0,0,0,0,0,0,0,0,0,0,0,0,0,1,0
3,-0.47256326735154097,0,0,0,0,0,0,0,0,0,0,0,0,0,1,0
5,-0.29349369414515997,0,0,0,0,0,0,0,0,0,0,0,0,0,1,0
6,0.40307358222667666,0,0,0,0,1,0,0,0,0,0,0,0,0,0,0
2,-0.1642027896099557,1,0,0,0,0,0,0,0,0,0,0,0,0,0,0
2,2.666833709178986,0,0,0,0,0,0,0,0,0,0,0,0,0,0,0
5,0.94295498204293,0,0,0,0,0,0,0,0,0,0,0,0,0,1,0
4,-0.09504718950973019,1,0,0,0,0,0,0,0,0,0,0,0,0,1,0
4,0.8049778668671177,0,0,0,0,0,0,0,0,0,0,0,0,0,0,0
3,0.9075419694312203,1,0,0,0,0,0,0,0,0,0,0,0,0,1,0
2,-0.5109830451849996,1,0,0,0,0,0,0,0,0,0,0,0,0,1,0
3,0.479913137893594,0,0,0,0,0,0,0,0,0,0,0,0,0,1,0
4,-0.12544892675185831,1,0,0,0,0,0,0,0,0,0,0,0,0,1,0
4,0.42579136390211303,0,0,0,0,0,0,0,0,0,0,0,0,0,1,0
2,0.08502463877056718,1,0,0,0,0,0,0,0,0,0,0,0,0,1,0
2,-0.6005178317881902,1,0,0,0,0,0,0,0,0,0,0,0,0,1,0
5,-0.10540382527353216,0,0,0,1,0,0,0,0,0,0,0,0,0,0,0
4,-0.007182828029733563,0,0,0,0,0,0,0,0,0,0,0,0,0,1,0
3,-0.4652133968094881,0,0,0,0,1,0,0,0,0,0,0,0,0,0,0
5,-0.07834293827779167,0,0,0,0,0,0,0,0,0,0,0,0,0,1,0
1,0.675018792282636,0,0,0,0,0,0,0,0,0,0,0,0,0,1,0
2,-0.5778000501127538,0,0,0,0,0,0,0,0,0,0,0,0,0,1,0
5,-0.22500626409421198,0,0,0,0,0,0,0,0,0,0,0,0,0,1,0
1,0.23202204961162617,1,0,0,0,0,1,0,0,0,0,0,0,0,0,0
2,-0.7572037083437735,1,0,0,0,0,0,0,0,0,0,0,0,0,1,0
2,1.4781591915142407,1,0,0,0,0,0,0,0,0,0,0,0,0,1,0
2,0.8069823770149505,1,0,0,0,0,0,0,0,0,0,0,0,0,1,0
4,0.19026142153177986,0,0,0,0,0,0,0,0,0,0,0,0,0,1,0
2,0.4034076672513156,0,0,0,0,0,0,0,0,0,0,0,0,0,1,0
1,0.4759041175979286,1,0,0,0,0,0,0,0,0,0,0,0,0,1,0
0,0.3833625657729893,1,0,0,0,0,0,0,0,0,0,0,0,0,1,0
3,-0.42311868370500294,0,0,0,0,0,0,0,0,0,0,0,0,0,1,0
3,-0.053286561429883875,0,0,0,0,0,0,0,0,0,0,0,0,0,1,0
5,6.042428798129125,1,0,0,0,0,0,0,0,0,0,0,0,1,0,0
4,0.7779169798713772,0,0,0,0,0,0,0,0,0,0,0,0,0,1,0
3,0.21765639355215907,0,0,0,0,0,0,0,0,0,0,0,0,0,1,0
5,0.6659984966173893,1,0,0,0,0,0,0,0,0,0,0,0,0,1,0
2,-0.22467217906957326,1,0,0,0,0,0,0,0,0,0,0,0,0,1,0
2,-0.7511901779002756,0,0,0,0,0,0,0,0,0,0,0,0,0,1,0
5,0.13246471226927264,1,0,0,0,0,0,0,0,0,0,0,0,0,1,0
1,-0.4498454856761046,0,0,0,0,0,0,0,0,0,0,0,0,0,1,0
2,0.058631921824104205,0,0,0,0,0,0,0,0,0,0,0,0,0,1,0
3,-0.01854171886745176,0,0,0,0,0,0,0,0,0,0,0,0,0,1,0
2,-0.8995239288398899,1,0,0,0,0,0,0,0,0,0,0,0,0,1,0
2,0.18758874133466977,0,0,0,0,0,0,0,0,0,0,0,0,0,1,0
2,-0.48091539296751024,1,0,0,0,0,0,0,0,0,0,0,0,0,1,0
2,-0.2483922158189259,1,0,0,0,0,0,0,0,0,0,0,0,0,1,0
3,0.2460536206464546,1,0,0,0,0,0,0,0,0,0,0,0,0,1,0
2,-0.26743506222333585,0,0,0,0,0,0,0,0,0,0,0,0,0,1,0
1,-0.40942119769481333,1,0,0,0,0,0,0,0,0,0,0,0,0,1,0
4,0.5884907709011945,0,0,0,0,0,0,0,0,0,0,0,0,0,1,0
3,-0.32356134636264927,0,0,0,0,0,0,0,0,0,0,0,0,0,1,0
1,0.25373757621314624,1,0,0,0,0,0,0,0,0,0,0,0,0,1,0
5,-0.35028814833375094,0,0,0,0,0,1,0,0,0,0,0,0,0,0,0
2,5.917815083938863,0,0,0,0,0,1,0,0,0,0,0,0,0,0,0
5,-0.22166541384782434,1,0,0,0,0,0,0,0,0,0,0,0,0,1,0
3,-0.04593669088783096,0,0,0,0,0,0,0,0,0,0,0,0,0,1,0
2,0.3786853754280465,1,0,0,0,0,0,0,0,0,0,0,0,0,1,0
2,0.7802555750438486,0,0,0,0,0,1,0,0,0,0,0,0,0,0,0
5,0.8881650380021716,0,0,0,0,0,0,0,0,0,0,0,0,0,1,0
5,1.0137810072663493,0,0,0,0,0,0,1,0,0,0,0,0,0,0,0
1,-0.596174726467886,0,0,0,0,0,0,0,0,0,0,0,0,0,1,0
2,0.14181909295915804,1,0,0,0,0,0,0,0,0,0,0,0,0,1,0
5,-0.10674016537208722,1,0,0,0,0,0,0,0,0,0,0,0,0,1,0
3,0.7565355382944962,0,0,0,0,0,0,0,0,0,0,0,0,0,1,0
2,3.96742671009772,0,0,0,0,0,1,0,0,0,0,0,0,0,0,0
3,-0.7752442996742671,0,0,0,0,0,0,0,0,0,0,0,0,0,1,0
4,-0.6710097719869708,0,0,0,0,0,0,0,0,0,0,0,0,0,1,0
5,1.1350538712102232,1,0,0,0,0,0,0,0,0,0,0,0,0,1,0
3,-0.548400567944542,1,0,0,0,0,0,0,0,0,0,0,0,0,1,0
5,-0.0810156184749019,1,0,0,0,0,0,0,0,0,0,0,0,0,1,0
3,-0.2540716612377851,0,0,0,0,0,0,0,0,0,0,0,0,0,1,0
4,6.941364737325637,0,0,0,0,0,0,0,0,0,0,0,1,0,0,0
3,-0.8524179403658232,1,0,0,0,1,0,0,0,0,0,0,0,0,0,0
3,-0.39204877641359726,1,0,0,0,0,0,0,0,0,0,0,0,0,1,0
3,0.4789108828196777,0,0,0,0,0,0,0,0,0,0,0,0,0,1,0
3,-0.4154347281383112,0,0,0,1,0,0,0,0,0,0,0,0,0,0,0
2,-0.37467635513238123,0,0,0,0,0,0,0,0,0,0,0,0,0,1,0
4,-0.4154347281383112,0,0,0,0,0,0,0,0,0,0,0,0,0,1,0
2,-0.6974024889334336,0,0,0,0,0,0,0,0,0,0,0,0,0,1,0
2,0.3188841560177066,1,0,0,0,0,0,0,0,0,0,0,0,0,1,0
3,1.026142153177984,0,0,0,0,0,0,0,0,0,0,0,0,0,1,0
4,-0.8674517664745679,0,0,0,0,0,0,0,0,0,0,0,0,0,1,0
5,0.19627495197527772,1,0,0,0,0,0,0,0,0,0,0,0,0,1,0
4,0.2640942119769482,0,0,0,0,0,0,0,0,0,0,0,0,0,1,0
3,1.0037584565271862,0,0,0,0,0,0,0,0,0,0,0,0,0,1,0
6,2.400233859517247,1,0,0,1,0,0,0,0,0,0,0,0,0,0,0
2,-0.420111918483254,1,0,0,0,0,0,0,0,0,0,0,0,0,1,0
2,0.09504718950973019,1,0,0,0,0,0,1,0,0,0,0,0,0,0,0
3,-0.031571034828363834,0,0,0,0,0,0,0,0,0,0,0,0,0,1,0
4,-0.7749102146496284,0,0,0,0,0,0,0,0,0,0,0,0,0,1,0
5,0.3967259667585401,0,0,0,0,0,0,0,0,0,0,0,0,0,1,0
1,-0.3699991647874384,1,0,0,0,0,0,0,0,0,0,0,0,0,1,0
2,1.1761463292407919,1,0,0,0,0,0,0,0,0,0,0,0,0,1,0
1,-0.636933099473816,0,0,0,0,0,0,0,0,0,0,0,0,0,1,0
2,-0.3452768729641694,0,0,0,0,0,0,0,0,0,0,0,0,0,1,0
2,0.7064227845986806,1,0,0,0,0,0,0,0,0,0,0,0,0,1,0
4,-0.011191848325398844,0,0,0,0,0,0,0,0,0,0,0,0,0,1,0
6,-0.07967927837634683,0,0,0,0,0,0,0,0,0,0,0,0,0,1,0
4,0.10674016537208722,1,0,0,0,0,0,0,0,0,0,0,0,0,1,0
2,1.0785935020462707,0,0,0,0,0,0,0,0,0,0,0,0,0,1,0
4,-0.31587739079595756,0,0,0,0,0,0,0,0,0,0,0,0,0,1,0
2,-0.44149336006013534,0,0,0,0,0,0,0,0,0,0,0,0,0,1,0
3,-0.505971769815418,1,0,0,0,0,0,0,0,0,0,0,0,0,1,0
3,0.12812160694896854,0,0,0,0,0,0,0,0,0,0,0,0,0,1,0
4,1.1734736490436817,0,0,0,0,0,0,0,0,0,0,0,0,0,1,0
2,1.3969765305270192,1,0,0,0,0,0,0,0,0,0,0,0,0,1,0
2,-0.7037501044015703,0,0,0,0,0,0,0,0,0,0,0,0,0,1,0
2,0.06030234694729808,0,0,0,0,0,0,0,0,0,0,0,0,0,1,0
2,2.7430050947966262,0,0,0,0,0,0,0,0,0,0,0,0,0,0,0
1,-0.8273615635179153,1,0,0,0,0,0,0,0,0,0,0,0,0,1,0
2,0.2093042679361898,1,0,0,0,0,0,0,0,0,0,0,0,0,1,0
2,-0.12979203207216242,0,0,0,0,0,0,0,0,0,0,0,0,0,1,0
1,2.4526852083855344,0,0,0,0,1,0,0,0,0,0,0,0,0,0,0
4,-0.03324145995155771,1,0,0,0,0,0,0,0,0,0,0,0,0,1,0
2,-0.8313705838135805,1,0,0,0,0,0,0,0,0,0,0,0,0,1,0
2,-0.647289735237618,1,0,0,0,0,0,0,0,0,0,0,0,0,1,0
2,-0.20663158773907958,0,0,0,0,0,0,0,0,0,0,0,0,0,1,0
4,0.17622985049695145,0,0,0,0,0,0,0,0,0,0,0,0,0,1,0
4,-0.8203457780005012,1,0,0,0,0,0,0,0,0,0,0,0,0,1,0
3,-0.38436482084690554,0,0,0,0,0,0,0,0,0,0,0,0,0,1,0
6,0.9563183830284808,1,0,0,0,0,0,0,0,0,0,0,0,0,1,0
2,-0.2093042679361898,0,0,0,0,0,0,0,0,0,0,0,0,0,1,0
2,-0.9112235864027395,0,0,0,0,0,0,0,0,0,0,0,0,0,1,0
1,-0.03524597009939029,0,0,0,0,0,0,0,0,0,0,0,0,0,1,0
3,-0.7254656310030904,1,0,0,0,0,0,0,0,0,0,0,0,0,1,0
2,0.019209888916729284,0,0,0,0,0,0,0,0,0,0,0,0,0,1,0
3,-0.34460870291489193,1,0,0,0,0,0,0,0,0,0,0,0,0,1,0
6,0.184247891088282,1,0,0,0,0,0,0,0,0,0,0,0,0,1,0
5,4.229683454439154,0,0,0,0,0,0,0,0,0,0,0,0,0,0,0
1,-0.013196358473231425,0,0,0,0,0,0,0,0,0,0,0,0,0,1,0
5,-0.3262340265597595,1,0,0,0,0,0,0,0,0,0,0,0,0,1,0
4,0.4214482585818092,1,0,0,0,0,0,0,0,0,0,0,0,0,1,0
4,-0.6061972772070492,1,0,0,0,0,0,0,0,0,0,0,0,0,1,0
2,0.13547147749102148,0,0,0,0,0,0,0,0,0,0,0,0,0,1,0
5,-0.35830618892508154,0,0,0,0,0,0,0,0,0,0,0,0,0,1,0
3,1.314123444416604,0,1,0,0,0,0,0,0,0,0,0,0,0,0,0
4,0.960661488348785,0,0,0,0,0,0,0,0,0,0,0,0,0,1,0
1,6.941364737325637,0,0,0,0,0,0,0,0,0,0,0,1,0,0,0
3,-0.05161613630669011,1,0,0,0,0,0,0,0,0,0,0,0,0,1,0
2,-0.8093209721874218,1,0,0,0,0,0,0,0,0,0,0,0,0,1,0
3,0.6055291071577718,0,0,0,0,0,0,0,0,0,0,0,0,0,1,0
1,0.10974693059383614,1,0,0,0,0,0,0,0,0,0,0,0,0,1,0
5,-0.23135387956234865,0,0,0,0,0,0,0,0,0,0,0,0,0,1,0
3,0.2343606447840976,0,0,0,0,0,0,0,0,0,0,0,0,0,1,0
2,0.4408251900108578,0,0,0,0,0,0,0,0,0,0,0,0,0,1,0
2,-0.08869957404159363,1,0,0,0,0,0,0,0,0,0,0,0,0,1,0
4,-0.3766808652802138,0,0,0,0,0,0,0,0,0,0,0,0,0,1,0
4,0.09538127453436902,0,0,0,0,0,0,0,0,0,0,0,0,0,1,0
4,-0.8694562766224004,0,0,0,0,0,0,0,0,0,0,0,0,0,1,0
1,0.48492441326317554,0,0,0,0,0,0,0,0,0,0,0,0,0,1,0
4,0.65764637100142,0,0,0,0,0,0,0,0,0,0,0,0,0,1,0
4,0.6693393468637768,1,0,0,0,1,0,0,0,0,0,0,0,0,0,0
4,-0.7592082184916062,1,0,0,0,0,0,0,0,0,0,0,0,0,1,0
6,-0.5053035997661405,0,0,0,0,0,0,0,0,0,0,0,0,0,1,0
4,0.9055374592833876,1,0,0,0,0,0,0,0,0,0,0,0,0,1,0
5,0.4568612711935187,0,0,0,0,0,0,0,0,0,0,0,0,0,1,0
3,5.295414683036833,1,0,0,0,0,0,0,0,0,0,0,0,1,0,0
2,0.6299173139564018,1,0,0,0,0,0,0,0,0,0,0,0,0,1,0
3,0.8664495114006516,0,0,0,0,0,0,0,0,0,0,0,0,0,1,0
1,0.3238954313872881,0,0,0,0,0,0,0,0,0,0,0,0,0,1,0
2,0.5357053370082685,1,0,0,0,0,0,0,0,0,0,0,0,0,1,0
2,0.5146579804560262,0,0,0,0,0,0,0,0,0,0,0,0,0,1,0
4,0.8170049277541135,0,0,0,0,0,0,0,0,0,0,0,0,0,1,0
2,0.3188841560177066,0,0,0,0,0,0,0,0,0,0,0,0,0,1,0
1,-0.16553912970851078,1,0,0,0,0,0,0,0,0,0,0,0,0,1,0
4,-0.4635429716862942,0,0,0,0,0,0,0,0,0,0,0,0,0,1,0
2,-0.8216821180990562,0,0,0,0,0,0,0,0,0,0,0,0,0,1,0
6,-0.12745343689969102,0,0,0,0,1,0,0,0,0,0,0,0,0,0,0
5,0.5223419360227177,0,0,0,0,0,0,0,0,0,0,0,0,0,1,0
1,0.7501879228263593,1,0,0,0,0,0,0,0,0,0,0,0,0,1,0
0,-0.023887079261672092,1,1,0,0,0,0,0,0,0,0,0,0,0,0,0
1,-0.6646621565188341,0,0,0,0,0,0,0,0,0,0,0,0,0,1,0
3,-0.717113505387121,0,0,0,0,0,0,0,0,0,0,0,0,0,1,0
3,0.17856844566942284,0,0,0,0,0,1,0,0,0,0,0,0,0,0,0
1,0.12377850162866445,1,0,0,0,0,0,0,0,0,0,0,0,0,1,0
4,-0.2463877056710933,0,0,0,0,0,0,0,0,0,0,0,0,0,1,0
4,0.2918232690219661,1,0,0,0,0,0,0,0,0,0,0,0,0,1,0
4,-0.025223419360227147,0,0,0,0,0,0,0,0,0,0,0,0,0,1,0
3,6.941364737325637,0,0,0,0,0,0,0,0,0,0,0,1,0,0,0
2,0.7665580890336592,0,0,0,0,0,0,0,0,0,0,0,0,0,1,0
4,0.33224755700325737,1,0,0,0,0,0,0,0,0,0,0,0,0,1,0
2,1.7370750856092878,0,0,0,0,1,0,0,0,0,0,0,0,0,0,0
3,-0.7856009354380691,1,0,0,0,0,0,0,0,0,0,0,0,0,1,0
1,-0.2390378351290404,1,0,0,0,0,0,0,0,0,0,0,0,0,1,0
2,0.012528188423953897,0,0,0,0,0,0,0,0,0,0,0,0,0,1,0
3,-0.2968345443915477,1,0,0,0,0,0,0,0,0,0,0,0,0,1,0
2,-0.09170633926334257,0,0,0,0,0,0,0,0,0,0,0,0,0,1,0
3,-0.0422617556168045,1,0,0,0,0,0,0,0,0,0,0,0,0,1,0
5,0.4287981291238621,1,0,0,0,0,0,0,0,0,0,0,0,0,1,0
3,1.3752610039254993,0,0,0,0,1,0,0,0,0,0,0,0,0,0,0
4,0.6980706589827113,1,0,0,0,0,0,0,0,0,0,0,0,0,1,0
4,-0.8023051866700076,0,0,0,0,0,0,0,0,0,0,0,0,0,1,0
1,0.09371084941117515,1,0,0,0,0,0,0,0,0,0,0,0,0,1,0
3,3.210055959241627,1,0,0,1,0,0,0,0,0,0,0,0,0,0,0
2,3.5377933684122618,0,0,0,0,0,0,0,0,0,0,0,0,0,0,0
3,0.08201787354881812,0,0,0,0,0,0,0,0,0,0,0,0,0,1,0
6,0.19694312202455538,1,0,0,0,0,0,0,0,0,0,0,0,0,1,0
2,1.6999916478743844,0,0,0,0,0,0,0,0,0,0,0,0,0,1,0
2,-0.6265764637100143,0,0,0,0,0,0,0,0,0,0,0,0,0,1,0
3,0.7167794203624822,0,0,0,0,0,0,0,0,0,0,0,0,0,1,0
3,1.4825022968345445,0,1,0,0,0,0,0,0,0,0,0,0,0,0,0
3,-0.4745677774993736,0,0,0,0,0,0,0,0,0,0,0,0,0,1,0
3,-0.41376430301511735,1,0,0,0,0,0,0,0,0,0,0,0,0,1,0
3,-0.7862691054873466,1,0,0,0,0,0,0,0,0,0,0,0,0,1,0
2,-0.1384782427127704,1,0,0,0,0,0,0,0,0,0,0,0,0,1,0
5,-0.9112235864027395,0,0,0,0,0,0,0,0,0,0,0,0,0,1,0
3,0.9680113588908379,1,0,0,0,0,0,0,0,0,0,0,0,0,1,0
5,-0.19527269690136137,0,0,0,0,0,0,0,0,0,0,0,0,0,1,0
4,0.18057295581725555,1,0,0,0,0,0,0,0,0,0,0,0,0,1,0
1,0.708761379771152,1,0,0,0,0,0,0,0,0,0,0,0,0,1,0
2,-0.04426626576463708,0,0,0,0,0,0,0,0,0,0,0,0,0,1,0
4,0.13814415768813157,0,0,0,0,0,0,0,0,0,0,0,0,0,0,0
3,1.037501044015702,0,0,0,0,0,0,0,0,0,0,0,0,0,1,0
4,-0.029232439655892426,1,0,0,0,0,0,0,0,0,0,0,0,0,1,0
3,-0.7802555750438488,1,0,0,0,0,0,0,0,0,0,0,0,0,1,0
3,-0.4528522508978535,1,0,0,0,0,0,0,0,0,0,0,0,0,1,0
2,0.4014031571034829,0,0,0,0,0,0,0,0,0,0,0,0,0,1,0
3,0.605195022133133,0,0,0,0,0,0,0,0,0,0,0,0,0,1,0
3,0.45786352626743504,0,0,0,0,0,0,0,0,0,0,0,0,0,0,0
2,0.7608786436148,0,0,0,0,0,0,0,0,0,0,0,0,0,1,0
5,0.2370333249812077,0,0,0,0,0,0,0,0,0,0,0,0,0,1,0
6,-0.7528606030234696,1,0,0,0,0,0,0,0,0,0,0,0,0,1,0
4,-0.120103566357638,0,0,0,0,0,0,0,0,0,0,0,0,0,1,0
5,0.5981792366157188,1,0,0,0,0,0,0,0,0,0,0,0,0,1,0
3,0.9098805646036917,0,0,0,0,0,0,0,0,0,0,0,0,0,1,0
3,-0.05529107157771657,1,0,0,0,0,0,0,0,0,0,0,0,0,1,0
3,0.6178902530694061,0,0,0,0,0,0,0,0,0,0,0,0,0,1,0
2,1.1885074751524265,0,0,0,0,0,1,0,0,0,0,0,0,0,0,0
2,0.5133216403574711,0,0,0,0,0,0,0,0,0,0,0,0,0,1,0
2,0.3332498120771737,0,0,0,0,0,0,0,0,0,0,0,0,0,1,0
2,0.5651048191764805,0,0,0,0,0,0,0,0,0,0,0,0,0,1,0
5,-0.7234611208552577,1,0,0,0,0,0,0,0,0,0,0,0,0,1,0
5,-0.8707926167209556,0,0,0,0,0,0,0,0,0,0,0,0,0,1,0
3,-0.45652718616888,1,0,0,0,0,0,0,0,0,0,0,0,0,1,0
2,-0.3489518082351959,1,0,0,0,0,0,0,0,0,0,0,0,0,1,0
3,-0.3248976864612044,1,0,0,0,0,0,0,0,0,0,0,0,0,1,0
2,-0.7070909546479579,0,0,0,0,0,0,0,0,0,0,0,0,0,1,0
4,0.2761212728639439,1,0,0,0,0,0,0,0,0,0,0,0,0,1,0
3,1.5676939781174308,1,0,0,0,0,0,0,0,0,0,0,0,0,1,0
4,-0.262757871878393,1,0,0,0,0,0,0,0,0,0,0,0,0,1,0
1,0.7541969431220247,1,1,0,0,0,0,0,0,0,0,0,0,0,0,0
5,0.289150588824856,0,0,0,0,0,0,0,0,0,0,0,0,0,1,0
2,-0.626910548734653,1,0,0,0,0,0,0,0,0,0,0,0,0,1,0
5,0.1130877808402239,0,0,0,0,0,0,0,0,0,0,0,0,0,1,0
3,0.4508477407500208,1,0,0,0,0,0,0,0,0,0,0,0,0,1,0
6,-0.29950722458865786,1,0,0,0,0,0,0,0,0,0,0,0,0,1,0
2,1.201870876137977,0,0,0,0,0,0,0,0,0,0,0,0,0,1,0
3,-0.08702914891839976,0,0,0,0,0,0,0,0,0,0,0,0,0,1,0
2,-0.8170049277541135,0,0,0,0,0,0,0,0,0,0,0,0,0,1,0
4,-0.12979203207216242,0,0,0,0,0,0,0,0,0,0,0,0,0,1,0
3,0.2757871878393052,0,0,0,0,0,0,0,0,0,0,0,0,0,1,0
4,0.9379437066733486,1,0,0,0,0,0,0,0,0,0,0,0,0,1,0
2,-0.17923661571870037,0,0,0,0,0,0,0,0,0,0,0,0,0,1,0
3,0.947298087363234,1,0,0,0,0,0,0,0,0,0,0,0,0,1,0
4,-0.7415017121857513,0,0,0,0,0,0,0,0,0,0,0,0,0,1,0
4,-0.20997243798546733,0,0,0,0,0,0,0,0,0,0,0,0,0,1,0
4,-0.45184999582393726,1,0,0,0,0,0,0,0,0,0,0,0,0,1,0
3,-0.41944374843397647,0,0,0,0,0,0,0,0,0,0,0,0,0,1,0
2,-0.11442412093877895,0,0,0,0,1,0,0,0,0,0,0,0,0,0,0
5,1.6441994487597096,1,0,0,0,1,0,0,0,0,0,0,0,0,0,0
2,-0.18357972103900447,0,0,0,0,0,0,0,0,0,0,0,0,0,1,0
2,-0.583145410506974,1,0,0,0,0,0,0,0,0,0,0,0,0,1,0
5,-0.6299173139564019,0,0,0,0,0,0,0,0,0,0,0,0,0,1,0
3,0.08903365906623234,1,0,0,0,0,0,0,0,0,0,0,0,0,1,0
2,-0.6760210473565523,1,0,0,0,0,0,0,0,0,0,0,0,0,1,0
5,0.04693894596174731,1,0,0,1,0,0,0,0,0,0,0,0,0,0,0
3,1.387288064812495,0,0,0,0,1,0,0,0,0,0,0,0,0,0,0
3,-0.9038670341601939,1,0,0,0,0,0,0,0,0,0,0,0,0,1,0
1,-0.5784682201620313,1,0,0,0,0,0,0,0,0,0,0,0,0,1,0
1,-0.5971769815418024,1,0,0,0,0,0,0,0,0,0,0,0,0,1,0
2,2.5843147080932103,1,0,0,0,0,1,0,0,0,0,0,0,0,0,0
6,0.7231270358306191,0,0,0,0,0,0,0,0,0,0,0,0,0,1,0
2,0.5985133216403575,1,0,0,0,0,0,0,0,0,0,0,0,0,1,0
2,0.5547481834126785,0,0,0,0,0,0,0,0,0,0,0,0,0,1,0
3,-0.6001837467635514,0,0,0,0,0,0,0,0,0,0,0,0,0,1,0
4,2.4353127871043183,0,0,0,0,0,0,0,0,1,0,0,0,0,0,0
4,-0.4034076672513155,0,0,0,0,0,0,0,0,0,0,0,0,0,1,0
3,-0.5804727303098639,1,0,0,0,0,0,0,0,0,0,0,0,0,1,0
3,0.024221164286310916,1,0,0,0,0,0,0,0,0,0,0,0,0,1,0
4,0.9229098805646038,0,0,0,0,0,0,0,0,0,0,0,0,0,1,0
2,-0.43514574459199873,0,0,0,0,0,0,0,0,0,0,0,0,0,1,0
2,-0.5296918065647708,1,0,0,0,0,0,0,0,0,0,0,0,0,1,0
6,0.40006681700492785,1,0,0,0,0,0,0,0,0,0,0,0,0,1,0
3,-0.1568529190679028,1,0,0,0,0,0,0,0,0,0,0,0,0,1,0
2,0.48291990311534283,1,0,0,0,0,0,0,0,0,0,0,1,0,0,0
6,-0.8737993819427046,1,1,0,0,0,0,0,0,0,0,0,0,0,0,0
3,-0.9112235864027395,0,0,0,0,0,0,0,0,0,0,0,0,0,1,0
2,0.07734068320387544,0,0,0,0,0,0,0,0,0,0,0,0,0,1,0
2,-0.08636097886912222,1,0,0,0,0,0,0,0,0,0,0,0,0,1,0
4,-0.3586402739497202,0,0,0,0,0,0,0,0,0,0,0,0,0,1,0
3,0.16921406497953723,0,0,0,0,0,0,0,0,0,0,0,0,0,1,0
3,-0.3683287396642445,0,0,0,0,1,0,0,0,0,0,0,0,0,0,0
2,6.819176480414266,0,0,0,0,0,0,0,0,0,0,0,0,1,0,0
2,-0.24505136557253826,0,0,0,0,0,0,0,0,0,0,0,0,0,0,0
3,-0.8761379771151759,0,0,0,1,0,0,0,0,0,0,0,0,0,0,0
1,6.941364737325637,0,0,0,0,0,0,0,0,0,0,0,1,0,0,0
4,-0.04125950054288815,0,0,0,0,0,0,0,0,0,0,0,0,0,1,0
3,0.4338094044934436,0,0,0,0,0,0,0,0,0,0,0,0,0,1,0
2,0.1518416436983213,0,0,0,0,0,0,0,0,0,0,0,0,0,1,0
1,0.3609788691221916,1,0,0,0,0,0,0,0,0,0,0,0,0,1,0
4,-0.6964002338595172,0,0,0,0,0,0,0,0,0,0,0,0,0,1,0
3,-0.862774576129625,0,0,0,0,0,0,0,0,0,0,0,0,0,1,0
5,1.412344441660403,0,0,0,0,0,1,0,0,0,0,0,0,0,0,0
5,-0.1748935103983964,0,0,0,0,0,0,0,0,0,0,0,0,0,1,0
4,0.5667752442996744,0,0,0,0,0,0,0,0,0,0,0,0,0,1,0
4,0.4084189426208971,0,1,0,0,0,0,0,0,0,0,0,0,0,0,0
4,0.35930844399899786,1,0,0,0,0,0,0,0,0,0,0,0,0,1,0
3,0.000835212561596879,0,0,0,0,0,0,0,0,0,0,0,0,0,1,0
6,-0.19059550655641858,1,0,0,0,0,0,0,0,0,0,0,0,0,1,0
4,-0.35529942370333256,0,0,0,0,1,0,0,0,0,0,0,0,0,0,0
1,0.03390963000083524,1,0,0,0,0,0,0,0,0,0,0,1,0,0,0
5,-0.9072078844065816,1,0,0,0,0,0,0,0,0,0,0,0,0,1,0
6,-0.052618391380606346,0,0,0,0,0,0,0,0,0,0,0,0,0,1,0
3,-0.6566441159275036,0,0,0,0,0,0,0,0,0,0,0,0,0,1,0
4,0.3576380188758039,0,0,0,0,0,0,0,0,0,0,0,0,0,1,0
1,-0.6329240791781509,0,0,0,0,0,0,0,0,0,0,0,0,0,1,0
4,-0.8106573122859768,0,0,0,0,0,0,0,0,0,0,0,0,0,1,0
2,-0.6700075169130544,0,0,0,0,0,0,0,0,0,0,0,0,0,1,0
6,6.941364737325637,1,0,0,0,0,0,0,1,0,0,0,0,0,0,0
5,0.4488432306021884,1,0,0,0,0,0,0,0,0,0,0,0,0,1,0
3,1.665246805311952,0,0,0,0,0,0,0,0,0,0,0,0,0,1,0
2,0.37267184498454864,1,0,0,0,0,0,0,0,0,0,0,0,0,1,0
4,4.219994988724631,1,0,0,0,0,0,0,0,0,0,0,1,0,0,0
5,0.2918232690219661,1,0,0,0,0,0,0,0,0,0,0,0,0,1,0
4,-0.12077173640691552,0,0,0,0,0,0,0,0,0,0,0,0,0,1,0
2,-0.038920905370416745,1,0,0,0,0,0,0,0,0,0,0,0,0,1,0
5,-0.4084189426208971,1,0,0,0,0,0,0,0,0,0,0,0,0,1,0
1,0.804643781842479,1,0,0,0,0,0,0,0,0,0,0,0,0,1,0
3,-0.14115092290988063,0,0,0,0,0,0,0,0,0,0,0,0,0,1,0
2,0.19861354714774912,0,0,0,0,0,0,0,0,0,0,0,0,0,1,0
4,1.4490937943706674,0,0,0,0,0,0,0,0,1,0,0,0,0,0,0
3,0.3192182410423453,0,0,0,0,0,0,0,0,0,0,0,0,0,1,0
3,0.6135471477491022,1,0,0,0,0,0,0,0,0,0,0,0,0,1,0
2,-0.6272446337592917,0,0,0,0,0,0,0,0,0,0,0,0,0,1,0
4,-0.3499540633091123,1,0,0,0,0,0,0,0,0,0,0,0,0,1,0
4,0.2159859684289653,0,0,0,0,0,0,0,0,0,0,0,0,0,1,0
4,-0.596174726467886,0,0,0,0,0,0,0,0,0,0,0,0,0,1,0
4,1.324814165205045,1,0,0,0,0,0,0,0,0,0,0,0,0,1,0
4,-0.40006681700492785,1,0,0,0,0,0,0,0,0,0,0,0,0,1,0
2,0.026225674434143496,1,0,0,0,0,0,0,0,0,0,0,0,0,1,0
2,6.941364737325637,0,0,0,0,0,1,0,0,0,0,0,0,0,0,0
3,-0.11609454606197282,1,0,0,0,0,0,0,0,0,0,0,0,0,1,0
4,-0.7956234861772322,0,0,0,0,1,0,0,0,0,0,0,0,0,0,0
2,6.941364737325637,1,0,0,0,0,0,1,0,0,0,0,0,0,0,0
4,-0.9112235864027395,1,0,0,0,0,0,0,0,0,0,0,0,1,0,0
2,0.39706005178317877,1,0,0,0,0,0,0,0,0,0,0,0,0,1,0
3,0.5631003090286477,0,0,0,0,0,0,0,0,0,0,0,0,0,1,0
3,0.8400567944541888,1,0,0,0,0,0,0,0,0,0,0,0,0,1,0
1,0.35028814833375094,0,0,0,0,0,0,0,0,0,0,0,0,0,1,0
2,-0.9112235864027395,0,0,0,0,0,0,0,0,0,0,0,0,0,1,0
1,-0.4191096634093377,0,0,0,0,0,0,0,0,0,0,0,0,0,1,0
3,1.289401152593335,0,0,0,0,0,0,0,0,0,0,0,0,0,1,0
5,-0.2280130293159609,0,0,0,0,0,0,0,0,0,0,0,0,0,1,0
1,0.43481165956735995,0,0,0,0,0,0,0,0,0,0,0,0,0,1,0
6,-0.5153261505053036,0,0,0,0,0,0,0,0,0,0,0,0,0,1,0
3,-0.02488933433558844,0,0,0,0,0,0,0,0,0,0,0,0,0,1,0
1,0.14115092290988063,1,0,0,0,0,0,0,0,0,0,0,0,0,1,0
3,-0.8073164620395891,1,0,0,0,0,0,0,0,0,0,0,0,0,1,0
4,0.654639605779671,1,0,0,0,0,0,0,0,0,0,0,0,0,1,0
4,-0.6172220830201287,1,0,0,0,0,0,0,0,0,0,0,0,0,1,0
6,2.464044099223252,0,0,0,1,0,0,0,0,0,0,0,0,0,0,0
4,2.314708093209722,1,0,0,0,0,1,0,0,0,0,0,0,0,0,0
3,6.941364737325637,1,0,0,0,0,0,0,0,0,0,0,0,0,0,1
2,1.0234694729808738,0,0,0,0,0,0,0,0,0,0,0,0,0,1,0
1,0.0536206464545227,1,0,0,0,0,0,0,0,0,0,0,0,0,1,0
4,-0.023887079261672092,0,0,0,0,0,0,0,0,0,0,0,0,0,1,0
3,-0.15418023887079257,1,0,0,0,0,0,0,0,0,0,0,0,0,1,0
1,0.9967426710097721,0,0,0,0,1,0,0,0,0,0,0,0,0,0,0
4,1.1674601186001838,1,0,0,0,0,0,0,0,0,0,0,0,0,1,0
2,0.15785517414181915,1,0,0,0,0,0,0,0,0,0,0,0,0,1,0
4,-0.41777332331078265,0,0,0,0,0,0,0,0,0,0,0,0,0,1,0
2,-0.04526852083855343,1,0,0,0,0,0,0,0,0,0,0,0,0,1,0
4,-0.23770149503048524,0,0,0,0,1,0,0,0,0,0,0,0,0,0,0
3,-0.2841393134552744,0,0,0,0,0,0,0,0,0,0,0,0,0,1,0
5,-0.44450012528188426,0,0,0,0,0,0,0,0,0,0,0,0,0,1,0
3,-0.49728555917481004,0,0,0,0,0,0,0,0,0,0,0,0,0,1,0
3,-0.21130877808402238,0,0,0,0,0,0,0,0,0,0,0,0,0,0,0
4,0.5270191263676606,1,0,0,0,0,0,0,0,0,0,0,0,0,1,0
2,-0.7110999749436232,0,0,0,0,0,0,0,0,0,0,0,0,0,1,0
5,-0.5681115843982295,0,0,0,0,0,0,0,0,0,0,0,0,0,1,0
2,0.17121857512736993,1,0,0,0,0,0,0,0,0,0,0,0,0,1,0
1,0.373340015033826,1,0,0,0,0,0,0,0,0,0,0,0,0,1,0
3,0.006180572955817213,0,0,0,0,0,0,0,0,0,0,0,0,0,1,0
3,0.7668921740582978,1,0,0,0,0,0,0,0,0,0,0,0,0,1,0
3,0.07800885325315296,1,0,0,0,0,0,0,0,0,0,0,0,0,1,0
3,-0.07366574793284886,0,0,0,0,0,0,0,0,0,0,0,0,0,1,0
4,-0.6456193101144242,1,0,0,0,0,0,0,0,0,0,0,0,0,1,0
2,-0.6850413430217991,1,0,0,0,0,0,0,0,0,0,0,0,0,1,0
2,1.1684623736741002,0,0,0,0,0,0,0,0,0,0,0,0,0,1,0
3,-0.7815919151424038,1,0,0,0,0,0,0,0,0,0,0,0,0,1,0
3,0.8023051866700076,1,0,0,0,0,0,0,0,0,0,0,0,0,1,0
3,0.38536707592082176,0,0,0,0,0,0,0,0,0,0,0,0,0,1,0
5,-0.41576881316295,1,0,0,0,0,0,0,0,0,0,0,0,0,1,0
4,0.8557587906122109,1,0,0,0,0,0,0,0,0,0,0,0,0,1,0
4,-0.5494028230184582,0,0,0,0,0,0,0,0,0,0,0,0,0,1,0
4,-0.48425624321389793,0,0,0,0,0,0,0,0,0,0,0,0,0,1,0
1,-0.797293911300426,1,0,0,0,0,0,0,0,0,0,0,0,0,1,0
4,-0.45986803641526774,1,0,0,0,0,0,0,0,0,0,0,0,0,1,0
3,-0.4692224171051533,0,0,0,0,0,0,0,0,0,0,0,0,0,1,0
3,-0.5380439321807401,0,0,0,0,0,0,0,0,0,0,0,0,0,1,0
4,0.056627411676271625,0,0,0,0,0,0,0,0,0,0,0,0,0,1,0
4,2.194103399315126,1,0,0,0,0,0,0,0,0,0,0,0,0,0,0
6,-0.7284723962248393,0,0,0,0,0,0,0,0,0,0,0,0,0,1,0
4,-0.11509229098805648,1,0,0,0,0,0,0,0,0,0,0,0,0,1,0
3,-0.02756201453269855,1,0,0,0,0,0,0,0,0,0,0,0,0,1,0
5,-0.022216654138478217,0,0,0,0,0,0,0,0,0,0,0,0,0,1,0
3,-0.5534118433141234,0,0,0,0,0,0,0,0,0,0,0,0,0,1,0
2,6.941364737325637,0,0,0,0,0,1,0,0,0,0,0,0,0,0,0
2,-0.30585484005679453,0,0,0,0,0,0,0,0,0,0,0,0,0,1,0
2,-0.784264595339514,0,0,0,0,0,0,0,0,0,0,0,0,0,1,0
3,-0.9112235864027395,1,0,0,0,0,0,0,0,0,0,0,0,0,1,0
2,1.0558757203708344,0,0,0,0,0,0,0,0,0,0,0,0,0,1,0
1,-0.24772404576964838,0,0,0,0,0,0,0,0,0,0,0,0,0,1,0
2,-0.21865864862607542,1,0,0,0,0,0,0,0,0,0,0,0,0,1,0
3,-0.9088783095297753,0,0,0,0,0,0,0,0,0,0,0,0,0,1,0
2,6.941364737325637,0,0,0,0,0,0,0,1,0,0,0,0,0,0,0
2,-0.44282970015869044,0,0,0,0,0,0,0,0,0,0,0,0,0,1,0
4,0.5868203457780005,1,0,0,0,0,0,0,0,0,0,0,0,0,1,0
4,0.036916395222584164,0,0,0,0,0,0,0,0,0,0,0,0,0,1,0
2,-0.32322726133801055,0,0,0,0,0,0,0,0,0,0,0,0,0,1,0
2,0.7124363150421784,0,0,0,0,1,0,0,0,0,0,0,0,0,0,0
6,1.0204627077591248,0,0,0,0,0,0,0,0,0,0,0,0,0,1,0
2,0.32322726133801044,1,0,0,0,0,0,0,0,0,0,0,0,0,1,0
2,-0.803307441743924,0,0,0,0,0,0,0,0,0,0,0,0,0,1,0
3,-0.6412762047941202,0,0,0,0,0,0,0,0,0,0,0,0,0,1,0
3,0.25841476655808904,1,0,0,0,0,0,0,0,0,0,0,0,0,1,0
2,-0.6663325816420279,0,0,0,0,0,0,0,0,0,0,0,0,0,1,0
1,-0.844065814749854,1,0,0,0,0,0,0,0,0,0,0,0,0,1,0
6,-0.27211225256827865,1,0,0,0,0,0,0,0,0,0,0,0,0,1,0
6,1.8423118683705004,1,0,0,0,1,0,0,0,0,0,0,0,0,0,0
4,-0.42445502380355804,0,0,0,0,0,0,0,0,0,0,0,0,0,1,0
3,-0.8373841142570786,1,0,0,0,0,0,0,0,0,0,0,0,0,1,0
1,-0.24004009020295664,1,0,0,0,0,0,0,0,0,0,0,0,0,1,0
3,-0.9112235864027395,1,0,0,0,1,0,0,0,0,0,0,0,0,0,0
1,0.4809153929675104,0,0,0,0,0,0,0,0,0,0,0,0,0,1,0
5,2.5058047273030986,0,0,0,1,0,0,0,0,0,0,0,0,0,0,0
4,1.1150087697318969,1,0,0,0,0,0,0,0,0,0,0,0,0,1,0
2,-0.8550906205629333,1,0,0,0,1,0,0,0,0,0,0,0,0,0,0
2,-0.7785851499206549,1,0,0,0,0,0,0,0,0,0,0,0,0,1,0
2,0.29249143907124375,0,0,0,0,0,0,0,0,0,0,0,0,0,1,0
5,3.364737325649378,0,0,0,0,0,1,0,0,0,0,0,0,0,0,0
2,6.941364737325637,0,0,0,0,0,1,0,0,0,0,0,0,0,0,0
4,1.1814916896350123,1,0,0,0,0,0,0,0,1,0,0,0,0,0,0
5,-0.5079762799632507,0,0,0,0,0,0,0,0,0,0,0,0,0,1,0
1,-0.16720955483170466,0,0,0,0,0,0,0,0,0,0,0,0,0,1,0
2,-0.2280130293159609,0,0,0,0,0,0,0,0,0,0,0,0,0,1,0
3,0.36599014449177314,0,0,0,0,1,0,0,0,0,0,0,0,0,0,0
4,-0.24738996074500966,1,0,0,0,0,0,0,0,0,0,0,0,0,1,0
3,-0.5804727303098639,1,0,0,0,1,0,0,0,0,0,0,0,0,0,0
4,0.31186837050029237,0,0,0,0,0,0,0,0,0,0,0,0,0,1,0
4,-0.4825858180907041,0,0,0,0,0,0,0,0,0,0,0,0,0,1,0
2,-0.6964002338595172,0,0,0,0,0,0,0,0,0,0,0,0,0,1,0
4,0.9235780506138814,1,0,0,0,0,0,0,0,0,0,0,0,0,1,0
3,3.833458615217573,0,0,0,0,0,1,0,0,0,0,0,0,0,0,0
5,-0.028898354631253603,0,0,0,0,0,0,0,0,0,0,0,0,0,1,0
6,-0.2503967259667586,1,0,0,0,0,0,0,0,0,0,0,0,0,1,0
4,-0.4538545059717699,0,0,0,0,0,0,0,0,0,0,0,0,0,0,0
2,0.04326401069072085,0,0,0,0,0,0,0,0,0,0,0,0,0,1,0
3,0.29082101394804977,0,0,0,0,0,0,0,0,0,0,0,0,0,1,0
5,0.43247306439488853,1,0,0,0,0,0,0,0,0,0,0,0,0,1,0
3,-0.6272446337592917,0,0,0,0,0,0,0,0,0,0,0,0,0,1,0
0,0.14683036832873977,0,0,0,0,0,0,0,0,0,0,0,0,0,1,0
4,-0.6095381274534368,0,0,0,0,0,0,0,0,0,0,0,0,0,1,0
5,1.7303933851165123,1,0,0,0,0,0,0,0,0,0,0,0,0,0,0
5,0.015869038670341652,1,0,0,0,1,0,0,0,0,0,0,0,0,0,0
1,-0.7241292909045353,0,0,0,0,0,0,0,0,0,0,0,0,0,1,0
4,-0.2664328071494196,1,0,0,0,0,0,0,0,0,0,0,0,0,1,0
0,0.6482919903115344,0,0,0,0,0,0,0,0,0,0,0,0,0,1,0
5,-0.08335421364737329,1,0,0,0,0,0,0,0,0,0,0,0,0,1,0
2,0.14248726300843567,1,0,0,0,0,0,0,0,0,0,0,0,0,1,0
1,0.07132715276037757,1,0,0,0,0,0,0,0,0,0,0,0,0,1,0
3,-0.9098805646036917,1,0,0,0,0,0,0,0,0,0,0,0,0,1,0
4,1.0572120604693898,0,0,0,0,0,0,0,0,0,0,0,0,0,1,0
2,0.8604359809571538,0,0,0,0,1,0,0,0,0,0,0,0,0,0,0
3,0.3365906623235615,0,1,0,0,0,0,0,0,0,0,0,0,0,0,0
2,1.0522007850998079,0,0,0,0,0,0,0,0,0,0,0,0,0,1,0
2,0.05027979620813494,0,0,0,0,0,0,0,0,0,0,0,0,0,1,0
3,1.181825774659651,1,0,0,0,0,0,0,0,0,0,0,0,0,1,0
2,-0.8841560177065064,0,0,0,0,0,0,0,0,0,0,0,0,0,1,0
2,0.26810323227261335,1,0,0,0,0,0,0,0,0,0,0,0,0,1,0
6,1.401319635847323,0,0,0,0,0,0,0,0,0,0,0,0,0,1,0
1,-0.7047523594754865,0,0,0,0,0,0,0,0,0,0,0,0,0,1,0
2,0.5296918065647707,0,0,0,0,0,0,0,0,0,0,0,0,0,1,0
2,-0.5784682201620313,0,0,0,0,0,0,0,0,0,0,0,0,0,1,0
3,-0.530694061638687,1,0,0,0,0,0,0,0,0,0,0,0,0,1,0
4,-0.5136557253821098,1,0,0,0,0,0,0,0,0,0,0,0,0,1,0
3,-0.9112235864027395,0,0,0,0,0,0,0,0,0,0,0,0,0,1,0
2,0.5965088114925248,0,0,0,1,0,0,0,0,0,0,0,0,0,0,0
6,1.0729140566274118,1,0,0,0,0,1,0,0,0,0,0,0,0,0,0
2,1.1988641109162284,1,0,0,0,0,0,0,0,0,0,0,0,0,0,0
4,-0.6636599014449178,0,0,0,0,0,0,0,0,0,0,0,0,0,1,0
5,-0.11074918566775249,1,0,0,0,0,0,0,0,0,0,0,0,0,1,0
3,1.448091539296751,0,0,0,0,0,0,0,0,0,0,0,0,0,1,0
3,-0.3536289985801387,0,0,0,0,0,0,0,0,0,0,0,0,0,1,0
2,3.7522759542303517,0,0,0,0,0,1,0,0,0,0,0,0,0,0,0
2,-0.7568696233191349,1,0,0,0,0,0,0,0,0,0,0,0,0,1,0
1,-0.5607617138561765,0,0,0,0,0,0,0,0,0,0,0,0,0,1,0
4,-0.7939530610540383,0,0,0,0,0,0,0,0,0,0,0,0,0,1,0
3,0.6031905119853003,0,0,0,0,0,0,0,0,0,0,0,0,0,1,0
2,-0.9112235864027395,1,0,0,0,0,0,0,0,0,0,0,0,0,1,0
4,-0.08302012862273447,0,0,0,0,0,0,0,0,0,0,0,0,0,1,0
2,-0.5761296249895598,0,0,0,0,0,0,0,0,0,0,0,0,0,1,0
2,6.941364737325637,0,0,0,0,0,1,0,0,0,0,0,0,0,0,0
2,0.14983713355048858,1,0,0,0,0,0,0,0,0,0,0,0,0,1,0
5,0.980706589827111,0,0,0,0,0,0,0,0,0,0,0,0,0,0,0
1,-0.06464545226760207,1,0,0,0,0,0,0,0,0,0,0,0,0,1,0
3,0.5106489601603608,0,0,0,0,0,0,0,0,0,0,0,0,0,1,0
2,0.1294579470475236,1,0,0,0,0,0,0,0,0,0,0,0,0,1,0
2,-0.7415017121857513,0,0,0,0,0,0,0,0,0,0,0,0,0,1,0
3,-0.026893844483421022,0,0,0,0,0,0,0,0,0,0,0,0,0,0,0
4,-0.3242295164119268,1,0,0,0,0,0,0,0,0,0,0,0,0,1,0
1,-0.5216737659734403,0,0,0,0,0,0,0,0,0,0,0,0,0,1,0
1,0.7662240040090205,0,0,0,0,0,0,0,0,0,0,0,0,0,1,0
5,-0.804643781842479,0,0,0,0,0,0,0,0,0,0,0,0,0,1,0
2,-0.06898855758790617,1,0,0,0,0,0,0,0,0,0,0,0,0,1,0
5,-0.7358222667668922,0,0,0,0,0,0,0,0,0,0,0,0,0,1,0
5,0.3215568362148167,0,0,0,0,0,0,0,0,0,0,0,0,0,1,0
3,-0.08068153345026308,0,0,0,0,0,0,0,0,0,0,0,0,0,1,0
3,0.40474400734987065,1,1,0,0,0,0,0,0,0,0,0,0,0,0,0
4,-0.49427879395306107,1,0,0,0,0,0,0,0,0,0,0,0,0,1,0
3,1.4691388958489935,0,0,0,0,1,0,0,0,0,0,0,0,0,0,0
4,0.561429883905454,0,0,0,0,0,0,0,0,0,0,0,0,0,1,0
2,-0.612544892675186,1,0,0,0,0,0,0,0,0,0,0,0,0,1,0
6,0.03524597009939029,1,0,0,0,0,0,0,0,0,0,0,0,0,1,0
2,-0.6820345778000502,1,0,0,0,0,0,0,0,0,0,0,0,0,1,0
3,-0.8677858514992066,1,0,0,0,0,0,0,0,0,0,0,0,0,1,0
6,0.2049611626158857,0,0,0,0,0,0,0,0,0,0,0,0,0,1,0
2,-0.22667668921740586,1,0,0,0,0,0,0,0,0,0,0,0,0,1,0
2,0.09638352960828538,0,0,0,0,0,0,0,0,0,0,0,0,0,1,0
1,-0.8233525432222502,1,0,0,0,0,0,0,0,0,0,0,0,0,1,0
2,-0.4257913639021131,0,0,0,0,0,0,0,0,0,0,0,0,0,1,0
2,0.43547982961663734,1,0,0,0,0,0,0,0,0,0,0,0,0,1,0
1,0.7324814165205045,1,0,0,0,0,0,0,0,0,0,0,0,0,1,0
2,0.1251148417272195,0,0,0,0,0,0,0,0,0,0,0,0,0,1,0
4,-0.3489518082351959,0,1,0,0,0,0,0,0,0,0,0,0,0,0,0
2,-0.055959241626994095,0,0,0,0,0,0,0,0,0,0,0,0,0,1,0
3,-0.17222083020128628,0,0,0,0,0,0,0,0,0,0,0,0,0,1,0
1,-0.9021966090369999,1,0,0,0,0,0,0,0,0,0,0,0,0,1,0
4,0.019209888916729284,0,0,0,0,0,0,0,0,0,0,0,0,0,1,0
3,0.8915058882485594,0,0,0,0,0,0,0,0,0,0,0,0,0,1,0
2,0.17823436064478415,0,0,0,0,0,0,0,0,0,0,0,0,0,1,0
3,-0.21498371335504884,1,0,0,0,0,0,0,0,0,0,0,0,0,1,0
5,0.20596341768980203,0,0,0,0,0,0,0,0,0,0,0,0,0,1,0
2,0.33625657729892255,1,0,0,0,0,0,0,0,0,0,0,0,0,1,0
1,0.5373757621314625,1,0,0,0,0,0,0,0,0,0,0,0,0,1,0
2,-0.14783262340265602,0,0,0,0,0,0,0,0,0,0,0,0,0,1,0
5,0.21832456360143648,1,0,0,0,0,0,0,0,0,0,0,0,0,1,0
2,0.48291990311534283,1,0,0,0,1,0,0,0,0,0,0,0,0,0,0
2,0.7314791614465883,1,0,0,0,0,0,0,0,0,0,0,0,0,1,0
5,0.8297001586903868,1,0,0,0,0,0,0,0,0,0,0,0,0,1,0
2,-0.9112235864027395,0,0,0,0,0,0,0,0,0,0,0,0,0,1,0
4,-0.2754531028146664,0,0,0,0,0,0,0,0,0,0,0,0,0,1,0
2,1.951891756452017,1,0,0,0,0,0,0,0,0,0,0,0,0,1,0
5,-0.43414348951808235,1,0,0,0,0,0,0,0,0,0,0,0,0,1,0
4,0.2620897018291155,0,0,0,0,0,0,0,0,0,0,0,0,0,1,0
2,-0.43481165956735995,1,0,0,0,0,0,0,0,0,0,0,0,0,1,0
4,0.5046354297168629,1,0,0,0,0,0,0,0,0,0,0,0,0,1,0
3,0.43948884991230275,1,0,0,0,0,0,0,0,0,0,0,0,0,1,0
3,1.5319468804810827,1,0,0,0,0,0,0,0,0,0,0,0,0,1,0
2,-0.7835964252902363,1,0,0,0,0,0,0,0,0,0,0,0,0,1,0
3,-0.593502046270776,0,0,0,0,0,0,0,0,0,0,0,0,0,1,0
2,3.4071661237785023,0,0,0,1,0,0,0,0,0,0,0,0,0,0,0
3,-0.7247974609538128,1,0,0,0,0,0,0,0,0,0,0,0,0,1,0
4,0.845402154848409,0,0,0,0,0,0,0,0,0,0,0,0,0,1,0
3,-0.2500626409421198,0,0,0,0,0,0,0,0,0,0,0,0,0,1,0
5,-0.7612127286394388,1,0,0,0,0,0,0,0,0,0,0,0,0,1,0
4,6.861271193518751,1,0,0,0,0,0,0,1,0,0,0,0,0,0,0
2,-0.860101895932515,1,0,0,0,0,0,0,0,0,0,0,0,0,1,0
2,0.174225340349119,0,0,0,0,0,0,0,0,0,0,0,0,0,1,0
6,0.2694395723711684,1,0,0,0,0,0,0,0,0,0,0,0,0,0,0
4,0.5119853002589161,0,0,0,0,0,0,0,0,0,0,0,0,0,1,0
3,-0.8447339847991314,1,0,0,0,0,0,0,0,0,0,0,0,0,1,0
2,0.19961580222166547,1,0,0,0,0,0,0,0,0,0,0,0,0,1,0
5,-0.1999498872463042,1,0,0,0,0,0,0,0,0,0,0,0,0,1,0
2,1.2105570867785853,0,0,0,0,0,0,0,0,0,0,0,0,0,1,0
2,-0.5881566858765557,1,0,0,0,0,0,0,0,0,0,0,0,0,1,0
2,0.027896099557337375,0,0,0,0,0,0,0,0,0,0,0,0,0,1,0
2,-0.7401653720871962,1,0,0,0,0,0,0,0,0,0,0,0,0,1,0
2,0.4014031571034829,1,0,0,0,0,0,0,0,0,0,0,0,0,1,0
5,0.825022968345444,0,0,0,0,0,1,0,0,0,0,0,0,0,0,0
4,0.6359308443998997,1,0,0,0,0,0,0,0,0,0,0,0,0,1,0
2,-0.2393719201536791,1,0,0,0,0,0,0,0,0,0,0,0,0,1,0
4,0.031571034828363834,0,0,0,0,0,0,0,0,0,0,0,0,0,1,0
1,-0.8590996408585986,1,0,0,0,0,0,0,0,0,0,0,0,0,0,0
1,-0.04359809571535955,1,0,0,0,0,0,0,0,0,0,0,0,0,1,0
2,0.14616219827946214,1,0,0,0,0,0,0,0,0,0,0,0,0,1,0
6,-0.24705587572037085,1,0,0,0,0,0,0,0,0,0,0,0,0,1,0
3,3.3974776580639774,0,0,0,0,0,1,0,0,0,0,0,0,0,0,0
2,0.8190094379019461,1,0,0,0,0,0,0,0,0,0,0,0,0,1,0
5,0.8524179403658232,0,0,0,0,0,0,0,0,0,0,0,0,0,1,0
5,-0.23836966507976287,0,0,0,0,0,0,0,0,0,0,0,0,0,1,0
2,0.8166708427294748,0,1,0,0,0,0,0,0,0,0,0,0,0,0,0
1,0.17188674517664757,0,0,0,0,0,0,0,0,0,0,0,0,0,1,0
1,0.07533617305604273,0,0,0,0,0,0,0,0,0,0,0,0,0,1,0
2,-0.881817422534035,1,0,0,0,1,0,0,0,0,0,0,0,0,0,0
1,0.2928255240958825,1,0,0,0,0,0,0,0,0,0,0,0,0,1,0
3,1.2349452935772156,1,0,0,0,1,0,0,0,0,0,0,0,0,0,0
5,0.3248976864612044,1,0,0,0,0,0,0,0,0,0,0,0,0,1,0
1,-0.5714524346446171,0,0,0,0,0,0,0,0,0,0,0,0,0,1,0
2,-0.8223502881483339,1,0,0,0,0,0,0,0,0,0,0,0,0,1,0
2,0.9068737993819429,0,0,0,0,0,0,0,0,0,0,0,0,0,1,0
2,0.3857011609454607,0,0,0,0,0,0,0,0,0,0,0,0,0,1,0
5,-0.07600434310532027,1,0,0,0,0,0,0,0,0,0,0,0,0,1,0
2,0.47256326735154114,0,0,0,0,0,0,0,0,0,0,0,0,0,1,0
5,0.1665413847824271,0,0,0,0,0,0,0,0,0,0,0,0,0,1,0
3,0.4795790528689551,1,0,0,0,0,0,0,0,0,0,0,0,0,1,0
2,0.7912803808569282,0,0,0,0,0,0,0,0,0,0,0,0,0,1,0
2,-0.2510648960160361,1,0,0,0,0,0,0,0,0,0,0,0,0,1,0
2,-0.8417272195773825,1,0,0,0,0,0,0,0,0,0,0,0,0,1,0
2,0.07132715276037757,0,0,0,0,0,0,0,0,0,0,0,0,0,1,0
1,-0.2734485926668337,1,0,0,0,0,0,0,0,0,0,0,0,0,1,0
2,-0.822016203123695,0,0,0,0,0,0,0,0,0,0,0,0,0,1,0
3,0.6098722124780758,0,0,0,0,0,0,0,0,0,0,0,0,0,1,0
2,-0.4795790528689552,0,0,0,0,0,0,0,0,0,0,0,0,0,1,0
1,-0.7665580890336592,1,0,0,0,0,0,0,0,0,0,0,0,0,1,0
1,-0.6957320638102398,0,0,0,0,0,0,0,0,0,0,0,0,0,1,0
1,1.2579971602772908,0,0,0,0,0,0,0,0,0,0,0,0,0,1,0
2,0.016537208719619178,1,0,0,0,0,0,0,0,0,0,0,0,0,1,0
0,-0.46554748183412686,0,0,0,0,0,0,0,0,0,0,0,0,0,1,0
4,0.3442746178902531,0,0,0,0,0,0,0,0,0,0,0,0,0,1,0
1,-0.3228931763133718,0,0,0,0,0,0,0,0,0,0,0,0,0,1,0
3,0.48960160360811833,1,0,0,0,0,0,0,0,0,0,0,0,0,1,0
5,-0.23068570951307113,1,0,0,0,0,0,0,0,0,0,0,0,0,1,0
2,0.2744508477407502,1,0,0,0,0,0,0,0,0,0,0,0,0,1,0
4,-0.30919569030318217,0,0,0,0,0,0,0,0,0,0,0,0,0,1,0
5,-0.4982878142487263,0,0,0,0,0,0,0,0,0,0,0,0,0,1,0
2,-0.4645452267602105,1,0,0,0,0,0,0,0,0,0,0,0,0,1,0
3,0.5547481834126785,1,0,0,0,0,0,0,0,0,0,0,0,0,1,0
2,-0.8156685876555584,0,0,0,0,0,0,0,0,0,0,0,0,0,1,0
1,-0.5971769815418024,1,0,0,0,1,0,0,0,0,0,0,0,0,0,0
4,-0.5911634510983046,1,0,0,0,0,0,0,0,0,0,0,0,0,1,0
4,-0.30685709513071074,1,0,0,0,0,0,0,0,0,0,0,0,0,1,0
4,-0.4144324730643949,0,0,0,0,0,0,0,0,0,0,0,0,0,1,0
4,0.18992733650714116,0,0,0,0,0,0,0,0,0,0,0,0,0,1,0
2,-0.7862691054873466,1,0,0,0,0,0,0,0,0,0,0,0,0,1,0
2,-0.5661070742503967,1,0,0,0,0,0,0,0,0,0,0,0,0,1,0
4,-0.6496283304100894,1,0,0,0,0,0,0,0,0,0,0,0,0,1,0
6,-0.29817088449010276,0,0,0,0,1,0,0,0,0,0,0,0,0,0,0
4,-0.6516328405579221,1,0,0,0,0,0,0,0,0,0,0,0,0,1,0
1,-0.09504718950973019,1,0,0,0,0,0,0,0,0,0,0,0,0,0,0
5,1.2195773824438318,1,0,0,0,0,0,0,0,0,0,0,0,0,1,0
5,1.0879478827361564,0,0,0,0,0,0,0,0,0,0,0,0,0,1,0
5,0.5888248559258332,1,0,0,0,0,0,0,0,0,0,0,0,0,1,0
5,0.8383863693309948,0,0,0,0,0,0,0,0,0,0,0,0,0,1,0
2,-0.30919569030318217,1,0,0,0,0,0,0,0,0,0,0,0,0,1,0
1,-0.8053119518917565,0,0,0,0,0,0,0,0,0,0,0,0,0,0,0
3,1.0548734652969183,0,0,0,0,0,0,0,0,0,0,0,0,0,1,0
3,0.7809237450931262,1,0,0,0,0,0,0,0,0,0,0,0,0,1,0
3,-0.24338094044934439,1,0,0,0,0,0,0,0,0,0,0,0,0,1,0
2,0.4384865948383864,1,0,0,0,0,0,0,0,0,0,0,0,0,1,0
1,0.0973857846822016,0,0,0,0,0,0,0,0,0,0,0,0,0,1,0
2,-0.26743506222333585,0,0,0,0,0,0,0,0,0,0,0,0,0,1,0
4,0.9823770149503049,0,0,0,0,0,0,0,0,0,0,0,0,0,1,0
1,0.7632172387872714,1,0,0,0,0,0,0,0,0,0,0,0,0,1,0
4,6.941364737325637,0,0,0,0,0,1,0,0,0,0,0,0,0,0,0
6,0.46922241710515333,1,0,0,0,0,0,0,0,0,0,0,0,0,1,0
2,0.5223419360227177,0,0,0,0,0,0,0,0,0,0,0,0,0,1,0
3,1.4992065480664831,1,0,0,0,0,0,0,0,0,0,0,0,0,1,0
4,-0.5133216403574711,1,0,0,0,0,0,0,0,0,0,0,0,0,1,0
2,-0.21565188340432637,0,0,0,0,0,0,0,0,0,0,0,0,0,1,0
4,3.03265681115844,0,0,0,0,0,0,1,0,0,0,0,0,0,0,0
6,0.20395890754196935,1,0,0,0,0,0,0,0,0,0,0,0,0,1,0
4,-0.6790278125783012,1,0,0,0,0,0,0,0,0,0,0,0,0,1,0
3,0.644282970015869,0,0,0,0,0,0,0,0,0,0,0,0,0,1,0
6,-0.3395974275453103,1,0,0,0,0,0,0,0,0,0,0,0,0,1,0
3,-0.057963751774826676,1,0,0,0,0,0,0,0,0,0,0,0,0,1,0
4,0.564436649127203,1,0,0,0,1,0,0,0,0,0,0,0,0,0,0
1,-0.5283554664662157,1,0,0,0,0,0,0,0,0,0,0,0,0,1,0
3,-0.45585901611960244,0,0,0,0,0,0,0,0,0,0,0,0,0,1,0
2,6.941364737325637,0,0,0,0,0,1,0,0,0,0,0,0,0,0,0
1,1.1677942036248226,0,0,0,0,1,0,0,0,0,0,0,0,0,0,0
3,-0.794287146078677,0,0,0,0,0,0,0,0,0,0,0,0,0,1,0
2,-0.6008519168128289,0,0,0,0,0,0,0,0,0,0,0,0,0,1,0
3,0.3218909212394554,0,0,0,0,0,0,0,0,0,0,0,0,0,1,0
3,0.551407333166291,0,0,0,0,0,0,0,0,0,0,0,0,0,1,0
6,0.4475068905036333,0,0,0,0,0,0,0,0,0,0,0,0,0,1,0
2,2.9100476071160113,0,0,0,0,0,0,0,0,0,0,0,0,0,0,0
5,0.8263593084439991,0,0,0,0,0,0,0,0,0,0,0,0,0,1,0
3,-0.2878142487263008,0,0,0,0,0,0,0,0,0,0,0,0,0,1,0
3,-0.65764637100142,1,0,0,0,0,0,0,0,0,0,0,0,0,1,0
3,0.49962415434728136,1,0,0,0,0,0,0,0,0,0,0,0,0,1,0
5,0.6018541718867453,0,0,0,0,0,0,0,0,0,0,0,0,0,1,0
2,-0.7819260001670426,0,0,0,0,0,0,0,0,0,0,0,0,0,1,0
4,-0.39138060636431976,1,0,0,0,0,0,0,0,0,0,0,0,0,1,0
3,1.0475235947548651,0,0,0,0,1,0,0,0,0,0,0,0,0,0,0
3,0.18725465631003083,1,0,0,0,0,0,0,0,0,0,0,0,0,1,0
5,-0.19727720704919408,0,0,0,0,0,0,0,0,0,0,0,0,0,1,0
3,-0.7962916562265098,0,0,0,0,0,0,0,0,0,0,0,0,0,1,0
3,-0.21732230852752024,0,0,0,0,0,0,0,0,0,0,0,0,0,1,0
4,-0.6740165372087197,0,0,0,0,0,0,0,0,0,0,0,0,0,1,0
3,0.5266850413430219,1,0,0,0,0,0,0,0,0,0,0,0,0,1,0
2,-0.013864528522508952,0,0,0,0,0,0,0,0,0,0,0,0,0,1,0
2,0.026225674434143496,1,0,0,0,0,0,0,0,0,0,0,0,0,1,0
2,-0.5380439321807401,1,0,0,0,0,0,0,0,0,0,0,0,0,1,0
3,0.45118182577465976,1,0,0,0,0,0,0,0,0,0,0,0,0,1,0
2,0.31186837050029237,0,0,0,0,0,0,0,0,0,0,0,0,0,1,0
4,-0.7515242629249145,0,0,0,0,0,0,0,0,0,0,0,0,0,0,0
4,0.7732397895264347,1,0,0,0,0,0,0,0,0,0,0,0,0,1,0
2,-0.8113254823352544,0,0,0,0,0,0,0,0,0,0,0,0,0,1,0
3,6.941364737325637,0,0,0,0,0,0,0,0,0,1,0,0,0,0,0
2,1.0889501378100728,0,0,0,0,0,0,0,0,0,0,0,0,0,1,0
2,-0.7892758707090956,0,0,0,0,0,0,0,0,0,0,0,0,0,1,0
2,0.5286895514908546,0,0,0,0,0,0,0,0,0,0,0,0,0,1,0
4,-0.8109913973106155,1,0,0,0,1,0,0,0,0,0,0,0,0,0,0
3,0.17622985049695145,1,0,0,0,0,0,0,0,0,0,0,0,0,1,0
3,-0.9112235864027395,1,0,0,0,0,0,0,0,0,0,0,0,0,1,0
3,-0.5320304017372421,0,0,0,0,0,0,0,0,0,0,0,0,0,1,0
1,0.960327403324146,0,0,0,0,0,0,0,0,0,0,0,0,0,1,0
3,0.216320053453604,1,0,0,0,0,0,0,0,0,0,0,0,0,1,0
2,-0.8704585316963168,1,0,0,0,0,0,0,0,0,0,0,0,0,1,0
4,3.2785433892925755,0,0,0,0,0,0,0,0,0,0,0,1,0,0,0
5,-0.42746178902530696,0,0,0,0,0,0,0,0,0,0,0,0,0,1,0
2,-0.6953979787856011,1,0,0,0,0,0,0,0,0,0,0,0,0,1,0
2,-0.4875970934602857,1,0,0,0,0,0,0,0,0,0,0,0,0,1,0
2,-0.4371502547398314,1,0,0,0,0,0,0,0,0,0,0,0,0,1,0
5,0.6182243380940451,0,0,0,0,0,0,0,0,0,0,0,0,0,1,0
2,-0.8754698070658983,0,0,0,0,0,0,0,0,0,0,0,0,0,1,0
6,0.1999498872463042,1,0,0,0,0,0,0,0,0,0,0,0,0,1,0
5,-0.16887997995489853,1,0,0,0,0,0,0,0,0,0,0,0,0,1,0
4,-0.28948467384949467,0,0,0,0,0,0,0,0,0,0,0,0,0,1,0
3,0.46955650212979205,0,0,0,0,1,0,0,0,0,0,0,0,0,0,0
3,0.7268019711016455,0,0,0,0,0,0,0,0,0,0,0,0,0,1,0
2,0.19861354714774912,1,0,0,0,0,0,0,0,0,0,0,0,0,1,0
2,0.45786352626743504,0,0,0,0,0,0,0,0,0,0,0,0,0,1,0
3,0.23302430468554253,1,0,0,0,0,0,0,0,0,0,0,0,0,1,0
2,1.0408418942620898,0,0,0,0,0,0,0,0,0,0,0,0,0,1,0
6,0.7304769063726719,0,0,0,0,0,0,0,0,0,0,0,0,0,1,0
2,0.20395890754196935,0,0,0,0,0,0,0,0,0,0,0,0,0,1,0
1,-0.11275369581558507,0,0,0,0,0,0,0,0,0,0,0,0,0,1,0
4,1.00275620145327,0,0,0,0,0,0,0,0,0,0,0,0,0,1,0
1,-0.41710515326150505,1,0,0,0,1,0,0,0,0,0,0,0,0,0,0
3,0.277457612962499,1,0,0,0,1,0,0,0,0,0,0,0,0,0,0
1,-0.8363818591831622,0,0,0,0,0,0,0,0,0,0,0,0,0,1,0
3,-0.8851582727804227,0,0,0,0,0,0,0,0,0,0,0,0,0,1,0
4,0.38236031069907295,1,0,0,0,0,0,0,0,0,0,0,0,0,1,0
2,-0.804643781842479,0,0,0,0,1,0,0,0,0,0,0,0,0,0,0
3,-0.7602104735655224,1,0,0,0,0,0,0,0,0,0,0,0,0,1,0
2,-0.5914975361229433,0,0,0,0,0,0,0,0,0,0,0,0,0,1,0
6,-0.7822600851916813,1,0,0,0,0,0,0,0,0,0,0,0,0,1,0
5,-0.014866783596425301,1,0,0,0,1,0,0,0,0,0,0,0,0,0,0
2,0.7378267769147249,0,0,0,0,0,0,0,0,0,0,0,0,0,1,0
2,0.5417188674517667,0,0,0,0,0,0,0,0,0,0,0,0,0,1,0
2,-0.3770149503048526,1,0,0,0,0,0,0,0,0,0,0,0,0,1,0
2,0.8079846320888667,1,0,0,0,1,0,0,0,0,0,0,0,0,0,0
3,0.21498371335504896,0,0,0,0,0,0,0,0,0,0,0,0,0,1,0
4,-0.7207884406581475,0,0,0,0,0,0,0,0,0,0,0,0,0,1,0
2,-0.8393886244049111,1,0,0,0,0,0,0,0,1,0,0,0,0,0,0
3,0.27211225256827876,1,0,0,0,0,0,0,0,0,0,0,0,0,1,0
5,0.43013446922241716,1,0,0,0,0,0,0,0,0,0,0,0,0,1,0
2,0.5998496617389125,0,0,0,0,0,0,0,0,0,0,0,0,0,1,0
4,0.23803558005512404,1,1,0,0,0,0,0,0,0,0,0,0,0,0,0
4,0.39204877641359726,0,0,0,0,0,0,0,0,0,0,0,0,0,1,0
3,0.11876722625908294,0,0,0,0,0,0,0,0,0,0,0,0,0,1,0
5,1.0197945377098472,1,0,0,0,0,0,0,0,0,0,0,0,0,1,0
3,0.17389125532448005,0,0,0,0,0,0,0,0,0,0,0,0,0,1,0
3,-0.7217906957320639,1,0,0,0,0,0,0,0,0,0,0,0,0,1,0
2,-0.9112235864027395,0,0,0,0,0,0,0,0,0,0,0,0,0,1,0
3,-0.10373340015033829,0,0,0,0,0,0,0,0,0,0,0,0,0,1,0
1,0.0035078927587071057,0,0,0,0,0,0,0,0,0,0,0,0,0,1,0
4,-0.3696650797627997,1,0,0,0,0,0,0,0,1,0,0,0,0,0,0
1,-0.09538127453436902,0,0,0,0,0,0,0,0,0,0,0,0,0,1,0
5,-0.12912386202288478,0,0,0,0,0,0,0,0,1,0,0,0,0,0,0
2,0.7064227845986806,0,0,0,0,0,0,0,0,0,0,0,0,0,1,0
2,5.354213647373257,1,0,0,0,0,0,0,0,0,0,0,1,0,0,0
1,-0.051950221331328816,0,0,0,0,0,0,0,0,0,0,0,0,0,1,0
2,-0.7909462958322894,1,0,0,0,0,0,0,0,0,0,0,0,0,1,0
4,0.2734485926668338,0,0,0,0,0,0,0,0,0,0,0,0,0,1,0
2,-0.5714524346446171,0,0,0,0,0,0,0,0,0,0,0,0,0,1,0
3,-0.43882067986302514,0,0,0,0,0,0,0,0,0,0,0,0,0,1,0
4,-0.07901110832706919,1,0,0,0,0,0,0,0,0,0,0,0,0,1,0
2,-0.4545226760210474,0,0,0,0,0,0,0,0,0,0,0,0,0,1,0
3,0.13480330744174382,1,0,0,0,0,0,0,0,0,0,0,0,0,1,0
2,-0.12210807650547069,0,0,0,0,0,0,0,0,0,0,0,0,0,1,0
2,-0.7100977198697068,1,0,0,0,0,0,0,0,0,0,0,0,0,1,0
5,-0.3258999415351207,0,0,0,0,0,0,0,0,0,0,0,0,0,1,0
3,-0.7839305103148752,1,0,0,0,0,0,0,0,0,0,0,0,0,1,0
3,-0.8163367577048359,1,0,0,0,0,0,0,0,0,0,0,0,0,1,0
1,-0.2233358389710181,1,0,0,0,0,0,0,0,0,0,0,0,0,1,0
4,0.8681199365238453,0,0,0,0,0,0,0,0,0,0,0,0,0,1,0
3,-0.7030819343522928,1,0,0,0,0,0,0,0,0,0,0,0,0,1,0
3,-0.06431136724296337,1,0,0,0,1,0,0,0,0,0,0,0,0,0,0
6,-0.46554748183412686,0,0,0,0,1,0,0,0,0,0,0,0,0,0,0
2,3.062056293326652,0,0,0,0,1,0,0,0,0,0,0,0,0,0,0
3,-0.9112235864027395,1,0,0,0,0,0,0,0,0,0,0,0,0,1,0
3,0.3419360227177817,1,0,0,0,0,0,0,0,0,0,0,0,0,1,0
2,0.6943957237116846,0,0,0,0,0,0,0,0,0,0,0,0,0,1,0
4,1.4093376764386538,0,0,0,0,0,0,0,0,1,0,0,0,0,0,0
4,-0.09204042428798126,0,0,0,0,0,0,0,0,0,0,0,0,0,1,0
3,-0.7602104735655224,0,0,0,0,0,0,0,0,0,0,0,0,0,1,0
3,-0.6456193101144242,0,0,0,0,0,0,0,0,0,0,0,0,0,1,0
4,1.3037668086528025,0,0,0,0,0,0,0,0,0,0,0,0,0,1,0
3,-0.03390963000083524,1,0,0,0,0,0,0,0,0,0,0,0,0,1,0
3,0.07533617305604273,1,0,0,0,0,0,0,0,0,0,0,0,0,1,0
2,1.2914056627411679,1,0,0,0,0,0,0,0,0,0,0,0,0,1,0
5,-0.6790278125783012,1,0,0,0,0,0,0,0,0,0,0,0,0,1,0
2,2.1566858765555836,1,0,0,0,0,0,0,0,0,0,0,0,0,1,0
3,-0.04627077591246978,1,0,0,0,0,0,0,0,0,0,0,0,0,1,0
2,-0.1732230852752025,1,0,0,0,0,0,0,0,0,0,0,0,0,1,0
2,0.8941785684456696,0,0,0,0,0,0,0,0,0,0,0,0,0,1,0
2,-0.7094295498204294,1,0,0,0,0,0,0,0,0,0,0,0,0,1,0
5,0.20262256744341428,1,0,0,0,0,0,0,0,0,0,0,0,0,1,0
2,-0.1525098137475988,0,0,0,0,1,0,0,0,0,0,0,0,0,0,0
2,0.09070408418942622,0,0,0,0,0,0,0,0,0,0,0,0,0,1,0
5,-0.4555249310949637,0,0,0,0,0,0,0,0,0,0,0,0,0,1,0
5,-0.43180489434561103,0,0,0,0,0,0,0,0,0,0,0,0,0,1,0
2,-0.07934519335170802,0,0,0,0,0,0,0,0,0,0,0,0,0,1,0
3,0.14616219827946214,1,0,0,0,0,0,0,0,0,0,0,0,0,1,0
1,-0.03390963000083524,1,0,0,0,0,0,0,0,0,0,0,0,0,1,0
3,0.19326818675352866,1,0,0,0,0,0,0,0,0,0,0,0,0,1,0
2,0.5437233775995991,0,0,0,0,0,0,0,0,0,0,0,0,0,1,0
2,0.9776998246053622,1,0,0,0,0,0,0,0,0,0,0,0,0,1,0
4,0.10039254990395054,0,0,0,0,0,0,0,0,0,0,0,0,0,1,0
2,0.73916311701328,0,0,0,0,0,0,0,0,0,0,0,0,0,1,0
3,4.780255575043849,0,0,0,0,0,1,0,0,0,0,0,0,0,0,0
5,-0.032907374926918885,1,0,0,0,0,0,0,0,0,0,0,0,0,1,0
4,0.6262423786853754,1,0,0,0,0,0,0,0,0,0,0,0,0,1,0
2,0.23302430468554253,1,0,0,0,0,0,0,0,0,0,0,0,0,0,0
2,-0.43080263927169465,0,0,0,0,0,0,0,0,0,0,0,0,0,1,0
5,0.5620980539547317,0,0,0,0,0,0,0,0,0,0,0,0,0,1,0
2,0.6843731729725215,1,0,0,0,0,0,0,0,0,0,0,0,0,1,0
4,1.7644700576296668,0,0,0,0,0,0,0,0,0,0,0,0,0,1,0
2,0.7976279963250648,1,0,0,0,0,0,0,0,0,0,0,0,0,1,0
3,0.015869038670341652,0,0,0,0,0,0,0,0,0,0,0,0,0,1,0
2,-0.29449594921907635,1,0,0,0,1,0,0,0,0,0,0,0,0,0,0
6,-0.3790194604526852,1,0,0,0,0,0,0,0,0,0,0,0,0,1,0
2,-0.33892925749603275,0,0,0,0,0,0,0,0,0,0,0,0,0,1,0
2,6.941364737325637,0,0,0,0,0,0,0,0,0,0,0,0,0,0,0
3,0.7338177566190597,1,0,0,0,0,0,0,0,1,0,0,0,0,0,0
5,1.0408418942620898,0,0,0,0,0,0,0,0,0,0,0,1,0,0,0
2,-0.6195606781926001,0,0,0,0,0,0,0,0,0,0,0,0,0,1,0
2,0.9493025975110666,1,0,0,0,0,0,0,0,0,0,0,0,0,1,0
3,0.21899273365071412,1,0,0,0,1,0,0,0,0,0,0,0,0,0,0
4,-0.8113254823352544,1,0,0,0,0,1,0,0,0,0,0,0,0,0,0
2,6.941364737325637,0,0,0,0,0,0,0,0,0,0,0,0,1,0,0
4,0.1364737325649378,1,0,0,0,0,0,0,0,0,0,0,0,0,1,0
1,0.44249561513405156,0,0,0,0,0,0,0,0,0,0,0,0,0,1,0
5,-0.6693393468637769,0,0,0,0,0,0,0,0,0,0,0,0,0,1,0
2,1.5673598930927926,0,0,0,0,0,1,0,0,0,0,0,0,0,0,0
2,0.4635429716862942,0,0,0,0,0,0,0,0,0,0,0,0,0,1,0
4,-0.8327069239121357,1,0,0,0,0,0,0,0,0,0,0,0,0,1,0
4,-0.2938277791697988,0,0,0,0,0,0,0,0,0,0,0,0,0,1,0
4,-0.7568696233191349,0,0,0,1,0,0,0,0,0,0,0,0,0,0,0
3,0.9182326902196609,0,0,0,0,0,0,0,0,0,0,0,0,0,1,0
2,0.02455524931094962,1,0,0,0,0,0,0,0,0,0,0,0,0,1,0
2,-0.6058631921824104,1,0,0,0,0,0,0,0,0,0,0,0,0,1,0
4,-0.8684540215484842,1,0,0,0,0,0,0,0,0,0,0,0,0,1,0
3,0.3559675937526101,0,0,0,0,0,0,0,0,0,0,0,0,0,1,0
5,-0.07667251315459792,0,0,0,0,0,0,0,0,0,0,0,0,0,1,0
4,-0.8891672930760879,0,0,0,0,0,0,0,0,0,0,0,0,0,1,0
1,-0.15818925916645785,0,0,0,0,0,0,0,0,0,0,0,0,0,1,0
2,0.5350371669589912,0,0,0,0,0,0,0,0,0,0,0,0,0,1,0
2,0.2734485926668338,0,0,0,0,0,0,0,0,0,0,0,0,0,1,0
3,-0.3810239706005179,1,0,0,0,0,0,0,0,0,0,0,0,0,1,0
2,-0.6920571285392133,1,0,0,0,0,0,0,0,0,0,1,0,0,0,0
5,0.5326985717865197,0,0,0,0,0,0,0,0,0,0,0,1,0,0,0
2,0.016203123694980354,0,0,0,0,0,0,0,0,0,0,0,0,0,1,0
2,0.16487095965923337,1,0,0,0,0,0,0,0,0,0,0,0,0,1,0
4,0.520671510899524,1,0,0,0,0,0,0,0,0,0,0,0,0,1,0
2,-0.41376430301511735,0,0,0,0,1,0,0,0,0,0,0,0,0,0,0
1,-0.7872713605612629,1,0,0,0,0,0,0,0,0,0,0,0,0,1,0
5,-0.38536707592082187,0,0,0,0,0,0,0,0,0,0,0,0,0,1,0
2,0.22032907374926916,0,0,0,1,0,0,0,0,0,0,0,0,0,0,0
1,-0.20061805729558171,0,0,0,0,0,0,0,0,0,0,0,0,0,1,0
2,6.941364737325637,1,0,0,0,0,0,1,0,0,0,0,0,0,0,0
1,0.099724379854673,1,0,0,0,0,0,0,0,0,0,0,0,0,1,0
4,0.5256827862691055,0,0,0,0,0,0,0,0,0,0,0,0,0,1,0
4,0.7124363150421784,1,0,0,0,0,0,0,0,0,0,0,0,0,1,0
4,-0.7247974609538128,1,0,0,0,0,0,0,0,0,0,0,0,0,1,0
2,0.1227762465547481,1,0,0,0,0,0,0,0,0,0,0,0,0,1,0
3,-0.5347030819343525,0,0,0,0,0,0,0,0,0,0,0,0,0,1,0
2,-0.551407333166291,1,0,0,0,0,0,0,0,0,0,0,0,0,1,0
4,-0.8327069239121357,0,0,0,0,0,0,0,0,0,0,0,0,0,1,0
3,-0.678025557504385,1,0,0,0,0,0,0,0,0,0,0,0,0,1,0
3,-0.8687881065731229,1,0,0,0,0,0,0,0,0,0,0,0,0,1,0
2,0.2534034911885075,1,0,0,0,0,0,0,0,0,0,0,0,0,1,0
3,-0.5119853002589159,0,0,0,0,1,0,0,0,0,0,0,0,0,0,0
2,-0.6229015284389877,1,0,0,0,0,0,0,0,0,0,0,0,0,1,0
2,-0.2734485926668337,0,0,0,0,1,0,0,0,0,0,0,0,0,0,0
3,0.5179988307024139,0,0,0,0,0,0,0,0,1,0,0,0,0,0,0
2,-0.45218408084857603,1,0,0,0,0,0,0,0,0,0,0,0,0,1,0
3,-0.3422701077424205,1,0,0,0,0,0,0,0,0,0,0,0,0,1,0
4,-0.4354798296166375,0,0,0,0,0,0,0,0,0,0,0,0,0,1,0
5,1.9548985216737662,1,0,0,0,0,0,0,0,1,0,0,0,0,0,0
1,-0.40975528271945216,0,0,0,0,0,0,0,0,0,0,0,0,0,1,0
1,2.534536039422033,1,0,0,0,0,0,0,0,0,0,0,0,0,0,0
4,1.2219159776163036,1,0,0,0,0,0,0,0,0,0,0,0,0,1,0
4,-0.37935354547732403,0,0,0,0,0,0,0,0,0,0,0,0,0,1,0
3,-0.05161613630669011,1,0,0,0,0,0,0,0,0,0,0,0,0,1,0
2,0.3967259667585401,0,0,0,0,0,0,0,0,0,0,0,0,0,1,0
3,0.13046020212143997,0,0,0,0,0,0,0,0,0,0,0,0,0,0,0
2,0.44817506055291073,1,0,0,0,0,0,0,0,0,0,0,0,0,1,0
3,-0.7328155015451433,0,0,0,0,0,0,0,0,0,0,0,0,0,1,0
3,-0.6686711768144994,1,0,0,0,0,0,0,0,0,0,0,0,0,1,0
3,1.4794955316127956,0,0,0,0,0,0,0,0,0,0,0,0,0,1,0
2,0.04059133049361062,1,0,0,0,0,0,0,0,0,0,0,0,0,1,0
4,-0.32356134636264927,1,0,0,0,0,0,0,0,0,0,0,0,0,1,0
3,2.2605863192182416,0,0,0,0,0,1,0,0,0,0,0,0,0,0,0
1,-0.07533617305604273,1,0,0,0,0,0,0,0,0,0,0,0,0,1,0
2,-0.55708677858515,0,0,0,0,0,0,0,0,0,0,0,0,0,1,0
2,0.45017957070074344,0,0,0,0,0,0,0,0,0,0,0,0,0,1,0
4,-0.9031988641109163,1,0,0,0,0,0,0,0,0,0,0,0,0,1,0
3,-0.12043765138227681,0,0,0,0,0,0,0,0,0,0,0,0,0,1,0
5,-0.5911634510983046,1,0,0,0,0,0,0,0,0,0,0,0,0,1,0
2,0.49929006932264264,0,0,0,0,0,0,0,0,0,0,0,0,0,1,0
4,-0.13279879729391136,1,0,0,0,0,0,0,0,0,0,0,0,0,1,0
4,-0.12478075670258079,1,0,0,0,1,0,0,0,0,0,0,0,0,0,0
3,-0.6232356134636265,1,0,0,0,0,0,0,0,0,0,0,0,0,1,0
2,-0.568779754447507,0,0,0,0,0,0,0,0,0,0,0,0,0,1,0
3,-0.7879395306105405,0,0,0,0,0,0,0,0,0,0,0,0,0,1,0
4,0.677691472479746,0,0,0,0,0,0,0,0,0,0,0,0,0,1,0
3,0.6823686628246889,1,0,0,0,0,0,0,0,0,0,0,0,0,1,0
3,3.8241042345276877,0,0,0,0,0,0,0,0,0,0,0,0,0,0,0
6,-0.039589075419694274,0,0,0,0,0,1,0,0,0,0,0,0,0,0,0
3,2.0167042512319386,1,0,0,0,0,0,0,0,0,0,0,0,0,0,0
2,-0.7000751691305437,0,0,0,0,0,0,0,0,0,0,0,0,0,1,0
2,-0.6649962415434729,1,0,0,0,0,0,0,0,0,0,0,0,0,1,0
1,0.2417105153261505,0,0,0,0,0,0,0,0,0,0,0,0,0,1,0
5,0.15585066399398645,0,0,0,0,1,0,0,0,0,0,0,0,0,0,0
2,-0.2513989810406748,0,0,0,0,0,0,0,0,0,0,0,0,0,1,0
3,-0.9112235864027395,0,0,0,0,0,0,0,0,0,0,0,0,0,1,0
4,0.6512987555332832,1,0,0,0,0,0,0,0,0,0,0,0,0,1,0
3,-0.5681115843982295,1,0,0,0,0,0,0,0,0,0,0,0,0,1,0
4,1.1671260335755451,1,0,0,0,0,0,0,0,0,0,0,0,0,1,0
4,-0.44951140065146583,1,0,0,0,0,0,0,0,0,0,0,0,0,1,0
2,-0.15752108911718032,0,0,0,0,0,0,0,0,1,0,0,0,0,0,0
5,-0.6766892174058299,0,0,0,0,0,0,0,0,0,0,0,0,0,1,0
3,0.0883654890169548,1,0,0,0,0,0,0,0,0,0,0,0,0,1,0
4,-0.3539630836047774,0,0,0,0,0,0,0,0,0,0,0,0,0,1,0
3,6.941364737325637,1,0,0,0,0,0,0,1,0,0,0,0,0,0,0
5,0.16821180990562087,0,0,0,0,0,0,0,0,0,0,0,0,0,1,0
5,0.9199031153428547,1,0,0,0,0,0,0,0,0,0,0,0,0,1,0
3,0.10373340015033829,0,0,0,0,0,0,0,0,0,0,0,0,0,1,0
5,-0.42445502380355804,0,0,0,0,0,0,0,0,0,0,0,0,0,1,0
3,-0.23636515493193017,1,0,0,0,0,0,0,0,0,0,0,0,0,1,0
1,-0.8895013781007267,0,0,0,0,0,0,0,0,0,0,0,0,0,1,0
2,1.7791697987137727,1,0,0,0,0,1,0,0,0,0,0,0,0,0,0
1,2.3133717531111673,1,0,0,0,0,0,0,0,0,0,0,0,0,1,0
3,-0.5400484423285726,1,0,0,0,0,0,0,0,0,0,0,0,0,1,0
2,0.6756869623319136,0,0,0,0,0,0,0,0,0,0,0,0,0,0,0
2,0.9760293994821684,0,0,0,0,1,0,0,0,0,0,0,0,0,0,0
1,-0.8300342437150255,1,0,0,0,0,0,0,0,1,0,0,0,0,0,0
3,-0.0562933266516328,0,0,0,0,0,0,0,0,0,0,0,0,0,1,0
2,0.20596341768980203,1,0,0,0,0,0,0,0,0,0,0,0,0,1,0
3,0.838052284306356,1,0,0,0,0,0,0,0,0,0,0,0,0,1,0
2,0.8601018959325148,1,0,0,0,0,0,0,0,0,0,0,0,0,1,0
3,-0.6449511400651466,1,0,0,0,0,0,0,0,0,0,0,0,0,1,0
3,0.00985550822684379,0,0,0,0,0,0,0,0,0,0,0,0,0,1,0
1,0.2390378351290404,0,0,0,0,0,0,0,0,0,0,0,0,0,1,0
3,0.10607199532280968,1,0,0,0,0,0,0,0,0,0,0,0,0,1,0
3,-0.6877140232189093,0,0,0,0,0,0,0,0,0,0,0,0,0,1,0
4,-0.26810323227261335,1,0,0,1,0,0,0,0,0,0,0,0,0,0,0
4,-0.3806898855758791,0,0,0,0,0,0,0,0,0,0,0,0,0,1,0
3,1.1226927252985885,1,0,0,0,0,0,0,0,0,0,0,0,0,1,0
2,-0.5844817506055291,1,0,0,0,0,0,0,0,0,0,0,0,0,1,0
1,0.13948049778668664,1,0,0,0,0,0,0,0,0,0,0,0,0,1,0
3,-0.8701244466716781,0,0,0,0,0,0,0,0,0,0,0,0,0,1,0
1,-0.4298003841977784,0,0,0,0,0,0,0,0,0,0,0,0,0,1,0
2,0.11609454606197282,1,0,0,0,0,0,0,0,0,0,0,0,0,1,0
2,0.6887162782928257,0,0,0,0,0,0,0,0,0,0,0,0,0,1,0
2,-0.3512904034076673,0,0,0,0,0,0,0,0,0,0,0,0,0,1,0
4,0.8013029315960912,0,0,0,0,0,0,0,0,0,0,0,0,0,1,0
4,-0.42311868370500294,1,0,0,0,0,0,0,0,0,0,0,0,0,1,0
5,0.8951808235195858,0,0,0,0,0,0,0,0,0,0,0,0,0,1,0
2,-0.8487430050947967,1,0,0,0,0,0,0,0,0,0,0,0,0,1,0
5,-0.35529942370333256,1,0,0,0,0,0,0,0,0,0,0,0,0,1,0
3,-0.3309112169047023,1,1,0,0,0,0,0,0,0,0,0,0,0,0,0
2,1.2115593418525017,0,0,0,0,1,0,0,0,0,0,0,0,0,0,0
5,3.633007600434311,0,0,0,0,0,0,0,0,0,0,0,0,1,0,0
2,0.7982961663743424,0,0,0,0,0,0,0,0,0,0,0,0,0,1,0
2,0.4060803474484257,0,0,0,0,0,0,0,0,0,0,0,0,0,1,0
3,-0.0743339179821265,0,0,0,0,0,0,0,0,0,0,0,0,0,1,0
3,0.4932765388791448,1,0,0,0,0,0,0,0,0,0,0,0,0,1,0
4,-0.731813246471227,0,0,0,0,0,0,0,0,0,0,0,0,0,1,0
3,-0.6015200868621066,0,0,0,0,0,0,0,0,0,0,0,0,0,1,0
2,-0.4795790528689552,1,0,0,0,0,0,0,0,0,0,0,0,0,1,0
0,3.515075586736825,0,0,0,0,0,0,0,0,0,0,0,0,0,0,0
3,0.9559842980038421,0,0,0,0,0,0,0,0,0,0,0,0,0,1,0
2,-0.5243464461705505,1,0,0,0,0,0,0,0,0,0,0,0,0,1,0
3,0.3860352459700994,0,0,0,0,0,0,0,0,0,0,0,0,0,1,0
1,-0.3172137308945127,1,0,0,0,0,0,0,0,0,0,0,0,0,1,0
6,-0.5183329157270526,1,0,0,0,0,0,0,0,0,0,0,0,0,1,0
4,0.014866783596425301,1,0,0,0,0,0,0,0,0,0,0,0,0,1,0
1,-0.3325816420278961,0,0,0,0,0,0,0,0,0,0,0,0,0,1,0
4,3.2448008018040593,0,0,0,0,0,1,0,0,0,0,0,0,0,0,0
3,-0.5908293660736659,0,0,0,0,0,0,0,0,0,0,0,0,0,1,0
2,-0.09805395473147913,1,0,0,0,0,0,0,0,0,0,0,0,0,1,0
2,1.4637935354547733,1,0,0,0,0,0,0,0,0,0,0,0,0,1,0
4,-0.8925081433224756,1,0,0,0,0,0,0,0,0,0,0,0,0,1,0
2,1.5737075085609291,0,0,0,0,0,1,0,0,0,0,0,0,0,0,0
4,0.21732230852752035,1,0,0,0,0,0,0,0,0,0,0,0,0,1,0
2,-0.1775661905955066,0,0,0,0,0,0,0,0,0,0,0,0,0,1,0
2,0.7171135053871212,1,0,0,0,0,0,0,0,0,0,0,0,0,1,0
2,0.8323728388874969,0,0,0,0,0,0,0,0,0,0,0,0,0,0,0
3,-0.7294746512987557,1,0,0,0,0,0,0,0,0,0,0,0,0,1,0
2,0.48225173306606545,0,0,0,0,0,0,0,0,0,0,0,0,0,1,0
3,-0.5517414181909297,1,0,0,0,0,0,0,0,0,0,0,0,0,1,0
2,1.834627912803809,0,0,0,0,0,0,0,0,0,0,0,0,0,1,0
3,-0.40574626242378686,0,0,0,0,0,0,0,0,0,0,0,0,0,1,0
2,-0.41142570784264604,1,0,0,0,0,0,0,0,0,0,0,0,0,1,0
2,-0.34661321306272447,0,0,0,0,0,0,0,0,0,0,0,0,0,1,0
3,-0.18625240123611458,0,0,0,0,0,0,0,0,0,0,0,0,0,1,0
5,0.43748433976447004,0,0,0,1,0,0,0,0,0,0,0,0,0,0,0
5,0.49026977365739577,0,0,0,0,0,0,0,0,0,0,0,0,0,1,0
3,2.686544725632674,1,0,0,0,0,0,0,0,0,0,0,0,0,0,0
3,0.9035329491355552,1,0,0,0,0,0,0,0,0,0,0,0,0,1,0
2,0.73916311701328,0,0,0,0,0,0,0,0,0,0,0,0,0,1,0
4,0.4909379437066734,1,0,0,0,0,0,0,0,0,0,0,0,0,1,0
5,-0.73916311701328,1,0,0,0,0,0,0,0,0,0,0,0,0,1,0
1,-0.5704501795707008,0,0,0,0,0,0,0,0,0,0,0,0,0,1,0
2,2.092207466800301,0,0,0,0,0,0,0,0,0,0,0,0,0,0,0
2,-0.29750271444082527,1,0,0,0,0,0,0,0,0,0,0,0,0,1,0
4,0.47356552242545724,0,0,0,0,0,0,0,0,0,0,0,0,0,1,0
2,0.728806481249478,1,0,0,0,0,0,0,0,0,0,0,0,0,1,0
5,-0.02488933433558844,1,0,0,0,0,0,0,0,0,0,0,0,0,1,0
3,-0.3112002004510149,0,0,0,0,0,0,0,0,0,0,0,0,0,1,0
2,0.17155266015200862,0,0,0,0,0,0,0,0,0,0,0,0,0,1,0
5,-0.6933934686377683,0,0,0,0,0,0,0,0,0,0,0,0,0,1,0
2,-0.19393635680280633,0,0,0,0,0,0,0,0,0,0,0,0,0,1,0
5,-0.03524597009939029,0,0,0,0,0,0,0,0,0,0,0,0,0,1,0
1,0.051950221331328816,1,0,0,0,0,0,0,0,0,0,0,0,0,1,0
1,6.941364737325637,0,0,0,1,0,0,0,0,0,0,0,0,0,0,0
3,-0.14616219827946214,1,0,0,0,0,0,0,0,0,0,0,0,0,1,0
4,-0.8768061471644535,1,0,0,0,0,0,0,0,0,0,0,0,0,1,0
5,0.4020713271527603,1,0,0,0,0,0,0,0,0,0,0,0,0,1,0
3,0.05529107157771657,0,0,0,0,0,0,0,0,0,0,0,0,0,1,0
4,1.2740332414599518,0,0,0,0,0,0,0,0,0,0,0,0,0,1,0
2,0.019543973941368108,0,0,0,0,0,0,0,0,0,0,0,0,0,1,0
3,0.09103816921406503,1,0,0,0,0,0,0,0,0,0,0,0,0,1,0
2,-0.20562933266516334,1,0,0,0,0,1,0,0,0,0,0,0,0,0,0
5,0.6182243380940451,1,0,0,0,0,0,0,0,0,0,0,0,0,1,0
1,0.27278042261755614,0,0,0,0,0,0,0,0,0,0,0,0,0,1,0
2,0.18057295581725555,0,0,0,0,0,0,0,0,0,0,0,0,0,1,0
2,-0.5380439321807401,0,0,0,0,0,0,0,0,0,0,0,0,0,1,0
2,1.177482669339347,0,0,0,0,0,0,0,0,0,0,0,0,0,0,0
2,-0.9112235864027395,1,0,0,0,0,0,0,0,0,0,0,0,0,1,0
2,0.5029650045936691,0,0,0,0,0,0,0,0,0,0,0,0,0,1,0
3,0.7010774242044601,1,0,0,0,0,0,0,0,0,0,0,0,0,1,0
2,-0.72012027060887,1,0,0,0,0,0,0,0,0,0,0,0,0,1,0
6,0.5460619727720705,1,0,0,0,0,0,0,0,0,0,0,0,0,1,0
2,0.020212143990645637,0,0,0,0,0,0,0,0,0,0,0,0,0,1,0
2,0.7358222667668922,0,0,0,0,0,0,0,0,0,0,0,0,0,1,0
2,0.10640608034744839,1,0,0,0,0,0,0,0,0,0,0,0,0,1,0
3,-0.19861354714774912,0,0,0,0,0,0,0,0,0,0,0,0,0,1,0
3,2.4911049862189927,1,1,0,0,0,0,0,0,0,0,0,0,0,0,0
6,4.252067151089953,1,0,0,0,0,0,1,0,0,0,0,0,0,0,0
3,0.844065814749854,1,0,0,0,0,0,0,0,0,0,0,0,0,1,0
2,0.4518499958239372,1,0,0,0,0,0,0,0,0,0,0,0,0,1,0
1,0.13914641276204792,0,0,0,0,0,0,0,0,0,0,0,0,0,1,0
1,-0.36632422951641197,0,0,0,0,0,0,0,0,0,0,0,0,0,1,0
3,-0.6245719535621816,0,0,0,0,1,0,0,0,0,0,0,0,0,0,0
2,0.03758456527186169,1,0,0,0,0,0,0,0,0,0,0,0,0,1,0
4,-0.35730393385116516,1,0,0,0,0,0,0,0,0,0,0,0,0,1,0
2,-0.2550739163117014,0,0,0,0,0,0,0,0,0,0,0,0,0,1,0
6,0.9158940950471895,1,0,0,0,0,0,0,0,0,0,0,0,0,1,0
5,2.0631420696567275,1,0,0,0,1,0,0,0,0,0,0,0,0,0,0
2,0.5747932848910048,1,0,0,0,0,0,0,0,0,0,0,0,0,1,0
2,1.06523010106072,1,0,0,0,0,0,0,0,0,0,0,0,0,0,0
2,6.941364737325637,0,0,0,0,0,0,0,0,0,0,0,1,0,0,0
3,0.510314875135722,1,0,0,0,0,0,0,0,0,0,0,0,0,1,0
2,-0.6930593836131297,0,0,0,0,0,0,0,0,0,0,0,0,0,1,0
2,0.031571034828363834,1,0,0,0,0,0,0,0,0,0,0,0,0,1,0
2,-0.4344775745427212,1,0,0,0,0,0,0,0,0,0,0,0,0,1,0
4,0.8113254823352543,0,0,0,0,0,0,0,0,0,0,0,0,0,1,0
3,0.858431470809321,0,0,0,0,0,0,0,0,0,0,0,0,0,1,0
1,1.1998663659901447,0,0,0,0,0,0,0,0,0,0,0,0,0,0,0
4,-0.36599014449177314,1,0,0,0,0,0,0,0,0,0,0,0,0,1,0
2,0.7976279963250648,0,0,0,0,0,0,0,0,1,0,0,0,0,0,0
0,0.08068153345026308,1,0,0,0,0,0,0,0,0,0,0,0,0,1,0
2,0.11475820596341765,0,0,0,0,0,0,0,0,0,0,0,0,0,1,0
5,2.3701662072997576,1,0,0,0,0,0,0,0,0,0,0,0,0,0,0
3,0.9396141317965423,0,0,0,0,0,0,0,0,0,0,0,0,0,1,0
2,-0.6215651883404327,0,0,0,0,0,0,0,0,0,0,0,0,0,1,0
4,0.03324145995155771,1,0,0,0,0,0,0,0,0,0,0,0,0,1,0
3,-0.34460870291489193,1,0,0,0,0,0,0,0,0,0,0,0,0,1,0
4,-0.7080932097218743,1,0,0,0,0,0,0,0,0,0,0,0,0,1,0
1,-0.2230017539463794,0,0,0,0,0,0,0,0,0,0,0,0,0,1,0
3,0.5447256326735155,1,0,0,0,0,0,0,0,0,0,0,0,0,1,0
5,0.026893844483421022,1,0,0,1,0,0,0,0,0,0,0,0,0,0,0
5,0.9990812661822435,0,0,0,0,0,0,0,0,0,0,0,0,0,1,0
1,0.4498454856761047,0,0,0,0,0,0,0,0,0,0,0,0,0,1,0
4,-0.48993568863275705,1,0,0,0,1,0,0,0,0,0,0,0,0,0,0
3,-0.568779754447507,0,0,0,0,0,0,0,0,0,0,0,0,0,1,0
2,0.6496283304100894,1,0,0,0,0,0,0,0,0,0,0,0,0,1,0
4,-0.48459032823853676,0,0,0,0,0,0,0,0,0,0,0,0,0,1,0
4,0.5073081099139732,1,0,0,0,0,0,0,0,0,0,0,0,0,1,0
2,5.905788023051867,1,0,0,0,0,0,0,0,0,0,0,1,0,0,0
4,-0.4404911049862191,1,0,0,0,0,0,0,0,0,0,0,0,0,1,0
2,-0.9072078844065816,1,0,0,0,0,0,0,0,0,0,0,0,0,1,0
4,-0.24672179069573213,1,0,0,0,0,0,0,0,0,0,0,0,0,1,0
4,2.094546061972772,0,0,0,1,0,0,0,0,0,0,0,0,0,0,0
4,-0.28347114340599683,1,0,0,0,0,0,0,0,0,0,0,0,0,1,0
2,-0.3382610874467552,1,0,0,0,0,0,0,0,0,0,0,0,0,1,0
3,1.2342771235279377,1,0,0,0,0,0,0,0,0,0,0,0,0,1,0
2,-0.08669506389376093,0,0,0,0,0,0,0,0,0,0,0,0,0,1,0
2,0.4024054121773992,0,0,0,0,0,0,0,0,0,0,0,0,0,1,0
2,-0.5016286644951141,1,0,1,0,0,0,0,0,0,0,0,0,0,0,0
6,-0.2119769481332999,1,0,0,0,0,0,0,0,0,0,0,0,0,1,0
4,-0.5754614549402824,1,0,0,0,0,0,0,0,0,0,0,0,0,1,0
2,0.20262256744341428,1,0,0,0,0,0,0,0,0,0,0,0,0,1,0
2,-0.2276789442913222,0,0,0,0,0,0,0,0,0,0,0,0,0,1,0
4,0.1110832706923912,1,0,0,0,0,0,0,0,0,0,0,0,0,1,0
4,0.06330911216904701,0,0,0,0,0,0,0,0,0,0,0,0,0,1,0
3,-0.16219827946212315,1,0,0,0,0,0,0,0,0,0,0,0,0,1,0
3,4.212645118182578,1,0,0,0,0,1,0,0,0,0,0,0,0,0,0
4,-0.9112235864027395,1,0,0,0,1,0,0,0,0,0,0,0,0,0,0
5,1.1898438152509816,1,0,0,0,0,0,0,0,0,0,0,0,0,1,0
4,-0.3786853754280465,0,0,0,0,0,0,0,0,0,0,0,0,0,1,0
4,-0.5681115843982295,0,0,0,0,0,0,0,0,0,0,0,0,0,1,0
3,1.152426292491439,0,0,0,0,0,0,0,0,0,0,0,0,0,1,0
1,0.14749853837801719,0,0,0,0,0,0,0,0,0,0,0,0,0,1,0
4,-0.6432807149419528,0,0,0,0,0,0,0,0,0,0,0,0,0,1,0
3,-0.49594921907625494,1,0,0,0,0,0,0,0,0,0,0,0,0,1,0
5,-0.9112235864027395,0,0,0,0,0,0,0,0,0,0,0,0,0,1,0
4,0.3152092207466801,1,0,0,0,0,0,0,0,0,0,0,0,0,1,0
3,-0.6646621565188341,0,0,0,0,0,0,0,0,0,0,0,0,0,1,0
5,3.219076254906874,0,0,0,0,0,0,0,0,0,0,0,0,0,0,0
1,0.7899440407583732,1,0,0,0,0,0,0,0,0,0,0,0,0,1,0
2,6.941364737325637,0,0,0,0,0,1,0,0,0,0,0,0,0,0,0
4,-0.45652718616888,0,0,0,0,0,0,0,0,0,0,0,0,0,1,0
2,0.005512402906539687,0,0,0,0,0,0,0,0,0,0,0,0,0,1,0
2,-0.3539630836047774,0,0,0,0,1,0,0,0,0,0,0,0,0,0,0
3,-0.8190094379019461,0,0,0,0,0,0,0,0,0,0,0,0,0,1,0
3,0.3269021966090369,0,0,0,0,0,0,0,0,0,0,0,0,0,1,0
5,0.34661321306272447,0,0,0,0,0,0,0,0,0,0,0,0,0,1,0
6,-0.8794788273615636,1,0,0,0,0,0,0,0,0,0,0,0,0,1,0
3,0.7505220078509982,1,0,0,0,0,0,0,0,1,0,0,0,0,0,0
5,-0.5387121022300175,1,0,0,0,0,0,0,0,0,0,0,0,0,1,0
2,0.802973356719285,0,0,0,0,0,0,0,0,0,0,0,0,0,1,0
4,-0.8851582727804227,0,0,0,0,0,0,0,0,0,0,0,0,0,1,0
2,0.3242295164119268,0,0,0,0,0,0,0,0,0,0,0,0,0,1,0
5,0.06664996241543476,1,0,0,0,0,0,0,0,0,0,0,0,0,1,0
6,-0.13781007266349288,0,0,0,0,0,0,0,0,0,0,0,0,0,1,0
3,0.2968345443915476,0,0,0,0,0,0,0,0,0,0,0,0,0,1,0
3,1.228597678109079,1,0,0,0,0,0,0,0,0,0,0,0,0,1,0
4,0.7682285141568529,1,0,0,0,0,0,0,0,0,0,0,0,0,1,0
5,-0.6723461120855259,1,0,0,0,0,0,0,0,0,0,0,0,0,1,0
3,0.3279044516829533,0,0,0,0,0,0,0,0,0,0,0,0,0,1,0
4,-0.3242295164119268,0,0,0,0,0,0,0,0,0,0,0,0,0,1,0
5,-0.8303683287396644,1,0,0,0,0,0,0,0,0,0,0,0,0,1,0
3,-0.030902864779086305,1,0,0,0,0,0,0,0,0,0,0,0,0,1,0
2,-0.36231520922074667,0,0,0,0,0,0,0,0,0,0,0,0,0,1,0
4,-0.3198864110916228,0,0,0,0,0,0,0,0,0,0,0,0,0,1,0
2,-0.08936774409087116,1,0,0,0,0,0,0,0,0,0,0,0,0,1,0
2,0.9566524680531195,0,0,0,0,0,1,0,0,0,0,0,0,0,0,0
4,-0.24772404576964838,1,0,0,0,0,0,0,0,0,0,0,0,0,1,0
1,-0.1431554330577132,0,0,0,0,0,0,0,0,0,0,0,0,0,1,0
2,-0.6810323227261338,1,0,0,0,0,0,0,0,0,0,0,0,0,0,0
2,-0.31788190094379026,0,0,0,0,0,0,0,0,0,0,0,0,0,1,0
3,-0.9112235864027395,1,0,0,0,0,0,0,0,0,0,0,0,0,1,0
1,0.4662156518834043,0,0,0,0,0,0,0,0,0,0,0,0,0,1,0
5,-0.6619894763217239,1,0,0,0,0,0,0,0,0,0,0,0,0,1,0
2,-0.4892675185834795,1,0,0,0,0,0,0,0,0,0,0,0,0,1,0
2,-0.23603106990729147,1,0,0,0,0,0,0,0,0,0,0,0,0,0,0
6,-0.4578635262674351,1,0,0,0,0,0,0,0,0,0,0,0,0,1,0
2,-0.784264595339514,1,0,0,0,0,0,0,0,0,0,0,0,0,1,0
5,2.8121606948968516,0,0,0,0,0,1,0,0,0,0,0,0,0,0,0
1,-0.6533032656811159,0,0,0,0,0,0,0,0,0,0,0,0,0,1,0
2,0.7321473314958657,0,0,0,0,0,0,0,0,0,0,0,0,0,1,0
6,1.776163033492024,0,1,0,0,0,0,0,0,0,0,0,0,0,0,0
3,0.31587739079595756,0,0,0,0,0,0,0,0,0,0,0,0,0,1,0
4,0.24004009020295675,0,0,0,0,0,0,0,0,0,0,0,0,0,1,0
2,-0.10406748517497699,0,0,0,0,0,0,0,0,0,0,0,0,0,1,0
3,0.2811325482335254,1,0,0,0,0,0,0,0,0,0,0,0,0,1,0
2,3.378100726634929,1,0,0,0,0,1,0,0,0,0,0,0,0,0,0
4,0.09538127453436902,1,0,0,0,0,0,0,0,0,0,0,0,0,0,0
4,1.0642278459868035,0,1,0,0,0,0,0,0,0,0,0,0,0,0,0
5,0.03524597009939029,1,0,0,0,0,0,0,0,0,0,0,0,0,1,0
0,0.19293410172888997,0,0,0,0,0,0,0,0,0,0,0,0,0,1,0
4,3.3243130376680865,1,0,0,0,0,1,0,0,0,0,0,0,0,0,0
4,0.634260419276706,0,0,0,0,0,0,0,0,0,0,0,0,0,1,0
4,-0.5764637100141987,0,0,0,0,0,0,0,0,0,0,0,0,0,1,0
1,0.7892758707090956,1,0,0,0,0,0,0,0,0,0,0,0,0,1,0
4,-0.31654556084523516,0,0,0,0,0,0,0,0,0,0,0,0,0,1,0
3,0.2861438236031069,0,0,0,0,0,0,0,0,0,0,0,0,0,1,0
2,-0.7709011943539631,1,0,0,0,0,0,0,0,0,0,0,0,0,1,0
2,-0.3897101812411259,1,0,0,0,0,0,0,0,0,0,0,0,0,1,0
3,-0.5457278877474318,0,0,0,0,0,0,0,0,0,0,0,0,0,1,0
1,-0.03324145995155771,0,0,0,0,0,0,0,0,0,0,0,0,0,1,0
1,-0.4792449678443164,1,0,0,0,0,0,0,0,0,0,0,0,0,1,0
5,0.3586402739497202,0,0,0,0,0,0,0,0,0,0,0,0,0,1,0
3,2.195439739413681,0,0,0,0,0,0,0,0,0,0,0,0,0,0,0
1,4.759542303516246,0,0,0,0,0,0,0,0,0,0,0,1,0,0,0
4,0.5841476655808904,0,0,0,0,0,0,0,0,0,0,0,0,0,1,0
2,4.167877724880983,0,0,0,0,0,1,0,0,0,0,0,0,0,0,0
4,-0.3963918817339013,1,0,0,0,0,0,0,0,0,0,0,0,0,1,0
2,-0.2503967259667586,0,0,0,0,0,0,0,0,0,0,0,0,0,1,0
4,0.3820262256744342,0,0,0,0,0,0,0,0,0,0,0,0,0,1,0
2,0.228013029315961,0,0,0,0,0,0,0,0,0,0,0,0,0,1,0
2,0.6432807149419528,0,0,0,0,0,0,0,0,0,0,0,0,0,1,0
6,-0.019209888916729284,0,0,0,0,0,0,0,0,0,0,0,0,0,1,0
5,-0.8905036331746431,1,0,0,0,0,0,0,0,0,0,0,0,0,1,0
3,-0.2417105153261505,0,0,0,0,0,0,0,0,0,0,0,0,0,1,0
4,0.47623820262256755,1,0,0,0,0,0,0,0,0,0,0,0,0,1,0
5,0.07266349285893263,1,0,0,0,0,0,0,0,0,0,0,0,0,1,0
2,0.18124112586653296,1,0,0,0,0,0,0,0,0,0,0,0,0,0,0
4,-0.8437317297252152,1,0,0,0,0,0,0,0,0,0,0,0,0,1,0
2,-0.11642863108661153,1,0,0,0,0,0,0,0,0,0,0,0,0,1,0
5,-0.3857011609454607,1,0,0,0,0,0,0,0,0,0,0,0,0,1,0
4,-0.8814833375093962,1,0,0,0,0,0,0,0,0,0,0,0,0,1,0
4,-0.009521423202204967,1,0,0,0,0,0,0,0,0,0,0,0,0,1,0
6,-0.35730393385116516,0,0,0,0,0,0,0,0,0,0,0,0,0,1,0
3,0.4956151340516162,0,0,0,0,0,0,0,0,0,0,0,0,0,1,0
3,-0.8353796041092458,1,0,0,0,0,0,0,0,0,0,0,0,0,1,0
3,0.3576380188758039,1,0,0,0,1,0,0,0,0,0,0,0,0,0,0
4,5.042512319385284,1,0,0,0,0,1,0,0,0,0,0,0,0,0,0
3,0.24738996074500966,1,0,0,0,0,0,0,0,0,0,0,0,0,1,0
1,-0.5711183496199783,1,0,0,0,0,0,0,0,0,0,0,0,0,1,0
3,2.9985801386452855,0,0,0,1,0,0,0,0,0,0,0,0,0,0,0
2,-0.5347030819343525,1,0,0,0,0,0,0,0,0,0,0,0,0,1,0
4,-0.7197861855842314,1,0,0,0,0,0,0,0,0,0,0,0,0,1,0
3,1.046521339680949,0,0,0,0,0,0,0,0,0,0,0,0,0,1,0
5,0.3452768729641694,1,0,0,0,0,0,0,0,0,0,0,0,0,1,0
4,0.09538127453436902,0,0,0,0,0,0,0,0,0,0,0,0,0,1,0
5,0.3489518082351959,1,0,0,0,0,0,0,0,0,0,0,0,0,1,0
6,-0.04794120103566354,0,0,0,0,0,0,0,0,0,0,0,0,0,1,0
3,-0.06798630251398982,0,0,0,0,0,0,0,0,0,0,0,0,0,1,0
2,-0.3355884072496451,0,0,0,0,0,0,0,0,0,0,0,0,0,1,0
2,1.225256827862691,0,0,0,0,0,0,0,0,0,0,0,0,0,1,0
3,0.2597511066566441,1,0,0,0,0,0,0,0,0,0,0,0,0,1,0
3,-0.9042011191848327,0,0,0,1,0,0,0,0,0,0,0,0,0,0,0
1,-0.9112235864027395,0,0,0,0,0,0,0,0,0,0,0,0,0,1,0
2,-0.3078593502046271,0,1,0,0,0,0,0,0,0,0,0,0,0,0,0
3,0.5938361312954147,0,0,0,0,0,0,0,0,0,0,0,0,0,1,0
1,0.858431470809321,1,0,0,0,0,0,0,0,0,0,0,0,0,1,0
2,-0.4087530276455358,0,0,0,0,0,0,0,0,0,0,0,0,0,1,0
3,0.37066733483671593,0,0,0,0,0,0,0,0,0,0,0,0,0,1,0
1,1.0789275870709096,0,0,0,0,0,0,0,0,0,0,0,0,0,1,0
4,-0.1892591664578635,1,0,0,0,0,0,0,0,0,0,0,0,0,1,0
2,-0.12143990645619317,1,0,0,0,0,0,0,0,0,0,0,0,0,1,0
3,-0.6239037835129041,1,0,0,0,0,0,0,0,0,0,0,0,0,1,0
2,-0.9112235864027395,1,0,0,0,0,0,0,0,0,0,0,0,0,1,0
4,-0.000835212561596879,1,0,0,0,0,0,0,0,0,0,0,0,0,1,0
3,-0.6362649294245386,1,0,0,0,0,0,0,0,0,0,0,0,0,1,0
4,-0.5073081099139731,1,0,0,0,0,0,0,0,0,0,0,0,0,1,0
5,6.941364737325637,1,0,0,0,0,1,0,0,0,0,0,0,0,0,0
6,-0.6656644115927505,1,0,0,0,0,0,0,0,0,0,0,0,1,0,0
2,0.4839221581892592,0,0,0,0,0,0,0,0,0,0,0,0,0,1,0
3,-0.11475820596341765,0,0,0,0,0,0,0,0,0,0,0,0,0,1,0
5,-0.528021381441577,0,0,0,0,0,0,0,0,0,0,0,0,0,1,0
2,-0.8838219326818676,1,0,0,0,0,0,0,0,0,0,0,0,0,1,0
3,0.13246471226927264,0,0,0,0,0,0,0,0,0,0,0,0,0,1,0
1,0.8490770901194354,1,0,0,0,0,0,0,0,0,0,0,0,0,1,0
3,-0.505971769815418,0,0,0,0,0,0,0,0,0,0,0,0,0,1,0
2,-0.05228430635596764,1,0,0,0,0,0,0,0,0,0,0,0,0,1,0
1,0.2520671510899525,1,0,0,0,0,0,0,0,0,0,0,0,0,1,0
2,-0.4431637851833292,0,0,0,0,0,0,0,0,0,0,0,0,0,1,0
4,-0.9112235864027395,1,0,0,0,0,0,0,0,0,0,0,0,0,1,0
4,-0.900860268938445,1,1,0,0,0,0,0,0,0,0,0,0,0,0,0
2,0.4655474818341269,0,0,0,0,0,0,0,0,0,0,0,0,0,1,0
4,0.48124947799214907,1,0,0,0,0,0,0,0,0,0,0,0,0,1,0
3,0.6496283304100894,0,0,0,1,0,0,0,0,0,0,0,0,0,0,0
1,-0.6950638937609622,0,0,0,0,0,0,0,0,0,0,0,0,0,1,0
3,0.11342186586486261,1,0,0,0,0,0,0,0,0,0,0,0,0,1,0
4,-0.8898354631253655,0,0,0,0,0,0,0,0,0,0,0,0,0,1,0
3,1.3177983796876305,0,0,0,0,0,0,0,0,0,0,0,0,0,1,0
2,0.9957404159358557,0,0,0,0,0,0,0,0,0,0,0,0,0,1,0
4,1.1357220412595006,0,0,0,0,0,0,0,0,0,0,0,0,0,1,0
2,-0.31353879562348624,1,0,0,0,0,0,0,0,0,0,0,0,0,1,0
5,-0.5453938027227929,0,0,0,0,1,0,0,0,0,0,0,0,0,0,0
5,-0.3907124363150422,0,0,0,0,0,0,0,0,0,0,0,0,0,1,0
2,-0.6239037835129041,0,0,0,0,0,0,0,0,0,0,0,0,0,1,0
3,-0.049277541134218714,0,0,0,0,0,0,0,0,0,0,0,0,0,1,0
6,0.19059550655641858,1,0,0,0,0,0,0,0,0,0,0,0,0,1,0
2,0.29950722458865797,1,0,0,0,0,0,0,0,0,0,0,0,0,1,0
3,1.6622400400902029,1,0,0,0,0,0,0,0,0,0,0,0,0,0,0
4,0.3609788691221916,0,0,0,0,0,0,0,0,0,0,0,0,0,1,0
5,0.12043765138227681,1,0,0,0,0,0,0,0,0,0,0,0,0,1,0
5,1.0725799716027729,1,0,0,0,0,0,0,0,0,0,0,0,0,1,0
2,0.24271277040006686,0,0,0,0,0,0,0,0,0,0,0,0,0,1,0
2,-0.3766808652802138,0,0,0,0,0,0,0,0,0,0,0,0,0,1,0
2,-0.27211225256827865,1,0,0,0,0,0,0,0,0,0,0,0,0,1,0
2,-0.236699239956569,0,0,0,0,0,0,0,0,0,0,0,0,0,1,0
2,-0.10406748517497699,0,0,0,0,0,0,0,0,0,0,0,0,0,1,0
2,-0.4819176480414266,1,0,0,0,0,0,0,0,0,0,0,0,0,1,0
2,3.4916896350121105,0,0,0,0,0,1,0,0,0,0,0,0,0,0,0
3,-0.05896600684874303,0,0,0,0,0,0,0,0,0,0,0,0,0,1,0
4,0.02956652468053125,0,0,0,0,0,0,0,0,0,0,0,0,0,1,0
2,0.010189593251482493,1,0,0,0,0,0,0,0,0,0,0,0,0,1,0
4,-0.2938277791697988,1,0,0,0,0,0,0,0,0,0,0,0,0,1,0
3,-0.5878226008519168,1,0,0,0,0,0,0,0,0,0,0,0,0,1,0
2,1.823603106990729,1,0,0,0,0,0,0,0,0,0,0,1,0,0,0
4,1.5626827027478496,1,0,0,0,0,0,0,0,1,0,0,0,0,0,0
2,0.7792533199699325,1,0,0,0,0,0,0,0,0,0,0,0,0,1,0
5,-0.08769731896767728,0,0,0,0,0,0,0,0,0,0,0,0,0,1,0
4,0.2413764303015118,1,0,0,0,0,0,0,0,0,0,0,0,0,1,0
5,-0.6796959826275787,0,0,0,0,0,0,0,0,0,0,0,0,0,1,0
4,1.0642278459868035,0,0,0,0,0,0,0,0,0,0,0,0,0,1,0
2,0.9920654806648292,0,0,1,0,0,0,0,0,0,0,0,0,0,0,0
1,-0.8731312118934269,1,0,0,0,0,0,0,0,0,0,0,0,0,1,0
4,-0.3813580556251566,0,0,0,0,0,0,0,0,0,0,0,0,0,1,0
2,-0.7455107324814166,0,0,0,0,0,0,0,0,0,0,0,0,0,1,0
3,-0.2831370583813581,0,0,0,0,0,0,0,0,0,0,0,0,0,1,0
2,-0.7301428213480331,1,0,0,0,0,0,0,0,0,0,0,0,0,1,0
2,-0.3616470391714691,1,0,0,0,0,0,0,0,0,0,0,0,0,1,0
2,0.35028814833375094,1,0,0,1,0,0,0,0,0,0,0,0,0,0,0
2,-0.8433976447005764,1,0,0,0,0,0,0,0,0,0,0,0,0,1,0
4,0.3168796458698739,1,0,0,0,0,0,0,0,0,0,0,0,0,1,0
2,0.38035580055124024,0,0,0,0,0,0,0,0,0,0,0,0,0,1,0
2,-0.21231103315793873,1,0,0,0,0,0,0,0,0,0,0,0,0,1,0
6,-0.21264511818257742,1,0,0,0,1,0,0,0,0,0,0,0,0,0,0
5,-0.1775661905955066,0,0,0,0,0,0,0,0,1,0,0,0,0,0,0
5,1.3104485091455775,1,0,0,0,0,0,0,0,0,0,0,0,0,1,0
5,0.1885909964085861,0,0,0,0,0,0,0,0,0,0,0,0,0,0,0
2,1.9602438820679864,1,0,0,1,0,0,0,0,0,0,0,0,0,0,0
5,-0.6733483671594421,1,0,0,0,0,0,0,0,0,0,0,0,0,1,0
4,-0.34828363818591834,1,0,0,0,0,0,0,0,0,0,0,0,0,1,0
5,0.7565355382944962,0,0,0,0,1,0,0,0,0,0,0,0,0,0,0
5,0.13079428714607866,0,0,0,0,0,0,0,0,0,0,0,0,0,1,0
5,-0.10573791029817087,1,0,0,0,0,0,0,0,0,0,0,0,0,1,0
3,-0.6479579052868956,1,0,0,0,0,0,0,0,0,0,0,0,0,1,0
2,-0.8079846320888666,0,0,0,0,0,0,0,0,0,0,0,0,0,1,0
3,-0.24438319552326074,0,0,0,0,0,0,0,0,0,0,0,0,0,1,0
4,-0.0856928088198447,0,0,0,0,0,0,0,0,0,0,0,0,0,1,0
2,-0.13781007266349288,0,1,0,0,0,0,0,0,0,0,0,0,0,0,0
4,6.522843063559677,0,0,0,0,0,0,0,0,0,0,0,1,0,0,0
6,-0.4949469640023386,0,0,0,0,0,0,0,0,0,0,0,0,0,1,0
4,0.15752108911718046,0,0,0,0,0,0,0,0,0,0,0,0,0,1,0
3,-0.8808151674601188,1,0,0,0,0,0,0,0,0,0,0,0,0,1,0
1,0.005178317881900982,0,0,0,0,0,0,0,0,0,0,0,0,0,1,0
3,-0.24505136557253826,1,0,0,0,0,0,0,0,0,0,0,0,0,1,0
4,6.941364737325637,0,0,0,0,0,0,1,0,0,0,0,0,0,0,0
2,-0.0856928088198447,0,0,0,0,0,0,0,0,0,0,0,0,0,1,0
2,2.5876555583395975,1,0,0,0,0,0,0,0,0,0,0,0,0,0,0
2,3.1305437233776,1,0,0,1,0,0,0,0,0,0,0,0,0,0,0
4,-0.19026142153177986,1,0,0,0,0,0,0,0,0,0,0,0,0,1,0
5,1.0679027812578303,0,0,0,0,0,0,0,0,0,0,0,0,0,1,0
2,1.297085108160027,1,0,0,0,0,1,0,0,0,0,0,0,0,0,0
1,-0.2393719201536791,0,0,0,0,1,0,0,0,0,0,0,0,0,0,0
5,-0.7054205295247642,0,0,0,0,0,0,0,0,0,0,0,0,0,1,0
3,-0.40507809237450937,0,0,0,0,0,0,0,0,0,0,0,0,0,1,0
2,0.15551657896934776,0,0,0,0,0,0,0,0,0,0,0,0,0,1,0
5,-0.645953395139063,0,0,0,0,0,0,0,0,0,0,0,0,0,1,0
1,-0.2052952476405245,1,0,0,0,0,0,0,0,0,0,0,0,0,1,0
2,0.8621064060803475,0,0,0,0,0,0,0,0,0,0,0,0,0,1,0
3,-0.7785851499206549,0,0,0,0,0,0,0,0,0,0,0,0,0,1,0
2,1.004092541551825,1,0,0,0,0,0,0,0,0,0,0,0,0,0,0
4,-0.048609371084941067,0,0,0,0,0,0,0,0,0,0,0,0,0,1,0
3,-0.06397728221832454,0,0,0,0,0,0,0,0,0,0,0,0,0,1,0
2,-0.6376012695230937,1,0,0,0,0,0,0,0,0,0,0,0,0,1,0
2,0.4959492190762549,0,0,0,0,1,0,0,0,0,0,0,0,0,0,0
1,6.029733567192851,1,0,0,0,0,0,1,0,0,0,0,0,0,0,0
5,-0.5884907709011945,0,1,0,0,0,0,0,0,0,0,0,0,0,0,0
4,-0.8858264428297002,1,0,0,0,0,0,0,0,0,0,0,0,0,1,0
2,-0.1311283721707175,0,0,0,0,0,0,0,0,0,0,0,0,0,1,0
3,0.6315877390795959,1,0,0,0,0,0,0,0,0,0,0,0,0,1,0
4,-0.73916311701328,1,0,0,0,0,0,0,0,0,0,0,0,0,1,0
2,-0.7869372755366242,0,0,0,0,0,0,0,0,0,0,0,0,0,1,0
4,0.07065898271109992,0,0,0,0,0,0,0,0,0,0,0,0,0,1,0
3,0.5437233775995991,0,0,1,0,0,0,0,0,0,0,0,0,0,0,0
1,-0.88048108243548,1,0,0,0,0,0,0,0,0,0,0,0,0,1,0
1,0.6365990144491773,1,0,0,0,0,0,0,0,0,0,0,0,0,1,0
4,0.37300593000918736,1,0,0,0,0,0,0,0,0,0,0,0,0,1,0
3,0.17222083020128628,1,0,0,0,0,0,0,0,0,0,0,0,0,1,0
3,-0.4144324730643949,0,0,0,0,0,0,0,0,0,0,0,0,0,1,0
3,0.0993902948300343,0,0,0,0,0,0,0,0,0,0,0,0,0,1,0
2,0.1408168378852419,0,0,0,0,1,0,0,0,0,0,0,0,0,0,0
5,-0.9112235864027395,0,0,0,1,0,0,0,0,0,0,0,0,0,0,0
1,-0.909546479579053,0,0,0,0,0,0,0,0,0,0,0,0,0,1,0
5,-0.4602021214399065,0,0,0,0,0,0,0,0,0,0,0,0,0,1,0
1,-0.07533617305604273,1,0,0,0,0,0,0,0,0,0,0,0,0,1,0
2,0.9102146496283304,0,0,0,0,0,0,0,0,0,0,0,0,0,1,0
3,-0.40541217739914814,1,0,0,0,0,0,0,0,0,0,0,0,0,1,0
2,-0.03190511985300253,1,0,0,0,1,0,0,0,0,0,0,0,0,0,0
2,-0.8504134302179905,1,0,0,0,0,0,0,0,0,0,0,0,0,1,0
1,0.6479579052868957,1,0,0,0,0,0,0,0,0,0,0,0,0,1,0
2,0.3091956903031823,1,1,0,0,0,0,0,0,0,0,0,0,0,0,0
2,-0.6796959826275787,0,0,0,0,0,0,0,0,0,0,0,0,0,1,0
1,0.04059133049361062,1,0,0,0,0,0,0,0,0,0,0,0,0,1,0
1,6.941364737325637,0,0,0,0,0,0,0,0,0,0,0,1,0,0,0
3,-0.829366073665748,0,0,0,0,0,0,0,0,0,0,0,0,0,1,0
5,-0.022550739163117037,0,0,0,0,0,0,0,0,0,0,0,0,0,1,0
2,5.041844149336006,0,0,0,0,0,1,0,0,0,0,0,0,0,0,0
6,0.029232439655892426,1,0,0,0,0,0,0,0,0,0,0,0,0,1,0
1,-0.7204543556335088,1,0,0,0,0,0,0,0,0,0,0,0,0,1,0
5,0.4789108828196777,1,0,0,0,0,0,0,0,0,0,0,0,0,1,0
5,-0.8550906205629333,0,0,0,0,0,0,0,0,0,0,0,0,0,1,0
4,2.4897686461204382,0,0,0,0,0,0,0,0,1,0,0,0,0,0,0
4,1.255992650129458,1,0,0,0,0,0,0,0,0,0,0,0,0,1,0
2,6.644115927503551,0,0,0,0,0,0,0,0,0,0,0,0,1,0,0
2,1.6151340516161363,0,0,0,0,0,0,0,0,0,0,0,0,0,0,0
2,-0.4515159107992985,0,0,0,0,0,0,0,0,0,0,0,0,0,1,0
2,-0.24070826025223416,0,0,0,0,0,0,0,0,0,0,0,0,0,1,0
2,0.2620897018291155,1,0,0,0,0,0,0,0,0,0,0,0,0,1,0
3,-0.8126618224338095,1,0,0,0,0,0,0,0,0,0,0,0,0,1,0
5,0.5407166123778503,1,0,0,0,1,0,0,0,0,0,0,0,0,0,0
2,-0.07567025808068156,1,0,0,0,0,0,0,0,0,0,0,0,0,1,0
3,-0.005178317881900982,1,0,0,0,0,0,0,0,0,0,0,0,0,1,0
4,-0.6619894763217239,0,0,0,0,0,0,0,0,0,0,0,0,0,1,0
2,-0.586152175728723,0,0,0,0,0,0,0,0,0,0,0,0,0,1,0
5,0.4752359475486512,0,0,0,0,0,0,0,0,0,0,0,0,0,1,0
4,-0.6078677023302431,1,1,0,0,0,0,0,0,0,0,0,0,0,0,0
3,1.2499791196859604,0,0,0,0,0,0,0,0,0,0,0,0,0,1,0
3,-0.009521423202204967,1,0,0,0,0,0,0,0,0,0,0,0,0,1,0
6,-0.16386870458531702,0,1,0,0,0,0,0,0,0,0,0,0,0,0,0
2,-0.49795372922408754,0,0,0,0,0,0,0,0,0,0,0,0,0,0,0
4,0.6609872212478075,0,0,0,0,0,0,0,0,0,0,0,0,0,1,0
2,0.015534953645702829,0,0,0,0,0,0,0,0,0,0,0,0,0,1,0
5,0.11041510064311368,0,0,0,0,0,0,0,0,0,0,0,0,0,1,0
1,1.4634594504301348,0,0,0,0,0,0,0,0,0,0,0,0,0,0,0
3,2.0781758957654723,0,0,0,0,0,1,0,0,0,0,0,0,0,0,0
4,0.29817088449010265,1,0,0,0,0,0,0,0,0,0,0,0,0,1,0
1,0.26509646705086454,1,0,0,0,0,0,0,0,0,0,0,0,0,1,0
2,-0.3265681115843982,0,0,0,0,0,0,0,0,0,0,0,0,0,1,0
4,6.941364737325637,1,0,0,0,0,0,0,1,0,0,0,0,0,0,0
5,0.9386118767226259,0,0,0,0,0,0,0,0,0,0,0,0,0,1,0
5,-0.8791447423369249,0,0,0,0,0,0,0,0,0,0,0,0,0,1,0
3,0.517664745677775,0,0,0,0,0,0,0,0,0,0,0,0,0,1,0
2,-0.3903783512904034,1,0,0,0,0,0,0,0,0,0,0,0,0,1,0
3,-0.5524095882402071,1,0,0,0,0,0,0,0,0,0,0,0,0,1,0
5,0.3385951724713939,0,0,0,0,0,0,0,0,0,0,0,0,0,1,0
4,-0.027227929508059846,1,0,0,0,0,0,0,0,1,0,0,0,0,0,0
2,-0.6716779420362483,0,0,0,0,0,0,0,0,0,0,0,0,0,1,0
6,-0.29249143907124364,0,0,0,0,0,0,0,0,0,0,0,0,0,1,0
3,0.9513071076588994,1,0,0,0,0,0,0,0,0,0,0,0,0,1,0
3,0.36699239956568946,0,0,0,0,0,0,0,0,0,0,0,0,0,1,0
3,-0.08502463877056718,1,0,0,0,0,0,0,0,0,0,0,0,0,1,0
2,-0.014198613547147774,0,0,0,0,0,0,0,0,0,0,0,0,0,1,0
5,-0.9112235864027395,1,0,0,0,0,0,0,0,0,0,0,0,0,1,0
5,6.670842729474653,1,0,0,0,0,0,0,1,0,0,0,0,0,0,0
6,0.5798045602605862,1,0,0,0,0,0,0,0,0,0,0,1,0,0,0
3,0.427461789025307,0,0,0,0,0,0,0,0,0,0,0,0,0,1,0
3,-0.552743673264846,1,0,0,0,0,0,0,0,0,0,0,0,0,0,0
4,0.25273532113922986,1,0,0,0,0,0,0,0,0,0,0,0,0,1,0
6,-0.051282051282051294,1,0,0,0,0,0,0,0,0,0,0,0,0,1,0
3,-0.6994069990812662,0,0,0,0,0,0,0,0,0,0,0,0,0,1,0
5,0.5734569447924497,0,0,0,0,0,0,0,0,0,0,0,0,0,1,0
5,-0.4224505136557254,0,0,0,0,0,0,0,0,0,0,0,0,0,1,0
1,0.8667835964252903,0,0,0,0,0,0,0,0,0,0,0,0,0,1,0
5,-0.48325398813998166,1,0,0,0,0,0,0,0,0,0,0,0,0,1,0
4,-0.23402655975945877,0,0,0,0,0,0,0,0,0,0,0,0,0,1,0
6,0.6482919903115344,0,0,0,0,0,0,0,0,0,0,0,0,0,1,0
3,-0.7765806397728223,1,0,0,0,0,0,0,0,0,0,0,0,0,1,0
1,0.4197778334586152,0,0,0,0,0,0,0,0,0,0,0,0,0,1,0
5,0.4642111417355718,0,0,0,0,0,0,0,0,0,0,0,0,0,0,0
1,-0.27311450764219497,0,0,0,0,0,0,0,0,0,0,0,0,0,1,0
2,6.941364737325637,0,0,0,0,0,1,0,0,0,0,0,0,0,0,0
2,-0.1471644533533785,1,0,0,0,0,0,0,0,0,0,0,0,0,1,0
1,-0.16219827946212315,0,0,0,0,0,0,0,0,0,0,0,0,0,1,0
3,6.941364737325637,1,0,0,0,0,0,0,1,0,0,0,0,0,0,0
3,-0.6970684039087949,0,0,0,0,0,0,0,0,0,0,0,0,0,1,0
4,0.5684456694228682,0,0,0,0,0,0,0,0,0,0,0,0,0,1,0
3,-0.5711183496199783,1,0,0,0,0,0,0,0,0,0,0,0,0,0,0
3,0.7832623402655977,0,0,0,0,0,0,0,0,0,0,0,0,0,1,0
2,2.962498955984298,0,0,0,0,0,1,0,0,0,0,0,0,0,0,0
3,-0.6523010106071996,1,0,0,0,0,0,0,0,0,0,0,0,0,1,0
2,-0.25373757621314624,1,0,0,0,0,0,0,0,0,0,0,0,0,1,0
3,-0.18357972103900447,0,0,0,0,0,0,0,0,0,0,0,0,0,1,0
2,-0.7064227845986805,0,0,0,0,0,0,0,0,0,0,0,0,0,1,0
3,2.088532531529274,0,0,0,0,0,0,0,0,0,0,0,0,0,0,0
1,-0.6649962415434729,1,0,0,0,0,0,0,0,0,0,0,0,0,1,0
4,5.553328322057964,0,0,0,0,0,1,0,0,0,0,0,0,0,0,0
4,-0.0696567276371837,1,0,0,0,0,0,0,0,0,0,0,0,0,1,0
3,-0.08435646872128953,0,0,0,0,0,0,0,0,0,0,0,0,0,1,0
3,0.34961997828447355,0,0,0,0,0,0,0,0,0,0,0,0,0,1,0
3,-0.631253654054957,1,0,0,0,0,0,0,0,0,0,0,0,0,1,0
4,-0.21030652301010613,1,0,0,0,0,0,0,0,0,0,0,0,0,1,0
3,-0.507642194938612,0,0,0,0,0,0,0,0,0,0,0,0,0,1,0
1,-0.0028397227094295787,1,0,0,0,0,0,0,0,0,0,0,0,0,1,0
6,-0.6937275536624071,1,0,0,0,0,0,0,0,0,0,0,0,0,1,0
4,0.16153010941284562,0,0,0,0,0,0,0,0,0,0,0,1,0,0,0
5,0.616553912970851,0,0,0,0,0,0,0,0,0,0,0,0,0,1,0
4,-0.7488515827278043,0,0,0,0,0,0,0,0,0,0,0,0,0,1,0
5,0.3990645619310115,0,0,0,0,0,0,0,0,0,0,0,0,0,1,0
1,1.3094462540716612,0,0,0,0,0,0,0,0,0,0,0,0,0,1,0
3,-0.5637684790779254,1,0,0,0,0,0,0,0,0,0,0,0,0,1,0
2,-0.37567861020629756,1,0,0,0,0,0,0,0,0,0,0,0,0,1,0
4,-0.8814833375093962,0,0,0,0,0,0,0,0,0,0,0,0,0,1,0
1,-0.15484840892007024,1,0,0,0,0,0,0,0,0,0,0,0,0,0,0
4,6.941364737325637,1,0,0,0,0,0,0,0,0,1,0,0,0,0,0
3,0.7264678860770065,1,0,0,0,0,0,0,0,0,0,0,0,0,1,0
6,-0.5965088114925249,0,0,0,0,0,0,0,0,0,0,0,0,0,1,0
2,3.7683120354130124,0,0,0,0,0,0,0,0,0,0,0,0,1,0,0
1,1.9782844733984801,0,0,0,0,0,1,0,0,0,0,0,0,0,0,0
6,-0.2841393134552744,1,0,0,0,0,0,0,0,0,0,0,0,0,1,0
2,-0.603524597009939,1,0,0,0,0,0,0,0,0,0,0,0,0,1,0
5,1.496199782844734,0,0,0,0,0,0,0,0,0,0,0,0,0,1,0
3,-0.1481667084272947,0,0,0,1,0,0,0,0,0,0,0,0,0,0,0
2,0.44450012528188426,0,0,0,0,0,0,0,0,0,0,0,0,0,1,0
2,0.7141067401653721,1,0,0,0,1,0,0,0,0,0,0,0,0,0,0
3,1.5937526100392552,0,0,0,0,0,0,0,0,0,0,0,0,0,1,0
2,0.5086444500125282,1,0,0,0,0,0,0,0,0,0,0,0,0,1,0
3,0.3887079261672095,1,0,0,0,0,0,0,0,0,0,0,0,0,1,0
3,-0.3168796458698739,1,0,0,0,0,0,0,0,0,0,0,0,0,1,0
4,-0.23836966507976287,0,0,0,0,0,0,0,0,0,0,0,0,0,1,0
4,-0.4404911049862191,0,0,0,0,0,0,0,0,0,0,0,0,0,1,0
4,-0.7501879228263593,1,0,0,0,0,0,0,0,0,0,0,0,0,1,0
2,-0.8901695481500043,0,0,0,0,1,0,0,0,0,0,0,0,0,0,0
4,1.111667919485509,1,0,0,0,0,0,0,0,0,0,0,0,0,1,0
2,0.7334836715944207,0,0,0,0,0,0,0,0,0,0,0,0,0,1,0
3,-0.6502965004593669,1,0,0,0,0,0,0,0,0,0,0,0,0,1,0
3,0.7926167209554833,1,0,0,0,0,0,0,0,0,0,0,0,0,1,0
2,-0.24772404576964838,0,0,0,0,0,0,0,0,0,0,0,0,0,1,0
6,0.1912636766056962,1,0,0,0,0,0,0,0,0,0,0,0,0,1,0
1,0.5417188674517667,0,1,0,0,0,0,0,0,0,0,0,0,0,0,0
1,0.772571619477157,1,0,0,0,0,0,0,0,0,0,0,0,0,1,0
2,-0.6252401236114592,0,0,0,0,0,0,0,0,0,0,0,0,0,1,0
2,0.3162114758205965,0,0,0,0,0,0,0,0,0,0,0,0,0,1,0
2,-0.6275787187839306,0,0,0,0,0,0,0,0,0,0,0,0,0,1,0
3,-0.8216821180990562,1,0,0,0,0,0,0,0,0,0,0,0,0,1,0
4,-0.4217823436064479,0,0,0,0,0,0,0,0,0,0,0,0,0,1,0
3,3.537459283387622,0,0,0,0,0,1,0,0,0,0,0,0,0,0,0
4,0.1314624571953563,1,0,0,0,0,0,0,0,0,0,0,0,0,1,0
1,-0.006848743005094741,0,0,0,0,0,0,0,0,0,0,0,0,0,1,0
3,0.42412093877891927,0,0,0,0,1,0,0,0,0,0,0,0,0,0,0
1,1.5446421114173559,0,0,0,0,0,0,0,0,0,0,0,0,0,1,0
4,-0.2463877056710933,1,0,0,0,0,0,0,0,0,0,0,0,0,1,0
2,-0.21331328823185508,0,0,0,0,0,0,0,0,0,0,0,0,0,1,0
4,0.4678860770065983,1,0,0,0,0,0,0,0,0,0,0,0,0,1,0
4,-0.257078426459534,0,0,0,0,0,0,0,0,0,0,0,0,0,1,0
3,0.9780339096300009,1,0,0,0,0,0,0,0,0,0,0,0,0,1,0
3,0.7281383112002006,0,0,0,0,0,0,0,0,0,0,0,0,0,1,0
4,-0.5607617138561765,1,0,0,1,0,0,0,0,0,0,0,0,0,0,0
4,0.5136557253821098,0,0,0,0,0,0,0,0,0,0,0,0,0,1,0
5,-0.009521423202204967,1,0,0,0,0,0,0,0,0,0,0,0,0,1,0
5,-0.4652133968094881,0,0,0,0,0,0,0,0,0,0,0,0,0,1,0
6,-0.6760210473565523,1,0,0,0,0,1,0,0,0,0,0,0,0,0,0
5,-0.18658648626075341,1,0,0,0,0,0,0,0,0,0,0,0,0,1,0
5,0.784264595339514,1,0,0,0,0,0,0,0,0,0,0,0,0,1,0
4,-0.0582978367994655,1,0,0,0,0,0,0,0,0,0,0,0,0,1,0
2,0.44850914557754945,0,0,0,0,0,0,0,0,0,0,0,0,0,1,0
4,1.2736991564353128,1,0,0,0,0,1,0,0,0,0,0,0,0,0,0
1,-0.5166624906038587,0,0,0,0,0,0,0,0,0,0,0,0,0,1,0
1,-0.4738996074500961,1,0,0,0,0,0,0,0,0,0,0,0,0,1,0
6,0.07166123778501628,1,0,0,0,0,0,0,0,0,0,0,0,0,1,0
4,0.2193268186753528,1,0,0,0,0,0,0,0,0,0,0,0,0,1,0
2,0.6806982377014951,1,0,0,0,0,0,0,0,0,0,0,0,0,1,0
5,3.8464879311784848,0,0,0,0,0,1,0,0,0,0,0,0,0,0,0
5,0.00885325315292744,0,0,0,0,0,0,0,0,0,0,0,0,0,1,0
2,-0.1591915142403742,1,0,0,0,0,0,0,0,0,0,0,0,0,1,0
3,0.8514156852919068,0,0,0,0,0,0,0,0,0,0,0,0,0,1,0
3,-0.15752108911718032,0,0,0,0,0,0,0,0,0,0,0,0,0,1,0
3,-0.20997243798546733,0,0,0,0,0,0,0,0,0,0,0,0,0,1,0
4,1.401319635847323,1,0,0,0,0,0,0,0,0,0,0,0,0,1,0
5,-0.2253403491188508,0,0,0,0,0,0,0,0,0,0,0,0,0,1,0
2,0.13814415768813157,0,0,0,0,0,0,0,0,0,0,0,0,0,1,0
6,-0.3609788691221916,0,0,0,0,0,0,0,0,0,0,0,0,0,1,0
2,-0.050613881232773765,0,0,0,0,0,0,0,0,0,0,0,0,0,1,0
4,-0.3452768729641694,0,0,0,0,0,0,0,0,0,0,0,0,0,1,0
3,-0.6148834878476573,0,0,0,0,0,0,0,0,0,0,0,0,0,1,0
4,-0.5360394220329074,1,0,0,0,0,0,0,0,0,0,0,0,0,1,0
3,0.4738996074500962,1,0,0,0,0,0,0,0,0,0,0,0,0,1,0
5,0.1084105904952811,1,0,0,0,0,0,0,0,0,0,0,0,0,1,0
4,-0.03858682034577804,0,0,0,0,0,0,0,0,0,0,0,0,0,1,0
2,-0.27678944291322144,0,0,0,0,0,0,0,0,0,0,0,0,0,1,0
2,-0.0021715526601520517,0,0,0,0,0,0,0,0,0,0,0,0,0,1,0
3,0.15618474901862517,0,0,0,0,1,0,0,0,0,0,0,0,0,0,0
3,1.5566691723043515,0,0,0,0,0,1,0,0,0,0,0,0,0,0,0
2,1.4581140900359142,1,0,0,0,0,0,0,0,0,0,0,0,0,1,0
6,-0.7779169798713773,0,0,0,0,0,0,0,0,0,0,0,0,0,1,0
2,0.7508560928756369,1,0,0,0,0,0,0,0,0,0,0,0,0,1,0
1,0.14449177315626838,0,0,0,0,0,0,0,0,0,0,0,0,0,1,0
4,0.8664495114006516,1,0,0,0,0,0,0,0,0,0,0,0,0,1,0
3,0.7916144658815669,1,0,0,0,0,0,0,0,0,0,0,0,0,0,0
2,2.0892007015785516,1,0,0,0,0,0,0,0,0,0,0,0,1,0,0
2,-0.08402238369665083,1,0,0,0,0,0,0,0,0,0,0,0,0,1,0
6,0.20128622734485924,0,0,0,0,0,0,0,0,0,0,0,0,0,1,0
2,0.06497953729224089,0,0,0,0,0,0,0,0,0,0,0,0,0,1,0
4,0.9329324313037668,1,0,0,0,0,0,0,0,0,0,0,0,0,1,0
3,6.941364737325637,0,0,0,0,0,1,0,0,0,0,0,0,0,0,0
3,1.8763885408836554,1,0,0,0,1,0,0,0,0,0,0,0,0,0,0
4,-0.5039672596675855,1,0,0,0,0,0,0,0,0,0,0,0,0,1,0
5,0.25774659650881165,0,0,0,0,1,0,0,0,0,0,0,0,0,0,0
1,-0.01286227344859272,1,0,0,0,0,0,0,0,0,0,0,0,0,1,0
2,0.6115426376012696,0,0,0,0,0,0,0,0,0,0,0,0,0,1,0
3,-0.14983713355048858,1,0,0,0,0,0,0,0,0,0,0,0,0,1,0
1,0.26743506222333596,1,0,0,0,0,0,0,0,0,0,0,0,0,1,0
4,-0.7558673682452185,1,0,0,0,0,0,0,0,0,0,0,0,0,1,0
3,-0.678025557504385,1,0,0,0,0,0,0,0,0,0,0,0,0,1,0
2,-0.031236949803725007,0,1,0,0,0,0,0,0,0,0,0,0,0,0,0
2,6.941364737325637,0,0,0,0,0,0,0,0,0,0,0,1,0,0,0
2,-0.3071911801553496,0,0,0,0,0,0,0,0,0,0,0,0,0,1,0
2,-0.8721289568195106,1,0,0,0,0,0,0,0,0,0,0,0,0,1,0
5,-0.11475820596341765,0,0,0,0,0,0,0,0,0,0,0,0,0,1,0
5,-0.3740081850831037,1,0,0,0,0,0,0,0,0,0,0,0,0,1,0
2,0.0856928088198447,1,0,0,0,0,0,0,0,0,0,0,0,0,1,0
5,0.6285809738578468,0,0,0,0,0,0,0,0,0,0,0,0,0,1,0
3,0.41710515326150505,0,0,0,0,0,0,0,0,0,0,0,0,0,1,0
4,1.066566441159275,0,0,0,0,0,0,0,0,0,0,0,0,0,1,0
4,-0.00985550822684379,0,0,0,0,0,0,0,0,0,0,0,0,0,1,0
2,-0.12043765138227681,0,0,0,0,0,0,0,0,0,0,0,0,0,1,0
2,-0.18625240123611458,1,0,0,0,0,0,0,0,0,0,0,0,0,1,0
5,0.4922742838052285,1,0,0,0,0,0,0,0,0,0,0,0,0,1,0
2,-0.48325398813998166,0,0,0,0,0,0,0,0,0,0,0,0,0,1,0
5,-0.15284389877223753,0,0,0,0,0,0,1,0,0,0,0,0,0,0,0
2,-0.7705671093293244,0,0,0,0,0,0,0,0,0,0,0,0,0,1,0
6,0.12611709680113586,0,0,0,0,0,0,0,0,0,0,0,0,0,1,0
2,-0.2116428631086612,1,0,0,0,0,0,0,0,0,0,0,0,0,1,0
2,1.0725799716027729,0,0,0,0,0,0,0,0,0,0,0,0,0,0,0
3,-0.29449594921907635,0,0,0,0,0,0,0,0,0,0,0,0,0,1,0
4,0.5337008268604361,0,0,0,0,0,0,0,0,0,0,0,0,0,1,0
3,-0.039589075419694274,1,0,0,0,0,0,0,0,0,0,0,0,0,1,0
3,6.941364737325637,0,0,0,0,0,0,0,0,0,0,0,0,0,0,0
5,-0.33892925749603275,0,0,0,0,0,0,0,0,0,0,0,0,0,1,0
4,-0.7141067401653721,0,0,0,0,0,0,0,0,0,0,0,0,0,1,0
3,-0.6409421197694815,1,0,0,0,0,0,0,0,0,0,0,0,0,1,0
2,-0.1822433809404493,1,0,0,0,0,0,0,0,0,0,0,0,0,1,0
3,1.1006431136724297,1,1,0,0,0,0,0,0,0,0,0,0,0,0,0
2,-0.909546479579053,0,0,0,0,0,0,0,0,0,0,0,0,0,1,0
2,-0.1130877808402239,0,0,0,0,0,0,0,0,0,0,0,0,0,1,0
3,1.882736156351792,0,0,0,0,1,0,0,0,0,0,0,0,0,0,0
4,-0.6583145410506974,0,0,0,0,0,0,0,0,0,0,0,0,0,1,0
4,0.48225173306606545,1,0,0,0,0,0,0,0,0,0,0,0,0,1,0
4,0.6095381274534368,1,0,0,0,0,0,0,0,0,0,0,0,0,1,0
2,4.993067735738746,1,0,0,0,0,1,0,0,0,0,0,0,0,0,0
4,-0.7431721373089453,1,0,0,0,0,0,0,0,0,0,0,0,0,1,0
5,0.16620729975778842,1,0,0,0,0,0,0,0,0,0,0,0,0,1,0
5,-0.5684456694228682,1,0,0,0,0,0,0,0,0,0,0,0,0,1,0
3,0.9566524680531195,0,0,0,0,0,0,0,0,0,0,0,0,0,1,0
2,-0.5838135805562517,1,0,0,0,0,0,0,0,0,0,0,0,0,1,0
4,1.2078844065814751,1,0,0,0,0,0,0,0,0,0,0,0,0,1,0
2,2.3664912720287314,0,0,0,0,0,1,0,0,0,0,0,0,0,0,0
1,-0.13981458281132544,1,0,0,0,0,0,0,0,0,0,0,0,0,1,0
3,0.5179988307024139,1,0,0,0,0,0,0,0,0,0,0,0,0,1,0
1,-0.8437317297252152,0,0,0,0,0,0,0,0,0,0,0,0,0,1,0
2,6.368161697151926,0,0,0,0,0,0,0,0,0,0,0,1,0,0,0
6,4.449511400651466,0,0,0,1,0,0,0,0,0,0,0,0,0,0,0
3,-0.5156602355299424,1,0,0,0,0,0,0,0,0,0,0,0,0,1,0
2,0.0425958406414432,1,0,0,0,0,0,0,0,0,0,0,0,0,1,0
3,-0.49394470892842235,0,0,0,0,0,0,0,0,0,0,0,0,0,1,0
2,-0.5413847824271277,1,0,0,0,0,0,0,0,0,0,0,0,0,1,0
1,0.010189593251482493,0,0,0,0,0,0,0,0,0,0,0,0,0,1,0
1,-0.3422701077424205,1,0,0,0,0,0,0,0,0,0,0,0,0,1,0
2,0.9830451849995824,1,1,0,0,0,0,0,0,0,0,0,0,0,0,0
4,0.10473565522425464,0,0,0,0,0,0,0,0,0,0,0,0,0,1,0
2,1.5366240708260255,0,0,0,0,0,0,0,0,0,0,0,0,0,1,0
1,0.5704501795707009,0,0,0,0,0,0,0,0,0,0,0,0,0,1,0
2,-0.32356134636264927,0,0,0,0,0,0,0,0,0,0,0,0,0,1,0
5,-0.7351540967176147,1,0,0,0,0,0,0,0,0,0,0,0,0,1,0
2,0.5998496617389125,0,0,0,0,0,0,0,0,0,0,0,0,0,1,0
4,0.05996826192265938,1,0,0,0,0,0,0,0,0,0,0,0,0,1,0
4,-0.08302012862273447,1,0,0,0,0,0,0,0,0,0,0,0,0,1,0
6,0.804643781842479,1,0,0,0,0,0,0,0,0,0,0,0,0,1,0
1,-0.9112235864027395,0,0,0,0,0,0,0,0,0,0,0,0,0,1,0
5,0.4468387204543557,0,0,0,0,0,0,0,0,0,0,0,0,0,1,0
1,-0.09337676438653644,0,0,0,0,0,0,0,0,0,0,0,0,0,1,0
5,-0.13981458281132544,1,0,0,0,0,0,0,0,0,0,0,0,0,1,0
5,-0.7227929508059802,0,0,0,0,0,0,0,0,0,0,0,0,0,1,0
3,-0.6964002338595172,0,0,0,0,0,0,0,0,0,0,0,0,0,1,0
2,-0.5928338762214983,0,0,0,0,0,0,0,0,0,0,0,0,0,1,0
1,0.16921406497953723,0,0,0,0,0,0,0,0,1,0,0,0,0,0,0
3,0.21030652301010613,1,0,0,0,0,0,0,0,0,0,0,0,0,1,0
4,-0.7598763885408838,0,0,0,0,0,0,0,0,0,0,0,0,0,1,0
3,0.9155600100225508,0,0,0,0,0,0,0,0,0,0,0,0,0,1,0
1,0.20295665246805322,1,0,0,0,0,0,0,0,0,0,0,0,0,1,0
2,0.27311450764219486,1,0,0,0,0,0,0,0,0,0,0,0,0,1,0
4,-0.012528188423953897,1,0,0,0,0,0,0,0,0,0,0,0,0,1,0
4,0.4100893677440909,0,0,0,0,0,0,0,0,0,0,0,0,0,1,0
3,0.11843314123444423,1,0,0,0,0,0,0,0,0,0,0,0,0,1,0
4,-0.8153345026309197,0,0,0,0,0,0,0,0,0,0,0,0,0,1,0
3,0.7749102146496284,0,0,0,0,0,0,0,0,0,0,0,0,0,1,0
2,-0.8170049277541135,0,0,0,0,0,0,0,0,1,0,0,0,0,0,0
5,1.0268103232272614,1,0,0,0,0,0,0,0,0,0,0,0,0,1,0
2,1.6081182660987223,0,0,0,0,0,0,0,0,1,0,0,0,0,0,0
3,-0.5383780172053789,0,0,0,0,0,0,0,0,0,0,0,0,0,1,0
4,-0.07166123778501628,1,0,0,0,0,0,0,0,0,0,0,0,0,1,0
2,0.69840474400735,0,0,0,0,0,0,0,0,0,0,0,0,0,1,0
3,0.4358139146412763,0,0,0,0,0,0,0,0,0,0,0,0,0,1,0
3,0.27010774242044605,0,0,0,0,0,0,0,0,0,0,0,0,0,1,0
4,0.07934519335170802,0,0,0,0,0,0,0,0,0,0,0,0,0,1,0
1,0.4214482585818092,1,0,0,0,0,0,0,0,0,0,0,0,0,1,0
2,0.04526852083855343,0,0,0,0,0,0,0,0,0,0,0,0,0,1,0
1,-0.33592249227428383,0,0,0,0,0,0,0,0,0,0,0,0,0,1,0
2,-0.08903365906623234,1,0,0,0,0,0,0,0,0,0,0,0,0,1,0
2,-0.3148751357220413,1,0,0,0,0,0,0,0,0,0,0,0,0,1,0
1,0.8213480330744175,0,0,0,0,0,0,0,0,0,0,0,0,0,1,0
1,-0.6900526183913807,1,0,0,0,0,0,0,0,0,0,0,0,0,1,0
3,0.6883821932681867,0,0,0,0,0,0,0,0,0,0,0,0,0,1,0
2,0.6853754280464379,0,0,0,0,0,0,0,1,0,0,0,0,0,0,0
3,-0.30485258498287815,0,0,0,0,0,0,0,0,0,0,0,0,0,1,0
2,-0.351624488432306,0,0,0,0,0,0,0,0,0,0,0,0,0,1,0
5,-0.41710515326150505,0,0,0,0,0,0,0,0,0,0,0,0,0,1,0
5,0.6586486260753364,1,0,0,0,0,0,0,0,0,0,0,0,0,1,0
2,0.14048275286060297,0,0,0,0,0,0,0,0,0,0,0,0,0,1,0
3,-0.8654472563267352,1,0,0,0,0,0,0,0,0,0,0,0,0,1,0
3,6.941364737325637,0,0,0,0,0,0,0,0,0,0,0,0,1,0,0
5,0.7211225256827863,1,0,0,0,0,0,0,0,0,0,0,0,0,1,0
5,-0.8447339847991314,1,0,0,0,0,0,0,0,0,0,0,0,0,1,0
4,0.6232356134636265,1,0,0,0,0,0,0,0,0,0,0,0,0,1,0
2,0.07567025808068156,1,0,0,0,0,0,0,0,0,0,0,0,0,1,0
3,-0.5173306606531363,1,0,0,0,0,0,0,0,0,0,0,0,0,1,0
4,-0.7866031905119855,0,0,0,0,0,0,0,0,0,0,0,0,0,1,0
2,-0.5036331746429467,1,0,0,0,0,0,0,0,0,0,0,0,0,1,0
2,-0.9108828196776081,1,0,0,0,0,0,0,0,0,0,0,0,0,1,0
4,0.44550238035580064,0,0,0,0,0,0,0,0,0,0,0,0,0,1,0
2,-0.06932264261254488,1,0,0,0,0,0,0,0,0,0,0,0,0,1,0
5,0.30886160527854334,0,0,0,0,0,0,0,0,0,0,0,0,0,1,0
3,0.7127704000668171,0,0,0,0,0,0,0,0,0,0,0,0,0,1,0
4,1.6348450680698239,1,0,0,0,1,0,0,0,0,0,0,0,0,0,0
4,1.0428464044099226,0,1,0,0,0,0,0,0,0,0,0,0,0,0,0
3,0.4658815668587656,0,0,0,0,0,0,0,0,0,0,0,0,0,1,0
4,-0.09905620980539548,1,1,0,0,0,0,0,0,0,0,0,0,0,0,0
3,0.13714190261421522,1,0,0,1,0,0,0,0,0,0,0,0,0,0,0
2,0.29082101394804977,0,0,0,0,0,0,0,0,0,0,0,0,0,1,0
5,1.3091121690470227,0,0,0,0,0,0,0,0,0,0,0,0,0,1,0
3,1.1550989726885494,0,0,0,1,0,0,0,0,0,0,0,0,0,0,0
2,-0.8256911383947215,1,0,0,0,0,0,0,0,0,0,0,0,0,1,0
3,1.007099306773574,0,0,0,0,0,0,0,0,0,0,0,0,0,1,0
2,-0.4174392382861438,0,0,0,0,0,0,0,0,0,0,0,0,0,1,0
2,0.6068654472563267,1,0,0,0,0,0,0,0,0,0,0,0,0,1,0
2,-0.5226760210473566,0,0,0,0,0,0,0,0,0,0,0,0,0,1,0
3,-0.4154347281383112,1,0,0,0,0,1,0,0,0,0,0,0,0,0,0
3,-0.6365990144491773,0,0,0,0,0,0,0,0,0,0,0,0,0,0,0
2,-0.3122024555249311,1,0,0,0,0,0,0,0,0,0,0,0,0,1,0
3,-0.11542637601269519,1,0,0,0,0,0,0,0,0,0,0,0,0,1,0
5,0.18291155098972695,0,0,0,0,0,0,0,0,0,0,0,0,0,1,0
5,-0.8126618224338095,0,0,0,0,0,0,0,0,0,0,0,0,0,1,0
3,0.03190511985300253,1,0,0,0,0,0,0,0,0,0,0,0,0,1,0
2,-0.17656393552159028,1,0,0,0,0,0,0,0,0,0,0,0,0,1,0
1,-0.9112235864027395,0,0,0,0,0,0,0,0,0,0,0,0,0,1,0
4,0.0696567276371837,0,0,0,0,0,0,0,0,0,0,0,0,0,1,0
3,-0.9021966090369999,1,0,0,0,0,0,0,0,0,0,0,0,0,1,0
6,0.8520838553411845,0,0,0,0,0,0,0,0,0,0,0,0,0,1,0
2,-0.2968345443915477,0,0,0,0,0,0,0,0,0,0,0,0,0,1,0
2,0.8103232272613382,1,0,0,0,0,0,0,0,0,0,0,0,0,1,0
4,0.9145577549486346,1,0,0,0,0,0,0,0,0,0,0,0,0,1,0
4,-0.004844232857262159,1,0,0,0,0,0,0,0,0,0,0,0,0,1,0
3,-0.33425206715108996,1,0,0,0,0,0,0,0,0,0,0,0,0,1,0
4,0.48692892341100824,1,0,0,0,0,0,0,0,0,0,0,0,0,1,0
4,0.26543055207550326,0,0,0,0,0,0,0,0,0,0,0,0,0,1,0
2,-0.27010774242044605,1,0,0,0,0,0,0,0,0,0,0,0,0,1,0
1,6.941364737325637,0,0,0,0,0,0,0,0,0,1,0,0,0,0,0
3,-0.24338094044934439,0,1,0,0,0,0,0,0,0,0,0,0,0,0,0
2,0.27712352793786027,1,0,0,0,0,0,0,0,0,0,0,0,0,1,0
5,-0.6399398646955651,0,0,0,0,0,0,0,0,0,0,0,0,0,1,0
1,0.35463125365405507,0,0,0,0,0,0,0,0,0,0,0,0,0,1,0
5,-0.3806898855758791,0,0,0,0,0,0,0,0,0,0,0,0,0,1,0
2,-0.03457780005011276,1,0,0,0,0,0,0,0,0,0,0,0,0,1,0
3,-0.510314875135722,0,0,0,0,0,0,0,0,0,0,0,0,0,1,0
2,0.036248225173306635,1,0,0,0,0,0,0,0,0,0,0,0,0,1,0
2,-0.6947298087363235,1,0,0,1,0,0,0,0,0,0,0,0,0,0,0
5,0.7344859266683371,1,0,0,0,0,0,0,0,0,0,0,0,0,1,0
4,-0.6526350956318384,1,0,0,0,0,0,0,0,0,0,0,0,0,1,0
6,1.0775912469723545,0,0,0,0,0,0,0,0,0,0,0,0,0,1,0
2,-0.5600935438068989,0,0,0,0,0,0,0,0,0,0,0,0,0,1,0
3,0.7709011943539632,1,0,0,0,0,0,0,0,0,0,0,0,0,1,0
3,-0.47356552242545735,1,0,0,0,0,0,0,0,0,0,0,0,0,1,0
1,-0.8915058882485593,0,0,0,0,0,0,0,0,0,0,0,0,0,1,0
2,1.0956318383028483,0,0,0,0,0,0,0,0,0,0,0,0,0,1,0
3,0.9523093627328156,1,0,0,0,0,0,0,0,0,0,0,0,0,1,0
5,-0.5580890336590663,0,0,0,0,0,0,0,0,0,0,0,0,0,1,0
1,-0.7618808986887163,1,0,0,0,0,0,0,0,0,0,0,0,0,1,0
2,0.37100141986135465,0,0,0,0,0,0,0,0,0,0,0,0,0,1,0
2,1.4547732397895266,0,1,0,0,0,0,0,0,0,0,0,0,0,0,0
2,-0.24070826025223416,1,0,0,0,0,0,0,0,0,0,0,0,0,1,0
5,-0.5908293660736659,1,0,0,0,0,0,0,0,0,0,0,0,0,1,0
2,-0.7635513238119103,1,0,0,0,0,0,0,0,0,0,0,0,0,1,0
2,-0.33024304685542477,0,0,0,0,0,0,0,0,0,0,0,0,0,1,0
5,1.3625657729892258,0,0,0,0,0,0,0,0,0,0,0,0,0,1,0
2,-0.13346696734318889,1,0,0,0,0,0,0,0,0,0,0,0,0,1,0
5,-0.013196358473231425,1,0,0,0,0,0,0,0,0,0,0,0,0,1,0
4,-0.4358139146412762,1,0,0,0,0,0,0,0,0,0,0,0,0,1,0
2,0.034911885074751584,0,0,0,0,0,0,0,0,0,0,0,0,0,1,0
4,-0.5600935438068989,1,0,0,0,0,0,0,0,0,0,0,0,0,1,0
2,0.032907374926918885,0,0,0,0,0,0,0,0,0,0,0,0,0,1,0
5,-0.24538545059717695,0,0,0,0,0,0,0,0,0,0,0,0,0,1,0
2,1.672930760878644,0,0,0,0,0,0,0,0,0,0,0,0,0,1,0
5,0.6108744675519919,1,0,0,0,0,0,0,0,0,0,0,0,0,1,0
4,0.2413764303015118,1,0,0,0,0,0,0,0,0,0,0,0,0,1,0
1,0.6810323227261338,0,0,0,0,0,0,0,0,0,0,0,0,0,1,0
2,0.20596341768980203,0,0,0,0,0,0,0,0,0,0,0,0,0,1,0
6,0.6723461120855259,0,0,0,0,0,0,0,0,0,0,0,0,0,0,0
1,-0.7675603441075755,1,0,0,0,0,0,0,0,0,0,0,0,0,1,0
2,-0.1084105904952811,0,0,0,0,0,0,0,0,0,0,0,0,0,1,0
6,-0.131796542219995,0,0,0,0,0,0,0,0,0,0,0,0,0,1,0
3,0.33024304685542466,0,0,0,0,0,0,0,0,0,0,0,0,0,1,0
5,0.6235696984882653,0,0,0,0,0,0,0,0,0,0,0,0,0,1,0
2,4.181909295915811,0,0,0,0,0,1,0,0,0,0,0,0,0,0,0
2,0.005178317881900982,1,0,0,0,0,0,0,0,0,0,0,0,0,1,0
4,0.08469055374592835,1,0,0,0,0,0,0,0,0,0,0,0,0,1,0
2,0.08001336340098554,0,0,0,0,0,0,0,0,0,0,0,0,0,1,0
3,0.1361396475402991,0,0,0,0,0,0,0,0,0,0,0,0,0,1,0
2,0.35830618892508154,0,0,0,0,0,0,0,0,0,0,0,0,0,1,0
3,-0.3015117347364904,1,0,0,0,0,0,0,0,0,0,0,0,0,1,0
3,0.022216654138478217,1,0,0,0,0,0,0,0,0,0,0,0,0,1,0
4,2.5452267602104737,1,0,0,0,0,1,0,0,0,0,0,0,0,0,0
1,-0.5671093293243131,0,0,0,0,0,0,0,0,0,0,0,0,0,1,0
3,0.023887079261672092,0,0,0,0,0,0,0,0,0,0,0,0,0,1,0
2,0.17021632005345358,0,0,0,0,0,0,0,0,0,0,0,0,0,1,0
3,-0.6817004927754114,1,0,0,0,0,0,0,0,0,0,0,0,0,1,0
5,-0.08970182911550986,1,0,0,0,0,0,0,0,0,0,0,0,0,1,0
6,0.6516328405579221,0,0,0,0,0,0,0,0,0,0,0,0,0,1,0
3,0.9760293994821684,0,0,0,0,0,0,0,0,0,0,0,0,0,1,0
3,-0.7982961663743423,1,0,0,0,0,0,0,0,0,0,0,0,0,1,0
3,-0.8240207132715276,0,0,0,0,0,0,0,0,0,0,0,0,0,1,0
3,0.6817004927754114,0,0,0,0,0,0,0,0,0,0,0,0,0,1,0
5,-0.07967927837634683,1,0,0,0,0,0,0,0,0,0,0,0,0,1,0
4,-0.5136557253821098,0,0,0,0,0,0,0,0,0,0,0,0,0,1,0
2,-0.6860435980957155,1,0,0,0,0,0,0,0,0,0,0,0,0,1,0
3,6.921072412929091,0,0,0,0,0,1,0,0,0,0,0,0,0,0,0
1,-0.8878309529775328,1,0,0,0,0,0,0,0,0,0,0,0,0,1,0
2,0.3332498120771737,0,0,0,0,0,0,0,0,0,0,0,0,0,1,0
3,-0.7371586068654473,0,0,0,0,1,0,0,0,0,0,0,0,0,0,0
5,-0.752192432974192,1,0,0,0,0,0,0,0,1,0,0,0,0,0,0
4,0.17021632005345358,0,0,0,0,0,0,0,0,0,0,0,0,0,1,0
2,-0.29984130961329664,0,0,0,0,0,0,0,0,0,0,0,0,0,1,0
4,-0.9005261839138061,1,0,0,0,0,0,0,0,0,0,0,0,0,1,0
2,0.3172137308945126,1,0,0,0,0,0,0,0,0,0,0,0,0,1,0
5,-0.525014616219828,1,0,0,0,0,0,0,0,0,0,0,0,0,1,0
4,-0.277457612962499,0,0,0,0,0,0,0,0,0,0,0,0,0,1,0
4,0.235028814833375,0,0,0,0,0,0,0,0,0,0,0,0,0,1,0
3,-0.3128706255742086,1,0,0,0,0,0,0,0,0,0,0,0,0,1,0
2,-0.5791363902113088,0,0,0,0,0,0,0,0,0,0,0,0,0,1,0
5,0.11342186586486261,0,0,0,0,0,0,0,0,1,0,0,0,0,0,0
3,-0.6700075169130544,0,0,0,0,0,0,0,0,0,0,0,0,0,1,0
4,0.637267184498455,1,0,0,0,0,0,0,0,0,0,0,0,0,1,0
3,-0.3005094796625742,1,0,0,0,0,0,0,0,0,0,0,0,0,1,0
4,-0.5844817506055291,0,0,0,0,0,0,0,0,0,0,0,0,0,1,0
3,0.6743506222333585,0,0,0,0,0,0,0,0,0,0,0,0,0,1,0
3,-0.7528606030234696,1,0,0,0,0,0,0,0,0,0,0,0,0,1,0
4,0.2677691472479746,0,0,0,0,0,0,0,0,0,0,0,0,0,1,0
4,0.46087029148918407,0,0,0,0,0,0,0,0,0,0,0,0,0,1,0
4,0.7932848910047607,1,0,0,0,0,1,0,0,0,0,0,0,0,0,0
3,-0.3499540633091123,1,0,0,0,0,0,0,0,0,0,0,0,0,1,0
2,0.5878226008519168,1,0,0,0,0,0,0,0,0,0,0,0,0,1,0
2,1.7477658063977284,0,0,0,0,0,0,0,0,0,0,0,0,0,1,0
2,0.04326401069072085,0,0,0,0,0,0,0,0,0,0,0,0,0,1,0
6,0.5146579804560262,0,0,0,0,0,0,0,0,0,0,0,0,0,1,0
1,-0.24972855591748105,0,0,0,0,0,0,0,0,0,0,0,0,0,1,0
3,0.5965088114925248,1,0,0,0,0,0,0,0,0,0,0,0,0,1,0
2,-0.38636933099473825,1,0,0,0,0,0,0,0,0,0,0,0,0,1,0
5,0.6102062975027145,0,0,0,0,0,0,0,0,1,0,0,0,0,0,0
2,0.49394470892842224,1,0,0,0,0,0,0,0,0,0,0,0,0,1,0
2,-0.6680030067652217,0,0,0,0,0,0,0,0,0,0,0,0,0,1,0
2,-0.10072663492858935,1,0,0,0,0,0,0,0,0,0,0,0,0,1,0
3,6.941364737325637,0,0,0,0,0,0,0,0,0,0,0,1,0,0,0
5,-0.15852334419109668,0,0,0,0,0,0,0,0,0,0,0,0,0,1,0
2,2.821515075586737,1,0,0,0,0,0,0,0,0,0,0,0,0,0,0
5,0.8086528021381442,1,0,0,0,0,0,0,0,0,0,0,0,0,1,0
2,6.941364737325637,0,0,0,0,0,0,0,0,0,0,0,1,0,0,0
2,-0.9112235864027395,1,0,0,0,0,0,0,0,0,0,0,0,0,1,0
3,-0.8560928756368497,0,0,0,0,0,0,0,0,0,0,0,0,0,1,0
2,0.5607617138561763,0,0,0,0,0,0,0,0,0,0,0,0,0,1,0
2,-0.010189593251482493,0,0,0,0,0,0,0,0,0,0,0,0,0,1,0
5,0.36498788941785676,1,0,0,0,0,0,0,0,0,0,0,0,0,1,0
5,-0.8136640775077258,0,0,0,0,0,0,0,0,0,0,0,0,0,1,0
4,0.6964002338595172,1,0,0,0,0,0,0,0,0,0,0,0,0,1,0
2,0.2988390545393803,0,0,0,0,0,0,0,0,0,0,0,0,0,1,0
2,1.0311534285475654,0,0,0,0,0,0,0,0,0,0,0,0,0,1,0
2,0.32723628163367585,0,0,0,0,0,0,0,0,0,0,0,0,0,1,0
1,-0.4261254489267519,1,0,0,0,0,0,0,0,0,0,0,0,0,1,0
6,-0.4762382026225675,1,0,0,0,0,0,0,0,0,0,0,0,0,1,0
2,0.13781007266349288,0,0,0,0,0,0,0,0,0,0,0,0,0,1,0
2,-0.7080932097218743,0,0,0,0,0,0,0,0,0,0,0,0,0,1,0
2,-0.277457612962499,1,0,0,0,0,0,0,0,0,0,0,0,0,1,0
4,-0.33859517247139403,0,0,0,0,0,0,0,0,0,0,0,0,0,1,0
2,-0.20997243798546733,0,0,0,0,0,0,0,0,0,0,0,0,0,1,0
2,6.506138812327738,0,0,0,0,0,1,0,0,0,0,0,0,0,0,0
2,0.9927336507141069,0,0,0,0,0,0,0,0,0,0,0,0,0,1,0
4,-0.4645452267602105,0,0,0,0,0,0,0,0,0,0,0,0,0,1,0
5,-0.0582978367994655,1,0,0,0,0,0,0,0,0,0,0,0,0,1,0
4,-0.09671761463292407,0,0,0,0,0,0,0,0,0,0,0,0,0,1,0
2,0.552743673264846,0,0,0,0,0,0,0,0,1,0,0,0,0,0,0
1,0.9870542052952478,1,0,0,0,0,0,0,0,0,0,0,0,0,1,0
1,-0.9112235864027395,0,0,0,0,0,0,0,0,1,0,0,0,0,0,0
2,0.2694395723711684,0,0,0,0,0,0,0,0,0,0,0,0,0,1,0
6,0.48926751858347967,0,0,0,0,0,0,0,0,0,0,0,0,0,1,0
1,-0.7922826359308445,0,0,0,0,0,0,0,0,0,0,0,0,0,1,0
2,0.5460619727720705,0,0,0,0,0,0,0,0,0,0,0,0,0,1,0
3,-0.20596341768980203,1,0,0,0,0,0,0,0,0,0,0,0,0,1,0
4,0.0973857846822016,1,0,0,0,0,0,0,0,0,0,0,0,0,1,0
5,1.2108911718032243,1,0,0,0,0,0,0,0,0,0,0,0,0,1,0
4,-0.5086444500125282,1,0,0,0,0,0,0,0,0,0,0,0,0,1,0
3,-0.909546479579053,0,0,0,0,0,0,0,0,0,0,0,0,0,1,0
4,0.7545310281466634,0,0,0,0,0,0,0,0,0,0,0,0,0,1,0
2,-0.8854923578050614,1,0,0,0,0,0,0,0,1,0,0,0,0,0,0
1,-0.6940616386870458,1,0,0,0,0,0,0,0,0,0,0,0,0,1,0
1,-0.40073498705420535,1,0,0,0,0,0,0,0,0,0,0,0,0,1,0
2,-0.1775661905955066,0,0,0,0,0,0,0,0,0,0,0,0,0,1,0
2,0.06397728221832454,0,0,0,0,0,0,0,0,0,0,0,0,0,1,0
4,0.027227929508059846,1,0,0,0,0,0,0,0,0,0,0,0,0,1,0
3,1.1350538712102232,1,0,0,0,0,0,0,0,0,0,0,0,0,1,0
5,1.0371669589910635,0,0,0,0,0,0,0,0,0,0,0,0,0,1,0
6,-0.9112235864027395,0,0,0,0,0,0,0,0,0,0,0,0,0,0,0
1,0.5026309195690304,0,0,0,0,0,0,0,0,0,0,0,0,0,1,0
3,-0.6132130627244634,0,0,0,0,0,0,0,0,0,0,0,0,0,1,0
4,1.3976447005762966,1,0,0,0,1,0,0,0,0,0,0,0,0,0,0
5,0.5139898104067485,0,0,0,0,0,0,0,0,0,0,0,0,0,1,0
6,6.941364737325637,0,0,0,0,0,0,0,0,0,0,0,0,0,0,0
1,-0.24338094044934439,0,0,0,0,0,0,0,0,0,0,0,0,0,1,0
2,-0.2500626409421198,1,0,0,0,0,0,0,0,0,0,0,0,0,1,0
2,-0.08302012862273447,1,0,0,0,0,0,0,0,0,0,0,0,0,1,0
2,-0.3860352459700994,0,0,0,0,0,0,0,0,0,0,0,0,0,1,0
2,1.462791280380857,0,0,0,0,0,0,0,0,0,0,0,0,0,0,0
5,1.2346112085525767,1,0,0,0,0,0,0,0,0,0,0,0,0,1,0
2,-0.4501795707007434,1,0,0,0,0,0,0,0,0,0,0,0,0,1,0
2,-0.5290236365154932,0,0,0,0,0,0,0,0,0,0,0,0,0,1,0
2,-0.9112235864027395,1,0,0,0,0,0,0,0,0,0,0,0,0,1,0
5,-0.17188674517664745,0,0,0,0,0,0,0,0,0,0,0,0,0,1,0
4,-0.2841393134552744,0,0,0,0,0,0,0,0,0,0,0,0,0,1,0
4,0.10506974024889333,1,0,0,0,0,0,0,0,0,0,0,0,0,1,0
6,0.2300175394637935,0,0,0,0,0,0,0,0,0,0,0,0,0,1,0
2,0.2370333249812077,1,0,0,0,0,0,0,0,0,0,0,0,0,1,0
5,-0.3990645619310115,1,0,0,0,0,0,0,0,0,0,0,0,0,1,0
4,-0.5226760210473566,0,0,0,0,0,0,0,0,0,0,0,0,0,1,0
5,0.1244466716779421,0,0,0,0,0,0,0,0,0,0,0,0,0,1,0
4,-0.19159776163033493,0,0,0,0,0,0,0,0,0,0,0,0,0,1,0
4,-0.8430635596759376,0,0,0,0,0,0,0,0,0,0,0,0,0,1,0
2,-0.4214482585818091,0,0,0,0,0,0,0,0,0,0,0,0,0,1,0
3,-0.3857011609454607,0,0,0,0,0,0,0,0,1,0,0,0,0,0,0
2,0.5985133216403575,0,0,0,0,0,0,0,0,0,0,0,0,0,1,0
5,-0.8908377181992818,0,0,0,0,0,0,0,0,0,0,0,0,0,1,0
3,0.131796542219995,1,0,0,0,0,0,0,0,0,0,0,0,0,1,0
3,-0.10206297502714441,0,0,0,0,0,0,0,0,0,0,0,0,0,0,0
2,-0.16487095965923323,0,0,0,0,0,0,0,0,0,0,0,0,0,1,0
2,-0.7515242629249145,0,0,0,0,0,0,0,0,0,0,0,0,0,1,0
2,-0.7709011943539631,0,0,0,0,0,0,0,0,0,0,0,0,0,0,0
2,-0.6523010106071996,1,0,0,0,0,0,0,0,0,0,0,0,0,1,0
3,-0.8387204543556336,0,0,0,0,0,0,0,0,0,0,0,0,0,1,0
4,0.8854923578050615,1,0,0,0,0,0,0,0,0,0,0,0,0,1,0
1,1.9983295748768062,0,0,0,0,0,0,0,0,0,0,0,0,0,0,0
0,0.9442913221414851,0,0,0,0,0,0,0,0,0,0,0,0,0,1,0
1,-0.05762966675018798,0,0,0,0,0,0,0,0,0,0,0,0,0,1,0
2,0.5253487012444668,1,0,0,0,0,0,0,0,0,0,0,0,0,1,0
3,-0.7896099557337343,0,0,0,0,0,0,0,0,0,0,0,0,0,1,0
1,1.9953228096550573,0,1,0,0,0,0,0,0,0,0,0,0,0,0,0
4,0.7070909546479579,0,0,0,0,0,0,0,0,0,0,0,0,0,1,0
1,-0.033575544976196414,0,0,0,0,0,0,0,0,0,0,0,0,0,1,0
4,1.1647874384030736,0,0,0,0,0,0,0,0,0,0,0,0,0,1,0
1,-0.023887079261672092,1,0,0,0,0,0,0,0,0,0,0,0,0,1,0
2,-0.007516913054372386,0,0,0,0,0,0,0,0,0,0,0,0,0,1,0
1,-0.21698822350288152,0,0,0,0,0,0,0,0,0,0,0,0,0,1,0
3,0.5570867785851499,0,0,0,0,0,0,0,0,0,0,0,0,0,1,0
2,-0.9112235864027395,1,0,0,0,0,0,0,0,0,0,0,0,0,1,0
4,1.050530359976614,1,0,0,0,0,0,0,0,0,0,0,0,0,1,0
4,0.5463960577967092,0,0,0,0,0,0,0,0,0,0,0,0,0,1,0
3,0.1548484089200701,1,0,0,0,0,0,0,0,0,0,0,0,0,1,0
2,0.4815835630167878,1,0,0,0,0,0,0,0,0,0,0,0,0,1,0
4,0.2169882235028814,1,0,0,0,0,1,0,0,0,0,0,0,0,0,0
3,0.7268019711016455,0,0,0,0,0,0,0,0,0,0,0,0,0,1,0
1,0.6402739497202038,1,0,0,0,0,0,0,0,0,0,0,0,0,1,0
3,0.10406748517497699,0,0,0,0,0,0,0,0,0,0,0,0,0,1,0
2,-0.8400567944541887,0,0,0,0,0,0,0,0,0,0,0,0,0,1,0
4,-0.5714524346446171,1,0,0,0,0,0,0,0,0,0,0,0,0,1,0
2,-0.04961162615885741,1,0,0,0,0,0,0,0,0,0,0,0,0,1,0
4,-0.18959325148250233,0,0,0,0,0,0,0,0,0,0,0,0,0,1,0
4,-0.9112235864027395,0,0,0,0,1,0,0,0,0,0,0,0,0,0,0
2,-0.8878309529775328,1,0,0,0,1,0,0,0,0,0,0,0,0,0,0
2,-0.6843731729725215,0,0,0,0,0,0,0,0,0,0,0,0,0,1,0
2,0.7845986803641527,0,0,0,0,0,0,0,0,0,0,0,0,0,1,0
2,5.825941702163201,1,0,0,0,0,1,0,0,0,0,0,0,0,0,0
3,0.8006347615468139,1,0,0,0,0,0,0,0,0,0,0,0,0,1,0
3,-0.36699239956568946,1,0,0,0,0,0,0,0,1,0,0,0,0,0,0
2,0.1635346195606783,0,0,0,0,0,0,0,0,0,0,0,0,0,1,0
1,0.22834711434059973,0,0,0,0,0,0,0,0,0,0,0,0,0,1,0
3,-0.2918232690219661,0,0,0,0,0,0,0,0,0,0,0,0,0,1,0
1,0.47623820262256755,1,0,0,0,0,0,0,0,0,0,0,0,0,1,0
5,0.08970182911550986,0,0,0,0,0,0,0,0,0,0,0,0,0,1,0
2,0.0005011275369581748,0,0,0,0,1,0,0,0,0,0,0,0,0,0,0
4,0.06698404744007347,0,0,0,0,0,0,0,0,0,0,0,0,0,1,0
2,1.5386285809738582,1,0,0,0,0,0,0,0,0,0,0,0,0,1,0
2,0.034243715025473936,0,0,0,0,0,0,0,0,0,0,0,0,0,1,0
4,-0.4498454856761046,0,0,0,0,0,0,0,0,0,0,0,0,0,0,0
3,0.48960160360811833,0,0,0,0,0,0,0,0,0,0,0,0,0,1,0
2,-0.5504050780923746,0,0,0,0,0,0,0,0,0,0,0,0,0,1,0
4,-0.18357972103900447,0,0,0,0,0,0,0,0,0,0,0,0,0,1,0
2,-0.027896099557337375,1,0,0,0,0,0,0,0,0,0,0,0,0,1,0
6,-0.3469472980873633,0,0,0,0,0,0,0,0,0,0,0,0,0,1,0
3,-0.9112235864027395,1,0,0,0,0,0,0,0,0,0,0,0,0,1,0
3,0.9934018207633843,1,0,0,0,1,0,0,0,0,0,0,0,0,0,0
2,0.6860435980957154,0,0,0,0,0,0,0,0,0,0,0,0,0,1,0
3,3.194688048108244,0,0,0,0,0,1,0,0,0,0,0,0,0,0,0
3,0.49929006932264264,0,0,0,0,0,0,0,0,0,0,0,0,0,1,0
2,0.11275369581558507,0,0,0,0,0,0,0,0,0,0,0,0,0,1,0
4,0.5243464461705505,1,0,0,0,0,0,0,0,0,0,0,0,0,0,0
2,6.941364737325637,1,0,0,0,0,1,0,0,0,0,0,0,0,0,0
4,1.3051031487513574,1,0,0,0,0,1,0,0,0,0,0,0,0,0,0
2,-0.5707842645953396,0,0,0,0,0,0,0,0,0,0,0,0,0,1,0
4,1.1223586402739498,0,0,0,0,0,0,0,0,0,0,0,0,0,1,0
0,-0.6008519168128289,0,0,0,0,0,0,0,0,0,0,0,0,0,1,0
3,0.048609371084941067,0,0,0,0,0,0,0,0,0,0,0,0,0,1,0
3,0.20162031236949793,0,0,0,0,0,0,0,0,0,0,0,0,0,1,0
4,-0.8844901027311451,0,0,0,0,0,0,0,0,0,0,0,0,0,1,0
2,0.8854923578050615,1,0,0,0,0,0,0,0,0,0,0,0,0,1,0
2,-0.4962833041008937,1,0,0,0,0,0,0,0,0,0,0,0,0,1,0
2,-0.3028480748350456,0,0,0,0,0,0,0,0,0,0,0,0,0,1,0
5,0.1869205712853921,0,0,0,0,0,0,0,0,0,0,0,0,0,1,0
1,0.16921406497953723,1,0,0,0,0,0,0,0,0,0,0,0,0,1,0
3,-0.200283972270943,0,0,0,0,0,0,0,0,0,0,0,0,0,1,0
1,-0.056627411676271625,1,0,0,0,0,0,0,0,0,0,0,0,0,1,0
1,0.2099724379854672,1,0,0,0,0,0,0,0,0,0,0,0,0,1,0
3,-0.8430635596759376,1,0,0,0,0,0,0,0,0,0,0,0,0,1,0
5,0.32723628163367585,0,0,0,0,0,0,0,0,0,0,0,0,0,1,0
1,-0.481249477992149,1,0,0,0,0,0,0,0,0,0,0,0,0,1,0
2,-0.5778000501127538,0,0,0,0,0,0,0,0,0,0,0,0,0,1,0
3,0.01854171886745176,1,0,0,0,1,0,0,0,0,0,0,0,0,0,0
3,-0.35730393385116516,0,0,0,0,0,0,0,0,0,0,0,0,0,1,0
1,-0.8878309529775328,1,0,0,0,0,0,0,0,0,0,0,0,0,1,0
2,-0.47256326735154097,1,0,0,0,0,0,0,0,0,0,0,0,0,1,0
2,0.40975528271945216,1,0,0,0,0,0,0,0,0,0,0,0,0,1,0
5,0.16320053453603936,0,0,0,0,0,0,0,0,0,0,0,0,0,1,0
3,-0.09805395473147913,1,0,0,0,0,0,0,0,0,0,0,0,0,1,0
2,0.9125532448008018,1,0,0,0,0,0,0,0,0,0,0,0,0,1,0
5,-0.6122108076505471,0,0,0,0,0,0,0,0,0,0,0,0,0,1,0
3,0.7378267769147249,1,0,0,0,0,0,0,0,0,0,0,0,0,1,0
3,-0.8901695481500043,1,0,0,0,0,0,0,0,0,0,0,0,0,1,0
2,0.050613881232773765,0,0,0,0,0,0,0,0,0,0,0,0,0,1,0
2,-0.5901611960243882,0,0,0,0,0,0,0,0,0,0,0,0,0,1,0
2,0.44049110498621913,1,0,0,0,0,0,0,0,0,0,0,0,0,1,0
2,-0.4391547648876639,1,0,0,0,0,0,0,0,0,0,0,0,0,1,0
4,-0.7809237450931262,0,0,0,0,0,0,0,0,0,0,0,0,0,1,0
2,0.14616219827946214,0,0,0,0,0,0,0,0,0,0,0,0,0,1,0
2,1.0294830034243716,1,0,0,0,0,0,0,0,0,0,0,0,0,1,0
3,0.16754363985634346,0,0,0,0,0,0,0,0,0,0,0,0,0,1,0
3,0.44450012528188426,0,0,0,0,0,0,0,0,0,0,0,0,0,1,0
4,0.7127704000668171,1,0,0,0,0,0,0,0,0,0,0,0,0,1,0
2,-0.48692892341100813,1,0,0,0,0,0,0,0,0,0,0,0,0,1,0
2,-0.020212143990645637,1,0,0,0,0,0,0,0,0,0,0,0,0,1,0
0,-0.011191848325398844,0,0,0,0,0,0,0,0,0,0,0,0,0,1,0
3,-0.5400484423285726,1,0,0,0,0,0,0,0,0,0,0,0,0,1,0
4,0.7568696233191349,1,0,0,0,0,0,0,0,0,0,0,0,0,1,0
3,0.30618892508143325,0,0,0,0,1,0,0,0,0,0,0,0,0,0,0
3,0.22567443414348962,0,0,0,0,0,0,1,0,0,0,0,0,0,0,0
2,0.5941702163200534,0,0,0,0,0,0,0,0,0,0,0,0,0,0,0
2,0.3673264845903282,0,0,0,0,0,0,0,0,0,0,0,0,0,1,0
2,-0.13079428714607866,0,0,0,0,0,0,0,0,0,0,0,0,0,1,0
2,0.27511901779002756,1,0,0,0,0,0,0,0,0,0,0,0,0,1,0
3,1.0909546479579053,0,0,0,0,0,0,0,0,0,0,0,0,0,1,0
1,0.9055374592833876,1,0,0,0,0,0,0,0,0,0,0,0,0,1,0
3,0.043932180739998376,1,0,0,0,0,0,0,0,0,0,0,0,0,1,0
1,0.5213396809488015,1,0,0,0,0,0,0,0,0,0,0,0,0,1,0
2,0.7879395306105405,0,0,0,0,0,0,0,0,0,0,0,0,0,1,0
3,-0.08435646872128953,1,0,0,0,0,0,0,0,0,0,0,0,0,0,0
5,-0.007516913054372386,0,0,0,0,0,0,0,0,0,0,0,0,0,1,0
2,0.29549820429299256,0,0,0,0,0,0,0,0,0,0,0,0,0,1,0
2,-0.3148751357220413,0,0,0,0,0,0,0,0,0,0,0,0,0,1,0
2,-0.8467384949469641,0,0,0,0,0,0,0,0,0,0,0,0,0,1,0
2,-0.22667668921740586,0,0,0,0,0,0,0,0,0,0,0,0,0,1,0
6,0.15618474901862517,1,0,0,0,0,0,0,0,0,0,0,0,0,1,0
3,-0.18491606113755954,0,0,0,0,0,0,0,0,0,0,0,0,0,1,0
5,-0.005512402906539687,0,0,0,0,0,0,0,0,0,0,0,0,0,1,0
4,0.46053620646454513,1,0,0,0,0,0,0,0,0,0,0,0,0,1,0
2,-0.8604359809571537,1,0,0,0,0,0,0,0,0,0,0,0,0,1,0
4,3.4028230184581973,1,1,0,0,0,0,0,0,0,0,0,0,0,0,0
5,0.43213897937024986,0,0,0,0,0,0,0,0,0,0,0,0,0,1,0
3,-0.6790278125783012,0,0,0,0,0,0,0,0,0,0,0,0,0,1,0
3,-0.5958406414432473,1,1,0,0,0,0,0,0,0,0,0,0,0,0,0
3,0.9442913221414851,1,0,0,0,0,0,0,0,0,0,0,0,0,1,0
4,3.6363484506806985,1,0,0,0,0,1,0,0,0,0,0,0,0,0,0
5,6.941364737325637,1,0,0,0,0,0,0,1,0,0,0,0,0,0,0
3,2.432640106907208,1,0,0,0,0,1,0,0,0,0,0,0,0,0,0
2,0.29549820429299256,1,0,0,0,0,0,0,0,0,0,0,0,0,1,0
3,-0.5330326568111585,0,0,0,0,0,0,0,0,0,0,0,0,0,1,0
2,0.45017957070074344,0,0,0,0,0,0,0,0,0,0,0,0,0,1,0
5,-0.3643197193685794,0,0,0,0,0,0,0,0,0,0,0,0,0,1,0
3,0.1251148417272195,1,0,1,0,0,0,0,0,0,0,0,0,0,0,0
2,0.13279879729391136,1,0,0,0,0,0,0,0,0,0,0,0,0,1,0
3,1.291071577716529,1,0,0,0,0,0,0,0,0,0,0,0,0,1,0
5,-0.8383863693309948,0,0,0,0,0,0,0,0,0,0,0,0,0,1,0
3,-0.47256326735154097,1,0,0,0,0,0,0,0,0,0,0,0,0,1,0
3,-0.6282468888332081,0,0,0,0,0,0,0,0,0,0,0,0,0,1,0
2,-0.8975194186920572,1,0,0,0,0,0,0,0,0,0,0,0,0,1,0
2,0.28280297335671944,0,0,0,0,0,0,0,0,0,0,0,0,0,1,0
5,-0.6760210473565523,0,0,0,0,0,0,0,0,0,0,0,0,0,1,0
2,1.36690887830953,1,0,0,0,0,0,0,0,0,0,0,0,0,1,0
2,-0.6102062975027145,0,0,0,0,1,0,0,0,0,0,0,0,0,0,0
2,0.14048275286060297,1,0,0,0,0,0,0,0,0,0,0,0,0,1,0
2,-0.2694395723711685,0,0,0,0,0,0,0,0,0,0,0,0,0,1,0
2,-0.8113254823352544,1,0,0,0,0,0,0,0,0,0,0,0,0,1,0
3,-0.7080932097218743,1,0,0,0,0,0,0,0,0,0,0,0,0,1,0
2,0.709763634845068,0,0,0,0,0,0,0,0,0,0,0,0,0,1,0
5,0.1017288900025057,0,0,0,0,0,0,0,0,0,0,0,0,0,1,0
1,-0.6753528773072748,1,0,0,0,0,0,0,0,0,0,0,0,0,1,0
4,-0.23101979453770985,0,0,0,0,0,0,0,0,0,0,0,0,0,1,0
2,-0.9112235864027395,1,0,0,0,0,0,0,0,0,0,0,0,0,1,0
2,0.6175561680447674,0,0,0,0,0,0,0,0,0,0,0,0,0,0,0
2,0.39138060636431987,0,0,0,0,0,0,0,0,0,0,0,0,0,1,0
3,-0.5811409003591415,0,0,0,0,0,0,0,0,0,0,0,0,0,1,0
3,0.08201787354881812,0,0,0,0,0,0,0,0,0,0,0,0,0,1,0
1,0.25941702163200536,0,0,0,0,0,0,0,0,0,0,0,0,0,1,0
5,-0.6553077758289486,1,0,0,0,0,0,0,0,0,0,0,0,0,1,0
4,-0.23636515493193017,0,0,0,0,0,0,0,0,0,0,0,0,0,1,0
5,-0.7615468136640776,0,0,0,0,0,0,0,0,0,0,0,0,0,1,0
2,-0.9011943539630838,1,0,0,0,0,0,0,0,0,0,0,0,0,1,0
5,-0.7224588657813414,1,0,0,0,0,0,0,0,0,0,0,0,0,1,0
5,0.16320053453603936,1,0,0,0,0,0,0,0,0,0,0,0,0,1,0
3,6.941364737325637,0,0,0,0,0,1,0,0,0,0,0,0,0,0,0
4,-0.8430635596759376,1,0,0,0,0,0,0,0,0,0,0,0,0,1,0
4,0.9232439655892425,0,0,0,0,0,0,0,0,0,0,0,0,0,1,0
3,-0.41977783345861525,1,0,0,0,0,0,0,0,0,0,0,0,0,1,0
2,0.07032489768646122,0,0,0,0,0,0,0,0,0,0,0,0,0,1,0
1,0.17622985049695145,0,0,0,0,0,0,0,0,0,0,0,0,0,1,0
2,-0.6008519168128289,1,0,0,0,0,0,0,0,0,0,0,0,0,1,0
2,0.13814415768813157,0,0,0,0,0,0,0,0,0,0,0,0,0,1,0
3,-0.8036415267685627,1,0,0,0,0,0,0,0,0,0,0,0,0,1,0
1,-0.5624321389793703,0,0,0,0,0,0,0,0,0,0,0,0,0,1,0
2,0.11175144074166872,0,0,0,0,0,0,0,0,0,0,0,0,0,1,0
2,-0.2276789442913222,0,0,0,0,1,0,0,0,0,0,0,0,0,0,0
5,0.019878058966006813,1,0,0,0,1,0,0,0,0,0,0,0,0,0,0
2,-0.33492023720036745,0,0,0,0,0,0,0,0,0,0,0,0,0,1,0
2,-0.7909462958322894,0,0,0,0,0,0,0,0,0,0,0,0,0,1,0
2,0.9302597511066567,0,1,0,0,0,0,0,0,0,0,0,0,0,0,0
4,-0.3699991647874384,0,0,0,0,0,0,0,0,0,0,0,0,0,1,0
1,-0.21464962833041012,1,0,0,0,0,0,0,0,0,0,0,0,0,1,0
3,-0.3469472980873633,0,0,0,0,0,0,0,0,0,0,0,0,0,1,0
5,1.2088866616553915,0,0,0,0,0,0,0,0,0,0,0,0,0,1,0
4,-0.11175144074166872,1,0,0,0,0,0,0,0,0,0,0,0,0,1,0
1,-0.15217572872296,0,0,0,0,0,0,0,0,0,0,0,0,0,1,0
3,-0.8210139480497787,1,0,0,0,0,0,0,0,0,0,0,0,0,1,0
2,0.7257997160277292,1,0,0,0,0,0,0,0,0,0,0,0,0,1,0
4,-0.23302430468554253,1,0,0,0,0,0,0,0,0,0,0,0,0,1,0
5,0.9245803056877975,1,0,0,0,0,0,0,0,0,0,0,0,0,1,0
1,0.21331328823185497,1,0,0,0,0,0,0,0,0,0,0,0,0,1,0
1,-0.42445502380355804,0,0,0,0,0,0,0,0,0,0,0,0,0,1,0
4,6.941364737325637,1,0,0,0,0,1,0,0,0,0,0,0,0,0,0
2,-0.9112235864027395,0,0,0,0,0,0,0,0,0,0,0,0,0,1,0
3,0.4064144324730644,1,0,0,0,0,0,0,0,0,0,0,0,0,1,0
6,-0.18525014616219834,1,0,0,0,0,0,0,0,0,0,0,0,0,1,0
4,0.36231520922074667,1,0,0,0,0,0,0,0,0,0,0,0,0,1,0
3,-0.398396391881734,1,0,0,0,0,0,0,0,0,0,0,0,0,1,0
3,-0.6987388290319887,0,0,0,0,0,0,0,0,0,0,0,0,0,1,0
5,0.38904201119184845,1,0,0,0,0,0,0,0,0,0,0,0,0,1,0
6,1.2499791196859604,0,0,0,0,0,0,0,0,0,0,0,0,0,1,0
2,0.6492942453854508,0,0,0,0,1,0,0,0,0,0,0,0,0,0,0
1,-0.13881232773740923,0,0,0,0,0,0,0,0,0,0,0,0,0,1,0
3,-0.3579721039004427,0,0,0,0,0,0,0,0,0,0,0,0,0,1,0
3,1.468136640775077,0,0,1,0,0,0,0,0,0,0,0,0,0,0,0
2,-0.5674434143489518,0,0,0,0,0,0,0,0,0,0,0,0,0,1,0
1,-0.398396391881734,0,0,0,0,0,0,0,0,0,0,0,0,0,1,0
5,-0.4575294412427963,1,0,0,0,0,0,0,0,0,0,0,0,0,1,0
6,-0.8286979036164704,0,0,0,0,0,0,0,0,0,0,0,0,0,1,0
1,0.5186670007516913,0,0,0,0,0,0,0,0,0,0,0,0,0,1,0
2,-0.6409421197694815,0,0,0,0,0,0,0,0,0,0,0,0,0,1,0
4,0.4384865948383864,1,0,0,0,0,0,0,0,0,0,0,0,0,1,0
3,-0.4064144324730644,1,0,0,0,0,0,0,0,0,0,0,0,0,1,0
6,1.0605529107157772,1,0,0,0,0,0,0,0,0,0,0,0,0,1,0
5,-0.03725048024722287,0,0,0,0,0,0,0,0,0,0,0,0,0,1,0
2,-0.18558423118683706,0,0,0,0,0,0,0,0,0,0,0,0,0,1,0
3,-0.5891589409504718,1,0,0,0,0,0,0,0,0,0,0,0,0,1,0
3,-0.004844232857262159,0,0,0,0,0,0,0,0,0,0,0,0,0,1,0
3,0.4338094044934436,1,0,0,0,0,0,0,0,0,0,0,0,0,1,0
1,0.0813497034995406,1,0,0,0,0,0,1,0,0,0,0,0,0,0,0
1,-0.4431637851833292,0,0,0,0,0,0,0,0,0,0,0,0,0,1,0
3,-0.4575294412427963,0,0,0,0,0,0,0,0,0,0,0,0,0,1,0
3,-0.36599014449177314,1,0,0,0,0,0,0,0,0,0,0,0,0,1,0
3,0.551407333166291,1,0,0,0,1,0,0,0,0,0,0,0,0,0,0
4,-0.20362482251733063,1,0,0,0,0,0,0,0,0,0,0,0,0,1,0
2,0.14415768813162944,1,0,0,0,0,0,0,0,0,0,0,0,0,1,0
2,6.079512235864028,0,0,0,0,0,0,0,0,0,0,0,1,0,0,0
5,0.058631921824104205,0,0,0,0,0,0,0,0,0,0,0,0,0,1,0
2,-0.6249060385868204,0,0,0,0,0,0,0,0,0,0,0,0,0,1,0
4,0.14415768813162944,0,0,0,0,0,0,0,0,0,0,0,0,0,1,0
2,-0.8771402321890922,0,0,0,0,0,0,0,0,0,0,0,0,0,1,0
3,0.4515159107992985,1,0,0,0,0,0,0,0,0,0,0,0,0,1,0
2,0.8280297335671928,1,0,0,0,0,0,0,0,0,0,0,0,0,1,0
2,0.9803725048024723,0,0,0,0,0,0,0,0,1,0,0,0,0,0,0
5,0.5711183496199783,0,0,0,0,0,0,0,0,0,0,0,0,0,1,0
4,0.9539797878560095,0,0,0,0,0,0,0,0,0,0,0,0,0,1,0
3,6.941364737325637,0,0,0,0,0,0,0,1,0,0,0,0,0,0,0
2,0.1752275954230351,0,0,0,0,0,0,0,0,0,0,0,1,0,0,0
2,1.5352877307274702,0,0,0,0,0,0,0,0,0,0,0,0,0,0,0
1,-0.7047523594754865,1,0,0,0,0,0,0,0,0,0,0,0,0,1,0
2,0.31554330577131884,0,0,0,0,0,0,0,0,0,0,0,0,0,1,0
2,-0.367660569614967,1,0,0,0,0,0,0,0,0,0,0,0,0,1,0
4,0.13881232773740923,1,0,0,0,0,0,0,0,0,0,0,0,0,1,0
6,0.571786519669256,0,0,0,0,0,0,0,0,0,0,0,0,0,1,0
1,-0.823686628246889,0,0,0,0,0,1,0,0,0,0,0,0,0,0,0
2,0.2072997577883571,1,0,0,0,0,0,0,0,0,0,0,0,0,1,0
3,-0.5988474066649964,0,0,0,0,0,0,0,0,0,0,0,0,0,1,0
4,1.2185751273699155,0,0,0,0,0,0,0,0,0,0,0,0,0,0,0
2,-0.6659984966173893,0,0,0,0,0,0,0,0,0,0,0,0,0,1,0
4,-0.8560928756368497,1,0,0,0,0,0,0,0,0,0,0,0,0,1,0
2,1.9241626994069991,1,0,0,0,0,0,1,0,0,0,0,0,0,0,0
2,-0.7264678860770067,1,0,0,0,0,0,0,0,0,0,0,0,0,1,0
5,0.08201787354881812,0,0,0,0,0,0,0,0,0,0,0,0,0,1,0
5,0.2821348033074418,1,0,0,0,0,0,0,0,0,0,0,0,1,0,0
4,0.00785099807901109,0,0,0,0,1,0,0,0,0,0,0,0,0,0,0
2,-0.19527269690136137,0,0,0,0,0,0,0,0,0,0,0,0,0,1,0
2,-0.030234694729808775,0,0,0,0,0,0,0,0,0,0,0,0,0,1,0
4,0.26142153177983807,1,0,0,0,0,0,0,0,0,0,0,0,0,1,0
4,0.17055040507809227,1,0,0,0,0,0,0,0,0,0,0,0,0,1,0
3,-0.7485174977031656,1,0,0,0,0,0,0,0,0,0,0,0,0,1,0
2,2.6447840975528276,1,0,0,0,0,1,0,0,0,0,0,0,0,0,0
3,0.03791865029650052,1,0,0,0,0,0,0,0,0,0,0,0,0,1,0
3,-0.3025139898104068,1,0,0,0,0,0,0,0,0,0,0,0,0,1,0
5,-0.5631003090286478,1,0,0,0,0,0,0,0,0,0,0,0,0,1,0
4,0.16954815000417617,1,0,0,0,0,0,0,0,0,0,0,0,0,1,0
4,-0.9112235864027395,1,0,0,0,0,0,0,0,0,0,0,0,0,1,0
2,0.9011943539630838,1,0,0,0,0,0,0,0,0,0,0,0,0,1,0
4,0.9322642612544894,1,0,0,0,0,0,0,0,0,0,0,0,0,1,0
3,1.0117764971185166,0,0,0,0,1,0,0,0,0,0,0,0,0,0,0
4,0.04426626576463708,0,0,0,0,0,0,0,0,0,0,0,0,0,1,0
0,-0.8851582727804227,0,0,0,0,0,0,0,0,0,0,0,0,0,1,0
1,2.1510064311367247,1,0,0,1,0,0,0,0,0,0,0,0,0,0,0
3,0.33993151256994897,1,0,0,0,0,0,0,0,0,0,0,0,0,1,0
3,-0.6937275536624071,0,0,0,0,0,0,0,0,0,0,0,0,0,1,0
2,0.4906038586820347,1,0,0,0,0,0,0,0,0,0,0,0,0,1,0
4,-0.8644450012528189,1,0,0,0,0,0,0,0,0,0,0,0,0,1,0
1,-0.3492858932598346,1,0,0,0,0,0,0,0,0,0,0,0,0,1,0
3,1.151089952392884,1,0,0,0,0,0,0,0,0,0,0,0,0,1,0
1,1.172805478994404,1,0,0,0,1,0,0,0,0,0,0,0,0,0,0
2,-0.5811409003591415,1,0,0,0,0,0,0,0,0,0,0,0,0,1,0
5,0.060636431971936904,0,0,0,0,0,0,0,0,0,0,0,0,0,1,0
3,1.1534285475653554,0,0,0,0,0,0,0,0,0,0,0,0,0,1,0
2,0.12210807650547069,0,0,0,0,0,0,0,0,0,0,0,0,0,1,0
2,0.3897101812411259,1,0,0,0,0,0,0,0,0,0,0,0,0,1,0
2,-0.6426125448926753,1,0,0,0,0,0,0,0,0,0,0,0,0,1,0
2,0.8397227094295499,1,0,0,0,0,0,0,0,0,0,0,0,0,1,0
4,-0.23770149503048524,1,0,0,0,0,0,0,0,0,0,0,0,0,1,0
2,0.1635346195606783,0,0,0,0,0,0,0,0,0,0,0,0,0,1,0
1,-0.6078677023302431,0,0,0,0,0,0,0,0,0,0,0,0,0,1,0
4,0.8734652969180658,0,0,0,0,1,0,0,0,0,0,0,0,0,0,0
4,0.6332581642027896,1,0,0,0,0,0,0,0,0,0,0,0,0,1,0
3,-0.345945043013447,0,0,0,0,0,0,0,0,0,0,0,0,0,1,0
2,0.4311367242963335,1,0,0,0,0,0,0,0,0,0,0,0,0,1,0
2,-0.7996325064728974,1,0,0,0,0,0,0,0,0,0,0,0,0,1,0
2,-0.9112235864027395,0,1,0,0,0,0,0,0,0,0,0,0,0,0,0
5,-0.6539714357303934,1,0,0,0,0,0,0,0,0,0,0,0,0,1,0
2,-0.6593167961246138,0,0,0,0,0,0,0,0,0,0,0,0,0,1,0
2,0.7979620813497035,0,0,0,0,0,0,0,0,0,0,0,0,0,1,0
6,-0.7334836715944207,0,0,0,0,0,0,0,0,0,0,0,0,0,1,0
4,0.11074918566775249,0,0,0,0,0,0,0,0,1,0,0,0,0,0,0
6,-0.9112235864027395,0,0,0,0,0,0,0,0,0,0,0,0,0,1,0
2,-0.542387037501044,1,0,0,0,0,0,0,0,0,0,0,0,0,1,0
2,-0.07934519335170802,1,0,0,0,0,0,0,0,0,0,0,0,0,1,0
4,1.4203624822517331,1,0,0,0,0,0,0,0,0,0,0,0,0,1,0
2,0.41276204794120097,0,0,0,0,0,0,0,0,0,0,0,0,0,1,0
2,-0.34661321306272447,0,0,0,0,1,0,0,0,0,0,0,0,0,0,0
1,-0.568779754447507,0,0,0,0,0,0,0,0,0,0,0,0,0,1,0
2,-0.7501879228263593,0,0,0,0,0,0,0,0,0,0,0,0,0,1,0
5,0.1752275954230351,1,0,0,0,0,0,0,0,0,0,0,0,0,1,0
2,-0.019878058966006813,0,0,0,0,0,0,0,0,0,0,0,0,0,1,0
6,-0.10506974024889333,0,0,0,0,1,0,0,0,0,0,0,0,0,0,0
4,0.8510816002672681,0,0,0,0,0,0,0,0,0,0,0,0,0,1,0
2,-0.099724379854673,1,0,0,0,0,0,0,0,0,0,0,0,0,1,0
3,-0.5894930259751107,0,0,0,0,0,0,0,0,0,0,0,0,0,1,0
3,-0.752192432974192,1,0,0,0,0,0,0,0,0,0,0,0,0,1,0
5,0.06598179236615724,1,0,0,0,0,0,0,0,0,0,0,0,0,1,0
3,0.8009688465714525,0,0,0,0,0,0,0,0,0,0,0,0,0,1,0
2,0.3867034160193771,0,0,0,0,0,0,0,0,0,0,0,0,0,1,0
3,1.2219159776163036,1,0,0,0,0,0,0,0,0,0,0,0,0,1,0
1,-0.6529691806564771,1,0,0,0,0,0,0,0,0,0,0,0,0,1,0
4,-0.7478493276538879,0,0,0,0,0,0,0,0,0,0,0,0,0,1,0
2,0.8467384949469641,1,0,0,0,0,0,0,0,0,0,0,0,0,1,0
2,-0.43013446922241716,1,0,0,0,0,0,0,0,0,0,0,0,0,1,0
2,0.30986386035245966,0,0,0,0,0,0,0,0,0,0,0,0,0,1,0
2,0.043932180739998376,0,0,0,0,0,0,0,0,0,0,0,0,0,1,0
3,0.023218909212394567,0,0,0,0,0,0,0,0,0,0,0,0,0,1,0
3,0.8995239288398897,1,0,0,0,0,0,0,0,0,0,0,0,0,1,0
5,-0.0399231604443331,0,0,0,0,0,0,0,0,0,0,0,0,0,1,0
2,0.3235613463626494,1,0,0,0,0,0,0,0,0,0,0,0,0,1,0
3,0.3609788691221916,0,0,0,0,0,0,0,0,0,0,0,0,0,1,0
4,0.2049611626158857,0,0,0,0,1,0,0,0,0,0,0,0,0,0,0
2,0.277457612962499,0,0,0,0,0,0,0,0,0,0,0,0,0,1,0
4,-0.3813580556251566,0,0,0,0,0,0,0,0,0,0,0,0,0,1,0
2,0.8587655558339597,0,0,0,0,0,0,0,0,0,0,0,0,0,1,0
4,1.7908627745761299,1,0,0,0,0,0,0,0,0,0,0,0,0,1,0
2,0.33792700242211654,1,0,0,0,0,0,0,0,0,0,0,0,0,1,0
2,-0.6987388290319887,0,0,0,0,0,0,0,0,0,0,0,0,0,1,0
1,-0.6760210473565523,0,0,0,0,0,0,0,0,0,0,0,0,0,1,0
1,-0.7077591246972355,0,0,0,0,0,0,0,0,0,0,0,0,0,1,0
5,0.19427044182744502,0,0,0,0,0,0,0,0,0,0,0,0,0,1,0
4,0.31955232606698397,1,0,0,0,0,0,0,0,0,0,0,0,0,1,0
2,-0.028898354631253603,0,0,0,0,0,0,0,0,0,0,0,0,0,1,0
2,-0.46487931178484926,0,0,0,0,0,0,0,0,0,0,0,0,0,1,0
5,3.9667585400484433,0,0,0,0,0,0,0,0,0,0,0,0,0,0,0
2,0.6683370917898607,1,0,0,0,0,0,0,0,0,0,0,0,0,1,0
2,0.8437317297252153,0,0,0,0,0,0,0,0,0,0,0,0,0,1,0
2,0.38436482084690565,0,0,0,0,0,0,0,0,0,0,0,0,0,1,0
2,-0.29115509897268854,1,0,0,0,0,0,0,0,0,0,0,0,0,1,0
3,0.5363735070575462,0,0,0,0,0,0,0,0,0,0,0,0,0,1,0
3,-0.6272446337592917,0,0,0,0,0,0,0,0,0,0,0,0,0,1,0
2,-0.4919401987805897,0,0,0,0,0,0,0,0,0,0,0,0,0,1,0
5,0.3162114758205965,1,0,0,0,0,0,0,0,0,0,0,0,0,1,0
4,0.5691138394721456,1,0,0,0,0,0,0,0,0,0,0,0,0,1,0
1,-0.8998580138645286,0,0,0,0,0,0,0,0,0,0,0,0,0,1,0
2,-0.22934936941451597,0,0,0,0,0,0,0,0,0,0,0,0,0,1,0
2,-0.2280130293159609,1,0,0,0,0,0,0,0,0,0,0,0,0,1,0
3,-0.7014115092290989,0,0,0,0,0,0,0,0,0,0,0,0,0,1,0
3,-0.4174392382861438,1,0,0,0,0,0,0,0,0,0,0,0,0,1,0
4,0.7775828948467385,1,0,0,0,0,0,0,0,0,0,0,0,0,1,0
2,-0.9112235864027395,1,0,0,0,1,0,0,0,0,0,0,0,0,0,0
3,-0.8186753528773073,0,0,0,0,0,0,0,0,0,0,0,0,0,1,0
1,0.6994069990812664,0,1,0,0,0,0,0,0,0,0,0,0,0,0,0
2,0.24538545059717695,1,1,0,0,0,0,0,0,0,0,0,0,0,0,0
2,-0.4541885909964086,1,0,0,0,0,0,0,0,0,0,0,0,0,1,0
4,-0.7792533199699324,0,0,0,0,0,0,0,0,0,0,0,0,0,1,0
1,0.11809905620980542,1,0,0,0,0,0,0,0,0,0,0,0,0,1,0
5,-0.09671761463292407,1,0,0,0,0,0,0,0,0,0,0,0,0,0,0
2,-0.06330911216904701,0,0,0,0,0,0,0,0,0,0,0,0,0,1,0
3,0.9693476989893929,0,0,0,0,0,0,0,0,0,0,0,0,0,1,0
2,-0.05295247640524517,0,0,0,0,0,0,0,0,0,0,0,0,0,1,0
2,6.163367577048359,0,0,0,0,0,1,0,0,0,0,0,0,0,0,0
2,-0.5266850413430219,0,0,0,0,0,0,0,0,0,0,0,0,0,1,0
5,-0.14883487847657223,1,0,0,0,1,0,0,0,0,0,0,0,0,0,0
2,1.1814916896350123,0,0,0,0,0,0,0,0,0,0,0,0,0,1,0
1,1.8994404075837303,0,0,0,0,0,0,0,0,0,0,0,0,0,1,0
4,0.02488933433558844,0,0,0,0,0,0,0,0,0,0,0,0,0,1,0
2,0.6796959826275787,1,0,0,0,0,0,0,0,0,0,0,0,0,1,0
6,-0.017205378768896704,0,0,0,0,0,0,0,0,0,0,0,0,0,1,0
3,0.37467635513238134,0,0,0,1,0,0,0,0,0,0,0,0,0,0,0
4,0.24237868537542814,0,0,0,0,0,0,0,0,0,0,0,0,0,1,0
5,-0.057295581725549154,1,0,0,0,0,0,0,0,0,0,0,0,0,1,0
6,-0.35630167877724883,0,0,0,0,0,0,0,0,0,0,0,0,0,1,0
5,-0.5159943205545812,0,0,0,0,0,0,0,0,0,0,0,0,0,1,0
4,0.39204877641359726,1,0,0,0,0,0,0,0,0,0,0,0,0,1,0
3,-0.2513989810406748,1,0,0,0,0,0,0,0,0,0,0,0,0,1,0
2,-0.69840474400735,1,0,0,0,0,0,0,0,0,0,0,0,0,1,0
4,0.688048108243548,0,0,0,0,0,0,0,0,0,0,0,0,0,1,0
5,0.762214983713355,1,0,0,0,0,0,0,0,0,0,0,0,0,1,0
5,-0.25440574626242374,0,0,0,0,0,0,0,0,0,0,0,0,0,1,0
1,0.61688799799549,1,0,0,0,0,0,0,0,0,0,0,0,0,1,0
4,-0.34093376764386535,0,0,0,0,0,0,0,0,0,0,0,0,0,1,0
3,0.2460536206464546,1,0,0,0,0,0,0,0,0,0,0,0,0,1,0
2,-0.10807650547064226,1,0,0,0,0,0,0,0,0,0,0,0,0,1,0
2,-0.4498454856761046,0,0,0,0,0,0,0,0,0,0,0,0,0,1,0
6,0.021214399064561986,1,0,0,0,0,0,0,0,0,0,0,0,0,1,0
3,-0.29917313956401903,0,0,0,0,0,0,0,0,0,0,0,0,0,1,0
2,-0.051282051282051294,0,0,0,0,0,0,0,0,0,0,0,0,0,1,0
3,-0.23736741000584652,1,0,0,0,0,0,0,0,0,0,0,0,0,1,0
6,-0.541050697402489,1,0,0,0,0,0,0,0,0,0,0,0,0,1,0
4,0.08402238369665083,1,0,0,0,0,0,0,0,0,0,0,0,0,1,0
3,-0.9112235864027395,0,0,0,0,1,0,0,0,0,0,0,0,0,0,0
5,-0.5146579804560261,1,0,0,0,0,0,0,0,0,0,0,0,0,1,0
3,-0.11809905620980542,1,0,0,0,0,0,0,0,0,0,0,0,0,1,0
4,0.17656393552159014,0,0,0,0,0,0,0,0,0,0,0,0,0,1,0
3,0.4224505136557255,1,0,0,0,1,0,0,0,0,0,0,0,0,0,0
4,-0.40775077257161946,1,0,0,0,0,0,0,0,0,0,0,0,0,1,0
2,-0.4100893677440909,0,0,0,0,0,0,0,0,0,0,0,0,0,1,0
5,-0.7562014532698572,0,0,0,0,0,0,0,0,0,0,0,0,0,1,0
2,0.5781341351373925,0,0,0,0,0,0,0,0,0,0,0,0,0,1,0
6,-0.753528773072747,0,0,0,0,0,0,0,0,0,0,0,0,0,1,0
4,0.6609872212478075,0,0,0,0,0,0,0,0,0,0,0,0,0,1,0
2,0.5914975361229433,1,0,0,0,0,0,0,0,0,0,0,0,0,1,0
2,0.00885325315292744,0,0,0,0,1,0,0,0,0,0,0,0,0,0,0
2,0.9392800467719036,0,0,0,0,0,0,0,0,0,0,0,0,0,1,0
6,0.2363651549319303,0,0,0,0,0,0,0,0,0,0,0,0,0,1,0
2,-0.015200868621064005,0,0,0,0,0,0,0,0,0,0,0,0,0,1,0
3,1.181825774659651,1,0,0,0,0,0,0,0,0,0,0,0,0,1,0
2,-0.6964002338595172,1,0,0,0,0,0,0,0,0,0,0,0,0,1,0
1,-0.03591414014866782,0,0,0,0,0,0,0,0,0,0,0,0,0,1,0
4,-0.6703416019376931,0,0,0,0,0,0,0,0,0,0,0,0,0,1,0
1,1.6512152342771236,1,0,0,0,0,0,0,0,0,0,0,0,0,1,0
5,-0.2824688883320805,1,0,0,0,0,0,0,0,0,0,0,0,0,1,0
3,-0.09103816921406503,0,0,0,0,0,0,0,0,0,0,0,0,0,1,0
4,6.941364737325637,0,0,0,0,0,0,0,0,0,0,0,0,0,0,0
4,-0.031236949803725007,0,0,0,0,0,0,0,0,0,0,0,0,0,1,0
2,0.6619894763217239,1,0,0,0,0,0,0,0,0,0,0,0,0,1,0
2,-0.22099724379854668,0,0,0,0,0,0,0,0,0,0,0,0,0,1,0
3,0.9890587154430802,1,0,0,0,0,0,0,0,0,0,0,0,0,1,0
5,0.6616553912970852,1,0,0,0,0,0,0,0,0,0,0,0,1,0,0
2,-0.44583646538043936,1,0,0,0,1,0,0,0,0,0,0,0,0,0,0
1,0.7989643364236199,1,0,0,0,0,0,0,0,0,0,0,0,0,1,0
2,0.2373674100058464,1,0,0,0,0,0,0,0,0,0,0,0,0,1,0
5,2.9230769230769234,1,0,0,0,0,1,0,0,0,0,0,0,0,0,0
6,0.1598596842896516,1,0,0,0,0,0,0,0,0,0,0,0,0,1,0
3,-0.35329491355549986,0,0,0,0,0,0,0,0,0,0,0,0,0,1,0
2,0.797293911300426,0,0,0,0,0,0,0,0,0,0,0,0,0,1,0
4,0.34160193769314295,0,0,0,0,0,0,0,0,0,0,0,0,0,1,0
3,0.10339931512569946,1,0,0,0,0,0,0,0,0,0,0,0,0,1,0
2,0.8079846320888667,0,0,0,0,0,0,0,0,0,0,0,0,0,1,0
6,-0.4692224171051533,0,0,0,0,0,0,0,0,0,0,0,0,0,1,0
4,-0.01085776330076002,0,0,0,0,0,0,0,0,0,0,0,0,0,1,0
1,-0.5119853002589159,1,0,0,0,0,0,0,0,0,0,0,0,0,1,0
2,0.09504718950973019,0,0,0,0,0,0,0,0,0,0,0,0,0,1,0
3,-0.8955149085442246,0,0,0,0,0,0,0,0,0,0,0,0,0,1,0
4,-0.5537459283387622,0,0,0,0,0,0,0,0,0,0,0,0,0,1,0
2,-0.6182243380940451,1,0,0,0,0,0,0,0,0,0,0,0,0,1,0
3,-0.19393635680280633,0,0,0,0,0,0,0,0,0,0,0,0,0,1,0
4,-0.8210139480497787,0,0,0,0,0,0,0,0,0,0,0,0,0,0,0
1,-0.9028647790862775,1,0,0,0,0,0,0,0,0,0,0,0,0,0,0
3,-0.7896099557337343,1,0,0,0,1,0,0,0,0,0,0,0,0,0,0
2,0.6142153177983797,0,0,0,0,0,0,0,0,0,0,0,0,0,1,0
1,-0.6950638937609622,0,0,0,0,0,0,0,0,0,0,0,0,0,1,0
5,0.5778000501127538,1,0,0,0,0,0,0,0,0,0,0,0,0,1,0
5,6.941364737325637,0,0,0,0,0,0,0,0,0,0,1,0,0,0,0
6,0.5253487012444668,0,0,0,0,0,0,0,0,0,0,0,0,0,1,0
3,-0.35897435897435903,1,0,0,0,0,0,0,0,0,0,0,0,0,1,0
2,0.41576881316295,0,0,0,0,0,0,0,0,0,0,0,0,0,1,0
3,-0.9112235864027395,0,0,0,0,0,0,0,0,0,0,0,0,0,1,0
2,-0.1244466716779421,0,0,0,0,0,0,0,0,0,0,0,0,0,1,0
1,0.5674434143489518,1,0,0,0,0,0,0,0,0,0,0,0,0,1,0
6,0.9927336507141069,0,0,0,0,0,0,0,0,0,0,0,0,0,1,0
2,-0.30986386035245966,0,0,0,0,0,0,0,0,0,0,0,0,0,1,0
3,-0.03390963000083524,1,0,0,0,0,0,0,0,0,0,0,0,0,1,0
1,-0.23369247473482008,1,0,0,0,0,0,0,0,0,0,0,0,0,1,0
3,0.24271277040006686,1,0,0,0,0,0,0,0,0,0,0,0,0,1,0
4,-0.8955149085442246,0,0,0,0,0,0,0,0,0,0,0,0,0,1,0
2,0.14983713355048858,1,0,0,0,0,0,0,0,0,0,0,0,0,1,0
2,0.11943539630836046,1,0,0,0,0,0,0,0,0,0,0,0,0,1,0
3,3.2117263843648214,1,0,0,0,0,1,0,0,0,0,0,0,0,0,0
3,1.829950722458866,0,0,0,0,1,0,0,0,0,0,0,0,0,0,0
2,0.605195022133133,0,0,0,0,0,0,0,0,0,0,0,0,0,1,0
2,-0.6509646705086445,1,0,0,0,0,0,0,0,0,0,0,0,0,1,0
2,-0.32723628163367585,0,0,0,0,0,0,0,0,0,0,0,0,0,1,0
3,0.4147665580890337,0,0,0,0,0,0,0,0,0,0,0,0,0,1,0
5,-0.40474400734987054,1,0,0,0,0,0,0,0,0,0,0,0,0,1,0
3,-0.6058631921824104,1,0,0,0,0,0,0,0,0,0,0,0,0,1,0
2,0.09838803975611796,0,0,0,0,0,0,0,0,1,0,0,0,0,0,0
3,-0.007516913054372386,0,0,0,0,0,0,0,0,0,0,0,0,0,1,0
1,-0.8768061471644535,1,0,0,0,0,0,0,0,0,0,0,0,0,1,0
2,-0.04560260586319213,1,1,0,0,0,0,0,0,0,0,0,0,0,0,0
4,-0.683705002923244,1,0,0,0,0,0,0,0,0,0,0,0,0,1,0
3,0.1428213480330744,0,0,0,0,0,0,0,0,0,0,0,0,0,1,0
3,0.730142821348033,0,0,0,0,0,0,0,0,0,0,0,0,0,1,0
2,6.941364737325637,0,0,0,0,0,0,0,0,0,1,0,0,0,0,0
4,0.6396057796709264,1,0,0,0,0,0,0,0,0,0,0,0,0,1,0
4,0.3793535454773239,1,0,0,0,0,0,0,0,0,0,0,0,0,1,0
2,3.830117764971186,0,0,0,0,0,0,0,0,0,0,0,0,0,0,0
5,0.45485676104568623,0,0,0,0,0,0,0,0,0,0,0,0,0,1,0
4,0.616553912970851,1,0,0,0,0,0,0,0,0,0,0,0,0,1,0
3,-0.2280130293159609,1,0,0,0,0,0,0,0,0,0,0,0,0,1,0
2,1.2245886578134138,1,0,0,0,0,0,0,0,0,0,0,0,0,1,0
4,0.12878977699824595,0,0,0,0,0,0,0,0,0,0,0,0,0,1,0
3,0.16587321473314973,0,0,0,0,0,0,0,0,0,0,0,0,0,1,0
4,0.1815752108911719,0,0,0,0,0,0,0,0,0,0,0,0,0,1,0
3,0.5674434143489518,1,0,0,0,0,0,0,0,0,0,0,0,0,1,0
2,-0.6218992733650716,0,0,0,0,0,0,0,0,0,0,0,0,0,1,0
5,0.8727971268687882,0,0,0,0,0,0,0,0,0,0,0,0,0,1,0
1,0.4147665580890337,1,0,0,0,0,0,0,0,0,0,0,0,0,1,0
4,-0.09504718950973019,0,0,0,0,0,0,0,0,0,0,0,0,0,1,0
1,3.810072663492859,0,0,0,0,0,0,0,0,0,0,0,0,0,0,0
2,0.834043264010691,1,0,0,0,0,0,0,0,0,0,0,0,0,1,0
3,-0.30618892508143325,0,0,0,0,0,0,0,0,0,0,0,0,0,1,0
6,0.04526852083855343,1,0,0,0,0,0,0,0,0,0,0,0,0,1,0
3,0.27912803808569275,0,0,0,0,0,0,0,0,0,0,0,0,0,1,0
4,0.5260168712937442,1,0,0,0,0,0,0,0,0,0,0,0,0,1,0
2,-0.21498371335504884,0,0,0,0,0,0,0,0,0,0,0,0,0,1,0
2,-0.5457278877474318,0,0,0,0,0,0,0,0,0,0,0,0,0,1,0
4,0.7247974609538128,0,0,0,0,1,0,0,0,0,0,0,0,0,0,0
3,0.38703750104401574,1,0,0,0,0,0,0,0,0,0,0,0,0,0,0
2,1.258999415351207,0,0,0,0,0,0,0,0,0,0,0,0,0,1,0
3,0.5914975361229433,1,0,0,0,0,0,0,0,0,0,0,0,0,1,0
2,-0.4140983880397561,0,0,0,0,0,0,0,0,0,0,0,0,0,1,0
4,-0.7588741334669674,0,0,0,0,0,0,0,0,0,0,0,0,0,1,0
4,0.4004009020295665,0,0,0,0,0,0,0,0,0,0,0,0,0,1,0
4,-0.48358807316462044,1,0,0,0,0,0,0,0,0,0,0,0,0,1,0
6,-0.9112235864027395,0,0,0,0,0,0,0,0,0,0,0,0,0,1,0
3,-0.8808151674601188,0,0,0,0,0,0,0,0,0,0,0,0,0,1,0
6,1.6127954564436653,0,1,0,0,0,0,0,0,0,0,0,0,0,0,0
3,-0.09404493443581396,1,0,0,0,0,0,0,0,0,0,0,0,0,1,0
3,-0.704084189426209,1,0,0,0,0,0,0,0,0,0,0,0,0,1,0
3,-0.09337676438653644,0,0,0,0,0,0,0,0,0,0,0,0,0,1,0
2,-0.9112235864027395,0,0,0,0,0,0,0,0,0,0,0,0,0,1,0
2,-0.5951724713939698,1,0,0,0,0,0,0,0,0,0,0,0,0,1,0
2,-0.25641025641025644,1,0,0,0,0,0,0,0,0,0,0,0,0,1,0
2,0.7742420446003507,0,0,0,0,0,0,0,0,0,0,0,0,0,1,0
4,-0.4451682953311618,1,0,0,0,0,0,0,0,0,0,0,0,0,1,0
3,-0.8961830785935021,1,0,0,0,0,0,0,0,0,0,0,0,0,1,0
5,0.12878977699824595,0,1,0,0,0,0,0,0,0,0,0,0,0,0,0
2,0.19694312202455538,0,0,0,0,0,0,0,0,0,0,0,0,0,1,0
3,-0.6232356134636265,0,0,0,0,0,0,0,0,0,0,0,0,0,1,0
5,-0.2637601269523094,0,0,0,0,1,0,0,0,0,0,0,0,0,0,0
2,0.36198112419610795,1,0,0,0,0,0,0,0,0,0,0,0,0,1,0
6,4.130126117096801,0,0,0,0,0,0,1,0,0,0,0,0,0,0,0
3,-0.8139981625323647,0,0,0,0,0,0,0,0,0,0,0,0,0,1,0
3,0.5607617138561763,1,0,0,0,0,0,0,0,0,0,0,0,0,1,0
3,-0.6990729140566275,1,0,0,0,0,0,0,0,0,0,0,0,0,1,0
2,0.6907207884406581,0,0,0,0,0,0,0,0,0,0,0,0,0,1,0
2,1.2927420028397225,0,0,0,0,0,0,0,0,0,0,0,0,0,1,0
2,0.24805813079428707,1,0,0,0,0,0,0,0,0,0,0,0,0,1,0
2,-0.021882569113839512,1,0,0,0,0,0,0,0,0,0,0,0,0,1,0
2,0.4959492190762549,0,0,0,0,0,0,0,0,0,0,0,0,0,1,0
1,-0.32823853670759207,1,0,0,0,0,0,0,0,0,0,0,0,0,1,0
3,-0.07667251315459792,0,0,0,0,0,0,0,0,0,0,0,0,0,1,0
3,0.7685625991814918,0,0,0,0,0,0,0,0,0,0,0,0,0,1,0
2,0.2393719201536791,0,0,0,0,0,0,0,0,0,0,0,0,0,1,0
2,-0.13914641276204792,0,0,0,0,0,0,0,0,0,0,0,0,0,1,0
4,0.04359809571535955,0,0,0,0,0,0,0,0,0,0,0,0,0,1,0
1,1.4156852919067904,0,0,0,0,0,0,0,0,0,0,0,1,0,0,0
6,0.6820345778000502,0,0,0,0,0,0,0,0,0,0,0,0,0,1,0
4,-0.6489601603608119,1,0,0,0,0,0,0,0,0,0,0,0,0,1,0
5,-0.8049778668671177,1,0,0,0,0,0,0,0,0,0,0,0,0,1,0
4,0.3646538043932181,0,0,0,0,0,1,0,0,0,0,0,0,0,0,0
2,0.98371335504886,1,0,0,0,0,0,0,0,0,0,0,0,0,0,0
1,0.7648876639104654,0,0,0,0,0,0,0,0,0,0,0,0,0,1,0
5,0.05094796625741247,0,0,0,0,0,0,0,0,0,0,0,0,0,1,0
5,0.8109913973106155,1,0,0,0,0,0,0,0,0,0,0,0,0,1,0
4,0.10440157019961581,1,0,0,0,1,0,0,0,0,0,0,0,0,0,0
2,-0.6897185333667418,0,0,0,0,0,0,0,0,0,0,0,0,0,1,0
4,0.2500626409421198,1,0,0,0,0,0,0,0,0,0,0,0,0,1,0
2,-0.17656393552159028,0,0,0,0,0,0,0,0,0,0,0,0,0,1,0
5,1.266015200868621,1,0,0,0,0,0,0,0,0,0,0,0,0,1,0
2,0.12878977699824595,0,0,0,0,0,0,0,0,1,0,0,0,0,0,0
2,-0.4204460035078928,0,0,0,0,0,0,0,0,0,0,0,0,0,1,0
2,0.4498454856761047,1,0,0,0,0,0,0,0,0,0,0,0,0,0,0
4,-0.804643781842479,0,0,0,0,0,0,0,0,0,0,0,0,0,1,0
2,1.2947465129875553,1,0,0,0,0,0,0,0,0,0,0,0,0,1,0
2,-0.36866282468888334,1,0,0,0,0,0,0,0,0,0,0,0,0,1,0
2,0.8614382360310698,0,0,0,0,0,0,0,0,0,0,0,0,0,1,0
1,0.0860268938444834,0,0,0,0,0,0,0,0,0,0,0,0,0,1,0
2,-0.7298087363233944,1,0,0,0,0,0,0,0,0,0,0,0,0,1,0
2,-0.6800300676522175,0,0,0,0,0,0,0,0,0,0,0,0,0,1,0
2,-0.8283638185918317,0,0,0,0,0,0,0,0,0,0,0,0,0,1,0
5,-0.24237868537542803,0,0,0,0,0,0,0,0,0,0,0,0,0,1,0
3,0.7221247807567027,1,0,0,0,0,0,0,0,0,0,0,0,0,1,0
2,-0.6563100309028648,1,0,0,0,0,0,0,0,0,0,0,0,0,1,0
3,-0.6376012695230937,0,0,0,0,0,0,0,0,0,0,0,0,0,1,0
6,0.3305771318800636,0,0,0,0,0,0,0,0,0,0,0,0,0,1,0
2,-0.48425624321389793,1,0,0,0,0,0,0,0,0,0,0,0,0,1,0
4,2.018374676355133,1,0,0,0,0,0,0,0,0,0,0,0,0,0,0
4,-0.8467384949469641,1,0,0,0,0,0,0,0,0,0,0,0,0,1,0
5,0.5747932848910048,0,0,0,0,0,0,0,0,0,0,0,0,0,1,0
1,0.5978451515910801,0,1,0,0,0,0,0,0,0,0,0,0,0,0,0
4,-0.08302012862273447,0,0,0,0,0,0,0,0,0,0,0,0,0,1,0
2,0.058631921824104205,1,0,0,0,0,0,0,0,0,0,0,0,0,1,0
3,-0.11442412093877895,1,0,0,0,0,0,0,0,0,0,0,0,0,1,0
4,0.11175144074166872,0,0,0,0,0,0,0,0,1,0,0,0,0,0,0
4,0.023887079261672092,0,0,0,0,0,0,0,0,0,0,0,0,0,1,0
1,0.7785851499206549,1,0,0,0,0,0,0,0,0,0,0,0,0,1,0
4,0.2948300342437151,0,0,0,0,0,0,0,0,0,0,0,0,0,1,0
3,0.4207800885325315,1,0,0,0,1,0,0,0,0,0,0,0,0,0,0
2,0.5647707341518418,0,0,0,0,0,0,0,0,0,0,0,0,0,1,0
4,0.3770149503048525,1,0,0,0,0,0,0,0,0,0,0,0,0,1,0
1,-0.4384865948383864,1,0,0,0,0,0,0,0,0,0,0,0,0,1,0
1,-0.6843731729725215,0,0,0,0,0,0,0,0,0,0,0,0,0,1,0
4,0.25841476655808904,0,0,0,0,1,0,0,0,0,0,0,0,0,0,0
4,0.44717280547899435,1,0,0,0,0,0,0,0,0,0,0,0,0,1,0
2,0.25841476655808904,1,0,0,0,0,0,0,0,0,0,0,0,0,1,0
2,-0.29984130961329664,0,0,0,0,0,0,0,0,0,0,0,0,0,1,0
3,-0.15852334419109668,0,0,0,0,0,0,0,0,0,0,0,0,0,1,0
4,0.9359391965255158,1,0,0,0,0,1,0,0,0,0,0,0,0,0,0
5,1.120688215150756,1,0,0,0,0,0,0,0,0,0,0,0,0,1,0
4,0.7371586068654472,0,0,0,0,0,0,0,0,0,0,0,0,0,1,0
2,0.12143990645619304,0,1,0,0,0,0,0,0,0,0,0,0,0,0,0
5,-0.752192432974192,0,0,0,0,0,0,0,0,0,0,0,0,0,0,0
3,-0.25440574626242374,0,0,0,0,0,0,0,0,0,0,0,0,0,1,0
2,1.3221414850079347,1,0,0,0,0,0,0,0,0,0,0,0,0,1,0
2,0.2099724379854672,0,0,0,0,0,0,0,0,0,0,0,0,0,1,0
2,-0.6018541718867453,0,0,0,0,0,0,0,0,0,0,0,0,0,1,0
2,-0.517664745677775,1,0,0,0,0,0,0,0,0,0,0,0,0,1,0
2,-0.8447339847991314,0,0,0,0,0,0,0,0,0,0,0,0,0,1,0
3,0.1495030485258499,1,0,0,0,0,0,0,0,0,0,0,0,0,1,0
2,-0.35830618892508154,0,0,0,0,0,0,0,0,0,0,0,0,0,1,0
4,0.6873799381942706,0,0,0,0,0,0,0,0,0,0,0,0,0,1,0
1,-0.8758038920905371,0,0,0,0,0,0,0,0,0,0,0,0,0,1,0
1,0.4107575377933685,1,0,0,0,0,0,0,0,0,0,0,0,0,1,0
3,0.43080263927169477,0,0,0,0,1,0,0,0,0,0,0,0,0,0,0
3,0.049277541134218714,0,0,0,0,0,0,0,0,0,0,0,0,0,1,0
2,-0.3212227511901779,0,0,0,0,0,0,0,0,0,0,0,0,0,1,0
3,1.2566608201787355,0,0,0,0,0,0,0,0,0,0,0,0,0,1,0
3,0.6964002338595172,1,0,0,0,0,0,0,0,0,0,0,0,0,1,0
4,0.31587739079595756,0,0,0,0,0,0,0,0,0,0,0,0,0,1,0
5,0.6185584231186838,0,0,0,0,0,0,0,0,0,0,0,0,0,1,0
4,-0.9112235864027395,1,0,0,0,0,0,0,0,0,0,0,0,0,1,0
2,3.2651799883070245,1,0,0,0,0,0,0,0,0,0,0,0,0,0,0
4,-0.6917230435145745,1,0,0,0,0,0,0,0,0,0,0,0,0,1,0
2,-0.565772989225758,0,0,0,0,0,0,0,0,0,0,0,0,0,1,0
2,0.39305103148751364,1,0,0,0,0,0,0,0,0,0,0,0,0,1,0
6,0.3713355048859936,0,0,0,0,0,0,0,0,0,0,0,0,0,1,0
1,0.1548484089200701,0,0,0,1,0,0,0,0,0,0,0,0,0,0,0
1,-0.9112235864027395,0,0,0,0,0,0,0,0,0,0,0,0,0,1,0
4,0.8898354631253654,1,0,0,0,0,0,0,0,0,0,0,0,0,1,0
5,-0.8283638185918317,0,0,0,0,0,0,0,0,0,0,0,0,0,1,0
3,0.5066399398646956,1,0,0,0,0,0,0,0,0,0,0,0,0,1,0
3,1.0692391213563854,0,0,0,0,0,0,0,0,0,0,0,0,0,1,0
2,-0.0011692975862357018,1,0,0,0,0,0,0,0,0,0,0,0,0,1,0
3,0.054622901528439044,0,0,0,0,0,0,0,0,0,0,0,0,0,1,0
5,1.014449177315627,0,0,0,0,0,0,0,0,0,0,0,0,0,1,0
3,0.1598596842896516,1,0,0,0,0,0,0,0,0,0,0,0,0,1,0
3,1.7477658063977284,0,0,0,0,0,0,0,0,1,0,0,0,0,0,0
6,0.5607617138561763,0,0,0,0,0,0,0,0,0,0,0,0,0,1,0
5,1.4594504301344695,0,0,0,0,1,0,0,0,0,0,0,0,0,0,0
4,-0.5016286644951141,0,0,0,0,0,0,0,0,0,0,0,0,0,1,0
5,-0.5016286644951141,1,0,0,0,0,0,0,0,0,0,0,0,0,1,0
5,5.919819594086696,1,0,0,0,0,1,0,0,0,0,0,0,0,0,0
4,0.8223502881483339,0,0,0,0,0,0,0,0,0,0,0,0,0,1,0
1,6.941364737325637,0,0,0,0,0,1,0,0,0,0,0,0,0,0,0
1,-0.6078677023302431,1,0,0,0,0,0,0,0,0,0,0,0,0,1,0
1,0.9452935772154014,1,0,0,0,1,0,0,0,0,0,0,0,0,0,0
3,1.1978618558423122,1,0,0,0,0,0,0,0,0,0,0,0,0,1,0
5,-0.4144324730643949,0,0,0,0,0,0,0,0,0,0,0,0,0,1,0
6,-0.0035078927587071057,0,0,0,0,0,0,0,0,0,0,0,0,0,1,0
3,0.6048609371084941,0,0,0,0,0,0,0,0,0,0,0,0,0,1,0
2,0.4722291823269022,0,0,0,0,0,0,0,0,0,0,0,0,0,1,0
3,-0.06230685709513066,1,0,0,0,0,0,0,0,0,0,0,0,0,1,0
3,-0.6900526183913807,0,0,0,0,0,0,0,0,0,0,0,0,0,1,0
2,-0.35630167877724883,1,0,0,0,0,0,0,0,0,0,0,0,0,1,0
5,0.4638770567109329,0,0,0,0,0,0,0,0,0,0,0,0,0,1,0
4,1.5195857345694481,1,0,0,0,0,0,0,0,0,0,0,0,0,1,0
2,0.5751273699156437,0,0,0,0,0,0,0,0,0,0,0,0,0,1,0
4,-0.10473565522425464,0,0,0,0,0,0,0,0,0,0,0,0,0,1,0
5,0.9302597511066567,0,0,0,0,0,0,0,0,0,0,0,0,0,1,0
4,0.11241961079094626,1,0,0,0,0,0,0,0,0,0,0,0,0,1,0
2,-0.36899690971352217,0,0,0,1,0,0,0,0,0,0,0,0,0,0,0
1,1.2506472897352379,1,0,0,0,0,0,0,0,0,0,0,0,0,1,0
3,-0.2650964670508644,0,0,0,0,0,0,0,0,0,0,0,0,0,1,0
3,0.689718533366742,0,0,0,0,0,0,0,0,0,0,0,0,0,1,0
3,-0.2878142487263008,1,0,0,0,0,0,0,0,0,0,0,0,0,1,0
3,-0.7221247807567027,0,0,0,0,0,1,0,0,0,0,0,0,0,0,0
4,0.13680781758957652,1,0,0,0,0,0,0,0,0,0,0,0,0,0,0
2,-0.03390963000083524,0,0,0,0,0,1,0,0,0,0,0,0,0,0,0
4,-0.7020796792783764,0,0,0,0,0,0,0,0,0,0,0,0,0,1,0
3,0.8951808235195858,0,0,0,0,0,0,0,0,0,0,0,0,0,1,0
4,0.6155516578969348,0,0,0,0,0,0,0,0,0,0,0,0,0,1,0
4,-0.8059801219410341,1,0,0,0,0,0,0,0,0,0,0,0,0,1,0
2,-0.2072997577883571,0,0,0,0,0,0,0,0,0,0,0,0,0,1,0
1,-0.11375595088950143,0,0,0,0,0,0,0,0,0,0,0,0,0,1,0
3,-0.8594337258832374,1,0,0,0,1,0,0,0,0,0,0,0,0,0,0
2,-0.23402655975945877,1,0,0,0,0,0,0,0,0,0,0,0,0,1,0
4,-0.8370500292324398,0,0,0,0,0,0,0,0,0,0,0,0,0,1,0
2,0.7304769063726719,1,0,0,0,0,0,0,0,0,0,0,0,0,1,0
1,2.5195022133132885,1,0,0,1,0,0,0,0,0,0,0,0,0,0,0
4,0.39204877641359726,1,0,0,0,0,0,0,0,0,0,0,0,0,1,0
4,0.6833709178986052,0,0,0,0,0,0,0,0,0,0,0,0,0,1,0
4,-0.7605445585901612,0,0,0,0,0,0,0,0,0,0,0,0,0,1,0
3,-0.06497953729224089,1,0,0,0,0,0,0,0,0,0,0,0,0,1,0
2,-0.6239037835129041,0,0,0,0,0,0,0,0,0,0,0,0,0,1,0
2,-0.4064144324730644,0,1,0,0,0,0,0,0,0,0,0,0,0,0,0
5,-0.20496116261588582,1,0,0,0,0,0,0,0,0,0,0,0,0,1,0
1,6.941364737325637,1,0,0,0,0,0,0,1,0,0,0,0,0,0,0
2,1.0919569030318217,0,0,0,0,1,0,0,0,0,0,0,0,0,0,0
2,-0.8580973857846822,1,0,0,0,0,0,0,0,0,0,0,0,0,1,0
2,0.5256827862691055,1,0,0,0,0,0,0,0,0,0,0,0,0,1,0
2,-0.41142570784264604,0,0,0,0,0,0,0,0,0,0,0,0,0,1,0
3,0.46855424705587573,0,0,0,0,0,0,0,0,0,0,0,0,0,1,0
1,0.8129959074584483,0,0,0,0,0,0,0,0,0,0,0,0,0,1,0
3,0.022884824187755743,0,0,0,0,1,0,0,0,0,0,0,0,0,0,0
3,0.2550739163117013,1,0,0,0,0,0,0,0,0,0,0,0,0,1,0
2,0.6476238202622567,0,0,0,1,0,0,0,0,0,0,0,0,0,0,0
2,-0.16086193936356807,1,0,0,0,0,0,0,0,0,0,0,0,0,1,0
2,0.20061805729558183,0,0,0,0,0,0,0,0,0,0,0,0,0,1,0
3,-0.5166624906038587,0,0,0,0,0,0,0,0,0,0,0,0,0,1,0
3,1.5590077674768232,1,1,0,0,0,0,0,0,0,0,0,0,0,0,0
5,-0.40741668754698074,0,0,0,0,0,0,0,0,0,0,0,0,0,1,0
3,-0.7749102146496284,1,0,0,0,0,0,0,0,0,0,0,0,0,1,0
3,-0.8450680698237703,0,0,0,0,0,0,0,0,0,0,0,0,0,1,0
4,0.9068737993819429,0,0,0,0,0,0,0,0,0,0,0,0,0,1,0
4,-0.18658648626075341,0,0,0,0,0,0,0,0,0,0,0,0,0,1,0
2,-0.03791865029650052,1,0,0,0,0,0,0,0,0,0,0,0,0,1,0
1,0.592165706172221,1,0,0,0,0,0,0,0,0,0,0,0,0,1,0
3,-0.05228430635596764,1,0,0,0,0,0,0,0,0,0,0,0,0,1,0
2,-0.21231103315793873,1,0,0,0,0,0,0,0,0,0,0,0,0,1,0
3,1.5192516495448092,1,0,0,0,0,0,0,0,0,0,0,0,0,1,0
6,-0.10005846487931183,0,0,0,0,0,0,0,0,0,0,0,0,0,1,0
2,-0.32757036665831457,0,0,0,0,0,0,0,0,0,0,0,0,0,1,0
3,-0.294830034243715,1,0,0,0,0,0,0,0,0,0,0,0,0,1,0
3,-0.5443915476488768,1,0,0,0,0,0,0,0,0,0,0,0,0,1,0
3,-0.14181909295915815,1,0,0,0,1,0,0,0,0,0,0,0,0,0,0
2,0.40273949720203794,1,0,0,0,0,0,0,0,0,0,0,0,0,1,0
2,-0.9112235864027395,0,0,0,0,0,0,0,0,0,0,0,0,0,1,0
2,-0.808986887162783,1,0,0,0,0,0,0,0,0,0,0,0,0,1,0
4,0.35229265848158364,0,0,0,0,1,0,0,0,0,0,0,0,0,0,0
3,0.7100977198697069,1,0,0,0,0,0,0,0,0,0,0,0,0,1,0
5,-0.8357136891338847,0,0,0,0,0,0,0,0,0,0,0,0,0,1,0
2,0.5801386452852252,1,0,0,0,0,0,0,0,0,0,0,0,0,1,0
4,1.0501962749519755,1,0,0,0,0,0,0,0,0,0,0,0,0,0,0
5,0.7819260001670426,0,0,0,0,0,0,0,0,0,0,0,0,0,1,0
2,0.7321473314958657,1,0,0,0,0,0,0,0,0,0,0,0,0,1,0
5,1.0705754614549405,0,0,0,0,0,0,0,0,0,0,0,0,0,1,0
1,0.21865864862607542,0,0,0,0,0,0,0,0,0,0,0,0,0,1,0
4,-0.6499624154347281,1,0,0,0,0,0,0,0,0,0,0,0,0,1,0
4,-0.060636431971936904,0,0,0,0,0,0,0,0,0,0,0,0,0,1,0
2,-0.5490687379938195,1,0,0,0,0,0,0,0,0,0,0,0,0,1,0
4,0.39772822183245643,1,0,0,0,0,0,0,0,0,0,0,0,0,1,0
4,-0.44917731562682706,1,0,0,0,1,0,0,0,0,0,0,0,0,0,0
3,0.35262674350622236,0,0,0,0,0,0,0,0,0,0,0,0,0,1,0
2,0.6823686628246889,0,0,0,0,0,0,0,0,0,0,0,0,0,1,0
1,0.5276872964169382,1,0,0,0,0,0,0,0,0,0,0,0,0,1,0
3,-0.7992984214482587,0,0,0,0,0,0,0,0,0,0,0,0,0,1,0
1,5.36423619811242,1,0,0,0,0,1,0,0,0,0,0,0,0,0,0
3,1.1240290653971439,0,0,0,0,0,0,0,0,1,0,0,0,0,0,0
1,-0.6810323227261338,1,0,0,0,0,0,0,0,0,0,0,0,0,1,0
1,-0.7832623402655977,1,0,0,0,0,0,0,0,0,0,0,0,0,1,0
4,0.0813497034995406,1,0,0,0,1,0,0,0,0,0,0,0,0,0,0
3,-0.2647623820262257,0,0,0,0,0,0,0,0,0,0,0,0,0,1,0
6,-0.42445502380355804,1,0,0,0,0,0,0,0,0,0,0,0,0,1,0
3,0.1565188340432641,0,0,0,0,0,0,0,0,0,0,0,0,0,1,0
2,0.45418859099640857,1,0,0,0,0,0,0,0,0,0,0,0,0,1,0
1,0.1892591664578635,1,0,0,0,0,0,0,0,0,0,0,0,0,1,0
3,0.3636515493193017,0,0,0,0,0,0,0,0,0,0,0,0,0,1,0
3,0.3609788691221916,0,0,0,0,0,0,0,0,0,0,0,0,0,1,0
3,-0.4204460035078928,1,0,0,0,0,0,0,0,0,0,0,0,0,1,0
3,2.098220997243799,0,0,0,0,0,0,0,0,0,0,0,0,0,1,0
2,-0.4090871126701746,0,0,0,0,0,0,0,0,0,0,0,0,0,1,0
4,2.190094379019461,1,0,0,0,1,0,0,0,0,0,0,0,0,0,0
1,0.3215568362148167,1,0,0,0,0,0,0,0,0,0,0,0,0,1,0
3,-0.18291155098972695,0,0,0,0,0,0,0,0,0,0,0,0,0,1,0
2,-0.5874885158272781,0,0,0,0,0,0,0,0,0,0,0,0,0,1,0
3,0.7685625991814918,0,0,0,0,0,0,0,0,0,0,0,0,0,1,0
1,-0.5443915476488768,1,0,0,0,0,0,0,0,0,0,0,0,0,1,0
2,6.941364737325637,0,0,0,0,0,1,0,0,0,0,0,0,0,0,0
2,-0.4304685542470559,0,0,0,0,0,0,0,0,0,0,0,0,0,1,0
4,-0.23736741000584652,1,0,0,0,0,0,0,0,0,0,0,0,0,1,0
1,-0.612544892675186,1,0,0,0,0,1,0,0,0,0,0,0,0,0,0
3,0.1775661905955065,0,0,0,0,1,0,0,0,0,0,0,0,0,0,0
4,-0.0285642696066149,0,0,0,0,0,0,0,0,0,0,0,0,0,1,0
3,0.18124112586653296,1,0,0,0,0,0,0,0,0,0,0,0,0,1,0
4,-0.26242378685375434,0,0,0,0,0,0,0,0,0,0,0,0,0,1,0
4,-0.9112235864027395,0,0,0,0,0,0,0,0,0,0,0,0,0,1,0
1,1.2085525766307526,1,0,0,0,0,1,0,0,0,0,0,0,0,0,0
0,5.225924997911969,0,0,0,0,0,0,0,0,0,0,0,1,0,0,0
2,0.08502463877056718,1,0,0,0,0,0,0,0,0,0,0,0,0,1,0
2,0.19493861187672268,0,0,0,0,0,0,0,0,0,0,0,0,0,1,0
6,0.7294746512987557,0,0,0,0,0,0,0,0,0,0,0,0,0,1,0
4,-0.5771318800634762,0,0,0,0,0,0,0,0,0,0,0,0,0,1,0
2,-0.7388290319886412,1,0,0,0,0,0,0,0,0,0,0,0,0,1,0
3,0.35229265848158364,1,0,0,0,0,0,0,0,0,0,0,0,0,1,0
2,0.24805813079428707,0,0,0,0,0,0,0,0,0,0,0,0,0,1,0
1,-0.3192182410423453,0,0,0,0,1,0,0,0,0,0,0,0,0,0,0
3,-0.5270191263676606,0,0,0,0,0,0,0,0,0,0,0,0,0,1,0
3,0.11208552576630755,0,0,0,0,0,0,0,0,0,0,0,0,0,1,0
4,0.04059133049361062,0,0,0,0,1,0,0,0,0,0,0,0,0,0,0
4,0.6225674434143489,1,0,0,0,0,0,0,0,0,0,0,0,0,1,0
4,0.7759124697235448,1,0,0,0,0,0,0,0,0,0,0,0,0,1,0
3,1.2008686210640607,0,0,0,0,0,0,0,0,0,0,0,0,0,0,0
4,-0.6335922492274284,1,0,0,0,0,0,0,0,0,0,0,0,0,1,0
2,-0.5380439321807401,0,0,0,0,0,0,0,0,0,0,0,0,0,1,0
2,0.6569782009521423,0,0,0,0,0,0,0,0,0,0,0,0,0,1,0
3,0.04627077591246978,0,0,0,0,0,0,0,0,0,0,0,0,0,1,0
5,-0.4475068905036332,0,0,0,0,1,0,0,0,0,0,0,0,0,0,0
2,-0.7742420446003508,1,0,0,0,0,0,0,0,0,0,0,0,0,1,0
4,0.049945711183496236,0,0,0,0,0,0,0,0,0,0,0,0,0,1,0
4,0.4708928422283471,1,0,0,0,0,0,0,0,0,0,0,0,0,1,0
3,0.6152175728722961,0,0,0,0,0,0,0,0,0,0,0,0,0,1,0
2,-0.47356552242545735,0,0,0,0,0,0,0,0,0,0,0,0,0,1,0
5,-0.33224755700325737,0,0,0,0,0,0,0,0,0,0,0,0,0,1,0
5,1.132047105988474,0,0,0,0,0,0,0,0,0,0,0,0,0,1,0
2,0.8116595673598932,1,0,0,0,0,0,0,0,0,0,0,0,0,1,0
4,-0.7832623402655977,0,0,0,0,0,0,0,0,0,0,0,0,0,1,0
3,-0.6279128038085694,0,0,0,0,0,0,0,0,0,0,0,0,0,1,0
2,-0.7785851499206549,1,0,0,0,0,0,0,0,0,0,0,0,0,1,0
3,-0.8761379771151759,0,0,0,0,0,0,0,0,0,0,0,0,0,1,0
1,-0.17155266015200876,0,0,0,0,0,0,0,0,0,0,0,0,0,1,0
2,-0.3426041927670592,1,0,0,0,0,0,0,0,0,0,0,0,0,1,0
3,-0.29984130961329664,0,0,0,0,0,0,0,0,0,0,0,0,0,1,0
3,1.0445168295331162,0,0,0,0,0,0,0,0,0,0,0,0,0,1,0
2,-0.2637601269523094,1,0,0,0,0,0,0,0,0,0,0,0,0,1,0
1,0.5794704752359475,0,0,0,0,0,0,0,0,0,0,0,0,0,1,0
1,-0.19727720704919408,0,0,0,0,0,0,0,0,0,0,0,0,0,1,0
2,-0.7485174977031656,0,0,0,0,1,0,0,0,0,0,0,0,0,0,0
4,0.6609872212478075,0,0,0,0,0,0,0,0,0,0,0,0,1,0,0
1,0.22500626409421198,0,0,0,0,0,0,0,0,0,0,0,0,0,1,0
3,0.2610874467551991,1,0,0,0,0,0,0,0,0,0,0,0,0,1,0
2,0.3138728806481251,0,0,0,0,0,0,0,0,0,0,0,0,0,1,0
3,0.08970182911550986,0,0,0,0,1,0,0,0,0,0,0,0,0,0,0
2,0.2510648960160361,1,0,0,1,0,0,0,0,0,0,0,0,0,0,0
2,1.2990896183078597,1,0,0,0,0,0,0,0,0,0,0,0,0,1,0
2,-0.3957237116846237,1,0,0,0,0,0,0,0,0,0,0,0,0,1,0
3,0.562766224004009,1,0,0,0,0,0,0,0,0,0,0,0,0,1,0
2,0.11709680113588906,0,0,0,0,0,0,0,0,0,0,0,0,0,1,0
4,-0.21966090369999164,1,0,0,0,0,0,0,0,0,0,0,0,0,1,0
3,0.7815919151424039,0,0,0,0,0,0,0,0,0,0,0,0,0,1,0
1,0.39405328656142996,1,0,0,0,0,0,0,0,0,0,0,0,0,1,0
3,0.3973941368078177,1,0,0,0,0,0,0,0,0,0,0,0,0,1,0
2,0.35730393385116516,0,0,0,0,0,0,0,0,0,0,0,0,0,1,0
1,-0.5397143573039339,1,0,0,0,0,0,0,0,0,0,0,0,0,1,0
4,-0.10139480497786688,0,0,0,0,0,0,0,0,0,0,0,0,0,1,0
6,-0.20162031236949807,0,0,0,0,0,0,0,0,0,0,0,0,0,1,0
5,-0.22968345443915478,1,0,0,0,0,0,0,0,0,0,0,0,0,1,0
1,0.16587321473314973,1,0,0,0,0,0,0,0,0,0,0,0,0,1,0
3,0.33592249227428383,1,0,0,0,0,0,0,0,0,0,0,0,0,1,0
4,0.34059968261922663,0,0,0,0,0,0,0,0,0,0,0,0,0,1,0
3,-0.6359308443998999,0,0,0,0,0,0,0,0,0,0,0,0,0,1,0
2,-0.19761129207383277,0,0,0,0,0,0,0,0,0,0,0,0,0,1,0
2,0.42011191848325413,1,0,0,0,0,0,0,0,0,0,0,0,0,1,0
4,-0.24939447089284225,1,0,0,0,0,0,0,0,0,0,0,0,0,1,0
2,-0.5971769815418024,1,0,0,0,1,0,0,0,0,0,0,0,0,0,0
2,-0.046604860937108486,1,0,0,0,0,0,0,0,0,0,0,0,0,0,0
2,1.1273699156435313,0,0,0,0,0,0,0,0,0,0,0,0,0,0,0
2,-0.7729057045017957,0,0,0,0,0,0,0,0,0,0,0,0,0,1,0
5,0.8347114340599683,0,0,0,0,0,0,0,0,0,0,0,0,0,1,0
2,-0.6112085525766309,0,0,0,0,1,0,0,0,0,0,0,0,0,0,0
1,0.16487095965923337,0,0,0,0,0,0,0,0,0,0,0,0,0,1,0
3,-0.3162114758205964,0,0,0,0,0,0,0,0,0,0,0,0,0,1,0
2,0.6907207884406581,1,0,0,0,0,0,0,0,0,0,0,0,0,0,0
5,1.3826108744675523,0,0,0,0,1,0,0,0,0,0,0,0,0,0,0
3,-0.10974693059383614,0,0,0,0,0,0,0,0,0,0,0,0,0,1,0
4,0.5290236365154932,0,0,0,0,0,0,0,0,0,0,0,0,0,1,0
2,-0.6639939864695565,0,0,0,0,0,0,0,0,0,0,0,0,0,1,0
5,0.033575544976196414,1,0,0,0,0,0,0,0,0,0,0,0,0,1,0
6,-0.18057295581725555,0,0,0,0,0,0,0,0,0,0,0,0,0,0,0
4,-0.06431136724296337,1,0,0,0,0,0,0,0,0,0,0,0,0,1,0
3,-0.8487430050947967,0,0,0,0,0,0,0,0,0,0,0,0,0,1,0
2,0.2868119936523846,0,0,0,0,0,0,0,0,0,0,0,0,0,1,0
2,-0.347281383112002,0,0,0,0,0,0,0,0,0,0,0,0,0,1,0
2,-0.7688966842061306,0,0,0,0,0,0,0,0,0,0,0,0,0,1,0
2,-0.19159776163033493,1,0,0,0,0,0,0,0,0,0,0,0,0,1,0
4,-0.6987388290319887,1,0,0,0,0,0,0,0,0,0,0,0,0,1,0
3,-0.03925499039505557,1,0,0,0,0,0,0,0,0,0,0,0,0,1,0
3,0.8126618224338096,0,0,0,0,0,0,0,0,0,0,0,0,0,1,0
3,0.052618391380606346,1,0,0,0,0,0,0,0,0,0,0,0,0,1,0
3,-0.17556168044767392,0,0,0,0,0,0,0,0,0,0,0,0,0,1,0
3,-0.6509646705086445,1,0,0,0,0,0,0,0,0,0,0,0,0,1,0
2,1.2747014115092292,1,0,0,0,0,0,0,0,0,0,0,0,0,1,0
2,0.3101979453770984,0,0,0,0,0,0,0,0,0,0,0,0,0,1,0
4,-0.7394972020379187,1,0,0,0,0,0,0,0,0,0,0,0,0,1,0
4,-0.44149336006013534,0,0,0,0,0,0,0,0,0,0,0,0,0,1,0
3,2.1596926417773323,0,0,0,0,0,1,0,0,0,0,0,0,0,0,0
1,0.46254071661237783,1,0,0,0,0,0,0,0,0,0,0,0,0,1,0
4,-0.4465046354297169,0,0,0,0,0,0,0,0,0,0,0,0,0,1,0
0,0.08335421364737329,0,0,0,0,0,0,0,0,0,0,0,0,0,1,0
1,1.0936273281550155,0,0,0,0,0,0,0,0,0,0,0,0,0,1,0
3,0.054622901528439044,1,0,0,0,0,0,0,0,0,0,0,0,0,0,0
3,0.30886160527854334,0,0,0,0,0,0,0,0,0,0,0,0,0,1,0
2,0.4090871126701745,1,0,0,0,0,0,0,0,0,0,0,0,0,1,0
2,-0.21565188340432637,0,0,0,0,0,0,0,0,0,0,0,0,0,1,0
4,-0.03858682034577804,0,0,0,0,0,0,0,0,0,0,0,0,0,1,0
2,-0.44483421030652304,0,0,0,0,1,0,0,0,0,0,0,0,0,0,0
3,0.8407249645034661,0,0,0,0,0,0,0,0,0,0,0,0,0,1,0
4,-0.5139898104067485,0,0,0,0,0,0,0,0,0,0,0,0,0,1,0
6,-0.8624404911049863,1,0,0,0,0,0,0,0,0,0,0,0,0,1,0
5,0.19660903699991644,0,0,0,0,0,0,0,0,0,0,0,0,0,1,0
5,0.23836966507976276,1,0,0,0,0,0,0,0,0,0,0,0,0,1,0
4,0.634260419276706,0,0,0,0,0,0,0,0,0,0,0,0,0,1,0
3,0.568779754447507,1,0,0,0,0,0,0,0,0,0,0,0,0,1,0
2,0.3606447840975529,1,0,0,0,0,0,0,0,0,0,0,0,0,1,0
2,0.10072663492858935,0,0,0,0,0,0,0,0,0,0,0,0,0,1,0
4,-0.841059049528105,0,0,0,0,0,0,0,0,0,0,0,0,0,1,0
5,-0.11074918566775249,0,0,0,0,0,0,0,0,0,0,0,0,0,1,0
1,0.2664328071494196,0,0,0,0,1,0,0,0,0,0,0,0,0,0,0
6,0.5838135805562517,1,0,0,0,0,0,0,0,1,0,0,0,0,0,0
6,0.025891589409504673,1,0,0,0,0,0,0,0,0,0,0,0,0,1,0
2,6.941364737325637,0,0,0,0,0,0,0,0,0,0,0,1,0,0,0
3,3.210055959241627,1,0,0,0,0,0,0,0,0,0,0,0,0,0,0
4,-0.35329491355549986,0,0,0,0,0,0,0,0,0,0,0,0,0,1,0
1,0.2524012361145912,1,0,0,0,0,0,0,0,0,0,0,0,0,1,0
3,0.5133216403574711,0,0,0,0,0,0,0,0,0,0,0,0,0,1,0
2,0.3877056710932932,0,1,0,0,0,0,0,0,0,0,0,0,0,0,0
2,-0.551073248141652,0,0,0,0,0,0,0,0,0,0,0,0,0,1,0
1,0.21899273365071412,1,0,0,0,0,0,0,0,0,0,0,0,0,1,0
3,5.491188507475154,1,0,0,0,0,1,0,0,0,0,0,0,0,0,0
3,0.038920905370416745,0,0,0,0,0,0,0,0,0,0,0,0,0,1,0
3,-0.0813497034995406,0,0,0,0,0,0,0,0,0,0,0,0,0,1,0
3,0.42412093877891927,0,0,0,0,0,0,0,0,0,0,0,0,0,1,0
5,0.5851499206548068,0,0,0,0,0,0,0,0,0,0,0,0,0,1,0
1,1.6435312787104317,0,0,0,0,0,0,0,0,0,0,0,0,0,0,0
2,-0.4602021214399065,0,0,0,0,0,0,0,0,0,0,0,0,0,1,0
1,-0.7735738745510734,0,0,0,0,0,0,0,0,0,0,0,0,0,1,0
2,0.5383780172053789,0,0,0,0,0,0,0,0,0,0,0,0,0,1,0
2,-0.6442829700158691,0,0,0,0,0,0,0,0,0,0,0,0,0,1,0
2,6.941364737325637,0,0,0,0,0,1,0,0,0,0,0,0,0,0,0
1,-0.032239204877641356,0,0,0,0,0,0,0,0,0,0,0,0,0,1,0
3,-0.3489518082351959,0,0,0,0,0,0,0,0,0,0,0,0,0,1,0
1,1.0385032990896184,0,0,0,0,0,0,0,0,0,0,0,0,0,1,0
2,-0.5661070742503967,0,0,0,0,0,0,0,0,0,0,0,0,0,1,0
2,-0.09003591414014868,0,0,0,0,0,0,0,0,0,0,0,0,0,1,0
4,-0.825022968345444,1,0,0,0,0,0,0,0,0,0,0,0,0,1,0
4,-0.02756201453269855,1,0,0,0,0,0,0,0,0,0,0,0,0,1,0
3,0.5457278877474318,0,0,0,0,0,0,0,0,0,0,0,0,0,1,0
5,0.27044182744508477,1,0,0,0,0,0,0,0,0,0,0,0,0,1,0
3,-0.6305854840056795,0,0,0,0,0,0,0,0,0,0,0,0,0,1,0
6,-0.1294579470475236,0,0,0,0,0,0,0,0,0,0,0,0,0,1,0
2,0.6890503633174644,0,0,0,0,0,0,0,0,0,0,0,0,0,0,0
1,-0.6753528773072748,0,0,0,0,1,0,0,0,0,0,0,0,0,0,0
2,0.0973857846822016,0,0,0,0,0,0,0,0,0,0,0,0,0,1,0
3,1.4510983045185002,1,0,0,0,0,0,0,0,0,0,0,0,0,0,0
2,0.33792700242211654,0,0,0,0,0,1,0,0,0,0,0,0,0,0,0
5,0.09671761463292407,1,0,0,0,0,0,0,0,0,0,0,0,0,1,0
2,0.5931679612461372,0,0,0,0,0,0,0,0,0,0,0,0,0,1,0
2,0.7381608619393636,1,0,0,0,0,0,0,0,1,0,0,0,0,0,0
3,-0.35897435897435903,0,0,0,0,0,0,0,0,0,0,0,0,0,1,0
2,-0.9112235864027395,0,0,0,0,1,0,0,0,0,0,0,0,0,0,0
1,1.1550989726885494,0,0,0,0,0,0,0,0,0,0,0,0,0,1,0
2,-0.73916311701328,1,0,0,0,0,0,0,0,0,0,0,0,0,1,0
1,0.29349369414515986,1,0,0,0,0,0,0,0,0,0,0,0,0,0,0
3,-0.6476238202622567,1,0,0,0,0,0,0,0,0,0,0,0,0,1,0
4,0.8580973857846823,0,0,0,0,0,0,0,0,0,0,0,0,0,1,0
2,0.17656393552159014,1,0,0,0,0,0,0,0,0,0,0,0,0,1,0
2,-0.4795790528689552,1,0,0,0,0,0,0,0,0,0,0,0,0,1,0
3,-0.4819176480414266,1,0,0,0,1,0,0,0,0,0,0,0,0,0,0
3,-0.38837384114257084,0,1,0,0,0,0,0,0,0,0,0,0,0,0,0
2,-0.20496116261588582,0,0,0,0,0,0,0,0,0,0,0,0,0,1,0
0,-0.7050864445001254,0,0,0,0,0,0,0,0,0,0,0,0,0,1,0
2,-0.7067568696233192,1,0,0,0,0,0,0,0,0,0,0,0,0,0,0
2,0.3529608285308611,0,0,0,0,0,0,0,0,0,0,0,0,0,1,0
1,-0.2754531028146664,0,0,0,0,0,0,0,0,0,0,0,0,0,1,0
3,0.5540800133634011,1,0,0,0,0,0,0,0,0,0,0,0,0,1,0
5,-0.6242378685375429,1,0,0,0,0,0,0,0,0,0,0,0,0,1,0
2,-0.2684373172972522,0,0,0,0,0,0,0,0,0,0,0,0,0,1,0
2,-0.07333166290821015,0,0,0,0,0,0,0,0,0,0,0,0,0,1,0
5,-0.6402739497202038,1,0,0,0,0,0,0,0,0,0,0,1,0,0,0
3,-0.04192767059216568,0,0,0,0,0,0,0,0,0,0,0,0,0,1,0
4,0.855424705587572,0,0,0,0,0,0,0,0,0,0,0,0,0,1,0
3,1.8636933099473816,0,0,0,0,0,0,0,0,0,0,1,0,0,0,0
3,3.8725465631003093,1,0,0,0,0,1,0,0,0,0,0,0,0,0,0
2,0.05495698655307775,1,0,0,0,0,0,0,0,0,0,0,0,0,1,0
2,-0.5360394220329074,0,0,0,0,0,0,0,0,0,0,0,0,0,1,0
2,0.42412093877891927,0,0,0,0,1,0,0,0,0,0,0,0,0,0,0
2,-0.8911718032239205,0,0,0,0,0,0,0,0,0,0,0,0,0,1,0
2,-0.3439405328656144,1,0,0,0,0,0,0,0,0,0,0,0,0,1,0
3,3.8949302597511073,1,0,0,0,0,1,0,0,0,0,0,0,0,0,0
2,0.41576881316295,0,0,0,0,0,0,0,0,0,0,0,0,0,1,0
3,6.941364737325637,0,0,0,0,0,0,0,0,0,0,0,0,0,0,0
2,0.5697820095214232,0,0,0,0,0,0,0,0,0,0,0,0,0,1,0
5,0.4388206798630251,0,1,0,0,0,0,0,0,0,0,0,0,0,0,0
1,-0.8794788273615636,1,0,0,0,0,0,0,0,0,0,0,0,0,1,0
5,0.07099306773573875,0,0,0,0,0,0,0,0,0,0,0,0,0,1,0
4,-0.21030652301010613,1,0,0,0,0,0,0,0,0,0,0,0,0,1,0
5,0.7485174977031656,1,0,0,0,0,0,0,0,0,0,0,0,0,1,0
2,0.5580890336590663,1,0,0,0,0,0,0,0,0,0,0,0,0,1,0
2,1.0020880314039924,0,0,0,0,0,0,0,0,0,0,0,0,0,1,0
6,0.38937609621648717,1,0,0,0,0,0,0,0,0,0,0,0,0,1,0
2,0.2597511066566441,0,0,0,0,0,0,0,0,0,0,0,0,0,1,0
2,0.6533032656811159,1,0,0,0,0,0,0,0,0,0,0,0,0,1,0
4,0.34360644784097544,0,0,0,0,0,0,0,0,0,0,0,0,0,1,0
2,-0.8634427461789026,0,0,0,0,0,0,0,0,0,0,0,0,0,1,0
2,0.013196358473231425,1,0,0,0,0,0,0,0,0,0,0,0,0,1,0
2,1.070909546479579,0,0,0,0,0,0,0,0,0,0,0,0,0,0,0
4,0.2363651549319303,0,0,0,0,0,0,0,0,0,0,0,0,0,0,0
3,0.8641109162281803,0,0,0,0,0,0,0,0,0,0,0,0,0,1,0
5,0.13079428714607866,1,0,0,0,0,0,0,0,0,0,0,0,0,1,0
5,0.5597594587822602,1,0,0,0,0,0,0,0,0,0,0,0,0,1,0
2,-0.7034160193769314,0,0,0,0,0,0,0,0,0,0,0,0,0,1,0
2,0.2691054873465297,1,0,0,0,0,0,0,0,0,0,0,0,0,1,0
4,-0.8731312118934269,0,0,0,0,0,0,0,0,0,0,0,0,0,1,0
2,0.11843314123444423,0,0,0,0,0,0,0,0,0,0,0,0,0,1,0
3,0.44917731562682706,0,0,0,0,0,0,0,0,0,0,0,0,0,1,0
2,-0.012528188423953897,0,0,0,0,0,0,0,0,0,0,0,0,0,1,0
1,-0.14382360310699074,0,0,0,0,0,0,0,0,0,0,0,0,0,1,0
2,0.16052785433892927,1,0,0,0,0,0,0,0,0,0,0,0,0,1,0
3,0.5333667418357974,0,0,0,0,0,0,0,0,0,0,0,0,0,0,0
6,-0.44917731562682706,1,0,0,0,0,0,0,0,0,0,0,0,0,1,0
3,0.6406080347448425,0,0,0,0,0,0,0,0,0,0,0,0,0,1,0
2,-0.49461287897769984,0,0,0,0,0,0,0,0,0,0,0,0,0,1,0
2,-0.5620980539547316,0,0,0,0,0,0,0,0,0,0,0,0,0,1,0
2,-0.10005846487931183,0,0,0,0,0,0,0,0,0,0,0,0,0,1,0
6,0.6746847072579972,0,0,0,0,0,0,0,0,0,0,0,0,0,1,0
4,-0.01085776330076002,0,0,0,0,0,0,0,0,0,0,0,0,0,1,0
3,0.5761296249895598,1,0,0,0,0,0,0,0,0,0,0,0,0,1,0
5,0.5250146162198281,0,0,0,1,0,0,0,0,0,0,0,0,0,0,0
4,-0.7381608619393636,1,0,0,0,0,0,0,0,0,0,0,0,0,1,0
1,-0.6426125448926753,1,0,0,0,0,0,0,0,0,0,0,0,0,1,0
2,0.39873047690637275,0,0,0,0,0,0,0,0,0,0,0,0,0,1,0
4,0.7104318048943457,1,0,0,0,0,0,0,0,0,0,0,0,0,1,0
3,0.5874885158272781,0,0,0,0,0,0,0,0,0,0,0,0,0,1,0
3,0.3101979453770984,0,0,0,0,0,0,0,0,0,0,0,0,0,1,0
2,0.5019627495197527,0,0,0,0,0,0,0,0,0,0,0,0,0,1,0
3,-0.40374175227595427,1,0,0,0,0,0,0,0,0,0,0,0,0,1,0
2,-0.6790278125783012,1,0,0,0,0,0,0,0,0,0,0,0,0,1,0
3,0.14916896350121117,1,0,0,0,0,0,0,0,0,0,0,0,0,1,0
6,0.1936022717781676,1,0,0,0,0,0,0,0,0,0,0,0,0,1,0
4,0.2410423452768731,0,0,0,0,0,0,0,0,0,0,0,0,0,1,0
4,0.28347114340599683,0,0,0,0,0,0,0,0,0,0,0,0,0,1,0
2,-0.9112235864027395,0,1,0,0,0,0,0,0,0,0,0,0,0,0,0
5,0.1665413847824271,1,0,0,0,0,0,0,0,0,0,0,0,0,1,0
5,-0.5654389042011193,0,0,0,0,0,0,0,0,0,0,0,0,0,1,0
2,0.3806898855758792,1,0,0,0,0,0,0,0,0,0,0,0,0,1,0
6,-0.22868119936523842,1,0,0,0,0,0,0,0,0,0,0,0,0,1,0
2,0.5273532113922993,0,0,0,0,0,0,0,0,0,0,0,0,0,1,0
3,-0.3412678526685042,1,0,0,0,0,0,0,0,0,0,0,0,0,1,0
2,0.9676772738661992,1,0,0,0,0,0,0,0,0,0,0,0,0,1,0
2,0.5083103649878896,1,0,0,0,0,0,0,0,0,0,0,0,0,1,0
4,0.8487430050947967,0,0,0,0,0,0,0,0,0,0,0,0,0,1,0
3,0.3439405328656144,1,0,0,0,0,0,0,0,0,0,0,0,0,1,0
1,-0.6867117681449929,0,0,0,0,0,0,0,0,0,0,0,0,0,1,0
2,0.6556418608535873,0,0,0,0,0,0,0,0,0,0,0,0,0,1,0
2,0.3786853754280465,0,0,0,0,0,0,0,0,0,0,0,0,0,1,0
4,-0.5751273699156436,0,0,0,0,0,0,0,0,0,0,0,0,0,1,0
5,-0.17556168044767392,1,0,0,0,0,0,0,0,0,0,0,0,0,1,0
3,-0.6329240791781509,0,0,0,0,0,0,0,0,0,0,0,0,0,1,0
5,-0.40741668754698074,0,0,0,0,0,0,0,0,0,0,0,0,0,1,0
2,-0.005178317881900982,0,0,0,0,0,0,0,0,0,0,0,0,0,1,0
3,-0.41209387789192353,0,0,0,0,0,0,0,0,0,0,0,0,0,1,0
5,-0.4374843397644701,0,0,0,0,0,0,0,0,0,0,0,0,0,1,0
3,0.8464044099223254,0,0,0,0,0,1,0,0,0,0,0,0,0,0,0
4,-0.6656644115927505,0,0,0,0,0,0,0,0,0,0,0,0,0,1,0
3,-0.5754614549402824,1,0,0,0,0,0,0,0,0,0,0,0,0,1,0
2,0.9132214148500795,0,0,0,0,0,0,0,0,0,0,0,0,0,1,0
3,-0.6783596425290237,0,0,0,0,0,0,0,0,0,0,0,0,0,1,0
2,0.13279879729391136,1,0,0,0,0,0,0,0,0,0,0,0,0,1,0
2,-0.09671761463292407,0,0,0,0,0,0,0,0,0,0,0,0,0,1,0
4,1.1490854422450516,0,0,0,0,0,0,0,0,0,0,0,0,0,1,0
5,-0.667668921740583,0,0,0,0,0,0,0,0,0,0,0,0,0,1,0
3,-0.5587572037083439,0,0,0,0,0,0,0,0,0,0,0,0,0,1,0
2,-0.6406080347448426,1,0,0,0,0,0,0,0,0,0,0,0,0,1,0
2,-0.4384865948383864,1,0,0,0,0,0,0,0,0,0,0,0,0,0,0
1,-0.841059049528105,1,0,0,0,0,0,0,0,0,0,0,0,0,1,0
5,0.4351457445919987,1,0,0,0,0,0,0,0,0,0,0,0,0,1,0
4,-0.025891589409504673,0,0,0,0,0,0,0,0,0,0,0,0,0,1,0
2,0.542387037501044,1,0,0,0,0,0,0,0,0,0,0,0,0,1,0
3,-0.6933934686377683,0,0,0,1,0,0,0,0,0,0,0,0,0,0,0
2,-0.6295832289317631,0,0,0,0,0,0,0,0,1,0,0,0,0,0,0
1,-0.050613881232773765,0,0,0,0,0,0,0,0,0,0,0,0,0,1,0
3,0.0743339179821265,0,0,0,0,0,0,0,0,0,0,0,0,0,1,0
1,6.941364737325637,1,0,0,0,0,0,0,0,0,1,0,0,0,0,0
4,-0.5457278877474318,0,0,0,0,0,0,0,0,0,0,0,0,0,1,0
2,4.324229516411927,0,0,0,0,0,0,0,0,1,0,0,0,0,0,0
5,-0.31754781591915143,0,0,0,0,0,0,0,0,0,0,0,0,0,1,0
2,0.17790027562014543,1,0,0,0,0,0,0,0,0,0,0,0,0,1,0
2,-0.00016704251231935207,1,0,0,0,0,0,0,0,0,0,0,0,0,1,0
2,0.800300676522175,1,0,0,0,0,0,0,0,0,0,0,0,0,1,0
1,3.125866533032657,0,0,0,0,0,1,0,0,0,0,0,0,0,0,0
2,-0.7762465547481835,0,0,0,0,0,0,0,0,0,0,0,0,0,1,0
2,-0.77992149001921,0,0,0,0,0,0,0,0,1,0,0,0,0,0,0
4,-0.7906122108076505,0,0,0,0,0,0,0,0,0,0,0,0,0,1,0
2,-0.29950722458865786,0,0,0,0,0,0,0,0,0,0,0,0,0,1,0
3,-0.8056460369163954,1,0,0,0,0,0,0,0,0,0,0,0,0,1,0
2,-0.24805813079428718,0,0,0,0,0,0,0,1,0,0,0,0,0,0,0
0,3.4616219827946217,0,0,0,0,0,0,0,1,0,0,0,0,0,0,0
3,-0.18558423118683706,0,0,0,0,0,0,0,0,0,0,0,0,0,1,0
5,-0.7478493276538879,1,0,0,0,0,0,0,0,0,0,0,0,0,1,0
2,0.5674434143489518,0,0,0,0,0,0,0,0,0,0,0,0,0,1,0
2,-0.7004092541551825,1,0,0,0,0,0,0,0,0,0,0,0,0,1,0
2,-0.24505136557253826,0,0,0,0,1,0,0,0,0,0,0,0,0,0,0
2,-0.9021966090369999,1,0,0,0,0,0,0,0,0,0,0,0,0,1,0
4,-0.3078593502046271,0,0,0,0,0,0,0,0,0,0,0,0,0,1,0
3,6.941364737325637,0,0,0,0,0,0,0,0,0,0,0,0,1,0,0
3,-0.4612043765138228,0,1,0,0,0,0,0,0,0,0,0,0,0,0,0
3,1.5362899858013865,1,0,0,0,0,0,0,0,0,0,1,0,0,0,0
3,-0.2417105153261505,0,0,0,0,0,0,0,0,0,0,0,0,0,1,0
4,0.020212143990645637,0,0,0,0,0,0,0,0,0,0,0,0,0,1,0
1,-0.15952559926501292,1,0,0,0,0,0,0,0,0,0,0,0,0,1,0
3,0.9045352042094715,0,0,0,0,0,0,0,0,0,0,0,0,0,1,0
2,-0.6155516578969349,1,0,0,0,0,0,0,0,0,0,0,0,0,1,0
2,-0.6987388290319887,1,0,0,0,1,0,0,0,0,0,0,0,0,0,0
3,-0.24004009020295664,0,0,0,0,0,0,0,0,0,0,0,0,0,1,0
4,-0.7174475904117599,1,1,0,0,0,0,0,0,0,0,0,0,0,0,0
4,-0.5310281466633259,0,0,0,0,0,0,0,0,0,0,0,0,0,1,0
4,-0.3462791280380857,0,0,0,0,0,0,0,0,0,0,0,0,0,1,0
3,0.34160193769314295,1,0,0,0,0,0,0,0,0,0,0,0,0,1,0
1,-0.6011860018374676,1,0,0,0,0,0,0,0,0,0,0,0,0,1,0
3,-0.7204543556335088,0,0,0,0,0,0,0,0,0,0,0,0,0,1,0
1,-0.1364737325649378,0,0,0,0,1,0,0,0,0,0,0,0,0,0,0
2,-0.21464962833041012,1,0,0,0,0,0,0,0,0,0,0,0,0,1,0
2,-0.5751273699156436,1,0,0,0,0,0,0,0,0,0,0,0,0,1,0
3,-0.30886160527854345,1,0,0,0,1,0,0,0,0,0,0,0,0,0,0
2,0.6853754280464379,0,0,0,0,0,0,0,0,0,0,0,0,0,1,0
2,-0.40975528271945216,0,0,0,0,0,0,0,0,0,0,0,0,0,1,0
4,-0.23168796458698737,1,0,0,0,0,0,0,0,0,0,0,0,0,1,0
5,-0.13480330744174393,1,0,0,0,0,0,0,0,0,0,0,0,0,1,0
3,-0.4561931011442412,0,0,0,0,0,0,0,0,0,0,0,0,0,1,0
4,0.24705587572037097,1,0,0,0,0,0,0,0,0,0,0,0,0,1,0
3,0.5093126200618057,0,0,0,0,0,0,0,0,0,0,0,0,0,1,0
4,-0.9112235864027395,1,0,0,0,0,0,0,0,0,0,0,0,0,1,0
5,1.5075586736824522,0,0,0,0,0,1,0,0,0,0,0,0,0,0,0
2,1.222250062640942,0,0,0,0,1,0,0,0,0,0,0,0,0,0,0
3,-0.4541885909964086,0,0,0,0,0,0,0,0,0,0,0,0,0,1,0
4,0.8280297335671928,0,0,0,0,0,0,0,0,0,0,0,0,0,1,0
3,0.00016704251231935207,1,0,0,0,0,0,0,0,0,0,0,0,0,1,0
5,0.43013446922241716,0,0,0,0,0,0,0,0,0,0,0,0,0,1,0
2,0.43447757454272123,1,0,0,0,0,0,0,0,0,0,0,0,0,1,0
2,0.7485174977031656,0,0,0,0,0,0,0,0,0,0,0,0,0,1,0
3,-0.17890253069406167,0,0,0,0,0,0,0,0,0,0,0,0,0,1,0
5,-0.39138060636431976,0,0,0,0,0,0,0,0,0,0,0,0,0,1,0
3,-0.9062056293326652,1,0,0,0,0,0,0,0,0,0,0,0,0,1,0
3,1.2329407834293828,1,0,0,0,0,0,0,0,0,0,0,0,0,1,0
2,-0.43080263927169465,1,0,0,0,0,0,0,0,0,0,0,0,0,1,0
2,0.7582059634176899,0,0,0,0,0,0,0,0,0,0,0,0,0,1,0
2,-0.8864946128789778,0,0,0,0,0,0,0,0,0,0,0,0,0,1,0
3,-0.4779086277457613,1,0,0,0,0,0,0,0,0,0,0,0,0,1,0
5,0.14616219827946214,0,0,0,0,0,0,0,0,0,0,0,0,0,1,0
3,-0.9112235864027395,0,0,0,0,0,0,0,0,0,0,0,0,0,1,0
1,0.0038419777833458096,0,0,0,0,0,0,0,0,0,0,0,0,0,1,0
4,3.59525599265013,1,0,0,0,0,0,0,0,0,0,0,0,0,0,0
3,0.40741668754698074,0,0,0,0,0,0,0,0,0,0,0,0,0,1,0
3,-0.34059968261922663,0,0,0,0,0,0,0,0,0,0,0,0,0,1,0
6,-0.7672262590829366,1,0,0,0,0,0,0,0,0,0,0,0,0,1,0
2,2.4667167794203624,1,0,0,0,0,1,0,0,0,0,0,0,0,0,0
5,-0.20496116261588582,0,0,0,0,0,0,0,0,0,0,0,0,0,1,0
2,-0.5073081099139731,1,0,0,0,1,0,0,0,0,0,0,0,0,0,0
3,0.6566441159275036,0,0,0,0,0,0,0,0,0,0,0,0,0,1,0
2,-0.351624488432306,1,0,0,0,0,0,0,0,0,0,0,0,0,1,0
4,-0.8350455190846071,1,0,0,0,0,0,0,0,0,0,0,0,0,1,0
2,1.2182410423452772,1,0,0,0,0,0,0,0,0,0,0,0,0,1,0
3,-0.44617055040507814,0,0,0,0,0,0,0,0,0,0,0,0,0,1,0
1,0.7498538378017207,1,0,0,0,0,0,0,0,0,0,0,0,0,1,0
3,0.5073081099139732,0,0,0,0,0,0,0,0,0,0,0,0,0,1,0
3,-0.10339931512569946,0,0,0,0,0,0,0,0,0,0,0,0,0,0,0
2,1.6121272863943874,1,0,0,0,0,0,0,0,0,0,0,0,0,1,0
6,-0.2667668921740583,1,0,0,0,0,0,0,0,0,0,0,0,0,1,0
4,0.4789108828196777,0,0,0,0,0,0,0,0,0,0,0,0,0,1,0
2,-0.23836966507976287,0,0,0,0,0,0,0,0,0,0,0,0,0,1,0
2,-0.31587739079595756,1,0,0,0,0,0,0,0,0,0,0,0,0,1,0
2,-0.23302430468554253,0,0,0,0,0,0,0,0,0,0,0,0,0,1,0
3,0.730142821348033,0,0,0,0,0,0,0,0,0,0,0,0,0,1,0
1,0.3218909212394554,0,0,0,0,0,0,0,0,0,0,0,0,0,1,0
4,-0.5564186085358724,1,0,0,0,0,0,0,0,0,0,0,0,0,1,0
4,-0.517664745677775,0,0,0,0,0,0,0,0,0,0,0,0,0,1,0
1,0.3653219744424957,1,0,0,0,0,0,0,0,0,0,0,0,0,1,0
3,-0.26543055207550326,1,0,0,0,0,0,0,0,0,0,0,0,0,1,0
5,0.6940616386870458,0,0,0,0,0,0,0,0,0,0,0,0,0,1,0
2,0.36799465463960584,0,0,0,0,0,0,0,0,0,0,0,0,0,1,0
2,-0.306523010106072,0,0,0,0,1,0,0,0,0,0,0,0,0,0,0
3,0.36198112419610795,1,0,0,0,0,0,0,0,0,0,0,0,0,1,0
1,-0.11342186586486261,0,0,0,0,0,0,0,0,0,0,0,0,0,1,0
3,-0.048609371084941067,0,0,0,0,0,0,0,0,0,0,0,0,0,1,0
4,0.2550739163117013,0,0,0,0,0,0,0,0,0,0,0,0,0,1,0
3,0.3462791280380858,0,0,0,0,0,0,0,0,0,0,0,0,0,1,0
3,-0.7057546145494029,1,0,0,0,0,0,0,0,0,0,0,0,0,1,0
3,0.33692474734820016,0,0,0,0,0,0,0,0,0,0,0,0,0,1,0
1,-0.40474400734987054,0,0,0,0,0,0,0,0,0,0,0,0,0,1,0
4,-0.8450680698237703,0,0,0,0,0,0,0,0,0,0,0,0,0,1,0
1,-0.8921740582978368,0,0,0,0,0,0,0,0,0,0,0,0,0,1,0
3,-0.7047523594754865,0,0,0,0,0,0,0,0,0,0,0,0,0,1,0
1,0.20395890754196935,0,0,0,0,0,0,0,0,0,0,0,0,0,0,0
3,0.72012027060887,1,0,0,0,0,0,0,0,0,0,0,0,0,1,0
3,-0.3720036749352711,1,0,0,0,0,0,0,0,0,0,0,0,0,1,0
2,-0.28948467384949467,0,0,0,0,0,0,0,0,0,0,0,0,0,1,0
3,6.941364737325637,0,0,0,0,0,0,0,0,0,0,0,1,0,0,0
2,0.00016704251231935207,0,0,0,0,0,0,0,0,0,0,0,0,0,1,0
3,0.5029650045936691,0,0,0,0,0,0,0,0,0,0,0,0,0,1,0
2,-0.8387204543556336,1,0,0,0,0,0,0,0,0,0,0,0,0,1,0
6,-0.6362649294245386,0,0,0,0,0,0,0,0,0,0,0,0,0,1,0
2,0.39873047690637275,0,0,0,0,0,0,0,0,0,0,0,0,0,1,0
2,0.36498788941785676,1,0,0,0,0,0,0,0,0,0,0,0,0,1,0
3,0.26977365739580733,1,0,0,0,0,0,0,0,0,0,0,0,0,1,0
2,1.4290486928923414,1,0,0,0,0,0,0,0,0,0,0,0,0,1,0
3,0.09103816921406503,1,0,0,0,0,0,0,0,0,0,0,0,0,1,0
2,-0.15752108911718032,1,0,0,0,0,0,0,0,0,0,0,0,0,1,0
4,-0.4738996074500961,0,0,0,0,0,0,0,0,0,0,0,0,0,1,0
2,0.27712352793786027,0,0,0,0,1,0,0,0,0,0,0,0,0,0,0
5,0.07667251315459792,0,0,0,0,0,0,0,0,0,0,0,0,0,1,0
2,0.5727887747431722,1,0,0,0,0,0,0,0,1,0,0,0,0,0,0
2,2.0126952309362736,0,0,0,0,0,1,0,0,0,0,0,0,0,0,0
4,0.20295665246805322,1,0,0,0,0,0,0,0,0,0,0,0,0,1,0
1,0.8981875887413346,0,0,0,0,0,0,0,0,0,0,0,0,0,1,0
2,-0.41977783345861525,1,0,0,0,0,0,0,0,0,0,0,0,0,1,0
3,0.7281383112002006,0,0,0,0,0,0,0,0,0,0,0,0,0,1,0
3,0.6589827110999751,0,0,0,0,0,0,0,0,0,0,0,0,0,1,0
4,3.3533784348116598,1,0,0,0,0,0,0,0,0,0,0,0,0,0,0
3,-0.5310281466633259,1,0,0,0,0,0,0,0,0,0,0,0,0,1,0
4,0.8751357220412596,1,0,0,0,0,0,0,0,0,0,0,0,0,1,0
5,-0.5210055959241627,0,0,0,0,0,0,0,0,0,0,0,0,0,1,0
1,0.1130877808402239,0,0,0,0,0,0,0,0,0,0,0,0,0,1,0
4,0.44650463542971697,0,0,0,0,0,0,0,0,0,0,0,0,0,1,0
2,0.9108828196776081,1,0,0,0,0,0,0,0,0,0,0,0,0,1,0
1,0.020212143990645637,1,0,0,0,0,0,0,0,0,0,0,0,0,1,0
2,-0.04794120103566354,0,0,0,0,0,0,0,0,0,0,0,0,0,1,0
3,-0.0786770233024305,1,0,0,0,0,0,0,0,0,0,0,0,0,1,0
4,0.5286895514908546,0,0,0,0,0,0,0,0,0,0,0,0,0,1,0
5,-0.11809905620980542,0,0,0,0,0,0,0,0,0,0,0,0,0,1,0
2,-0.33592249227428383,0,0,0,0,0,0,0,0,0,0,0,0,0,1,0
2,6.941364737325637,0,0,0,0,0,0,0,0,0,0,0,0,0,0,1
2,1.6839555666917232,0,0,0,0,0,1,0,0,0,0,0,0,0,0,0
2,-0.2507308109913973,0,0,0,0,0,0,0,0,0,0,0,0,0,1,0
4,0.06932264261254488,1,0,0,0,0,0,0,0,0,0,0,0,0,1,0
3,0.11475820596341765,1,0,0,0,0,0,0,0,0,0,0,0,0,1,0
5,2.333082769564854,1,0,0,0,0,1,0,0,0,0,0,0,0,0,0
2,1.0675686962331914,0,0,0,0,0,0,0,0,0,0,0,0,0,1,0
3,0.33993151256994897,1,0,0,0,0,0,0,0,0,0,0,0,0,1,0
4,-0.06230685709513066,0,0,0,0,0,0,0,0,0,0,0,0,0,1,0
2,-0.42679361897602947,0,0,0,0,0,0,0,0,0,0,0,0,0,1,0
2,-0.8407249645034661,1,0,0,0,0,0,0,0,0,0,0,0,0,1,0
3,6.941364737325637,0,0,0,0,0,0,0,0,0,0,0,1,0,0,0
3,-0.058631921824104205,0,0,0,0,0,0,0,0,0,0,0,0,0,1,0
3,0.11208552576630755,1,0,0,0,0,0,0,0,0,0,0,0,0,1,0
2,-0.18959325148250233,1,0,0,0,0,0,0,0,0,0,0,0,0,1,0
4,1.2827194521005596,0,0,0,0,0,0,0,0,0,0,0,0,0,1,0
2,0.4084189426208971,0,0,0,0,0,0,0,0,0,0,0,0,0,1,0
2,0.2841393134552745,0,0,0,0,0,0,0,0,0,0,0,0,0,1,0
5,0.5316963167126034,1,0,0,0,0,0,0,0,0,0,0,0,0,1,0
1,1.3819427044182744,1,0,0,0,0,0,0,0,0,0,0,0,0,1,0
2,-0.11542637601269519,0,0,0,0,0,0,0,0,0,0,0,0,0,1,0
2,-0.8624404911049863,0,0,0,0,0,0,0,0,0,0,0,0,0,1,0
2,-0.9112235864027395,1,0,0,0,0,0,0,0,0,0,0,0,0,1,0
2,0.1752275954230351,0,0,0,0,0,0,0,0,0,0,0,0,0,1,0
2,-0.10774242044600356,1,0,0,0,0,0,0,0,0,0,0,0,0,1,0
3,6.941364737325637,0,0,0,0,0,1,0,0,0,0,0,0,0,0,0
2,0.8494111751440742,1,0,0,0,0,0,0,0,0,0,0,0,0,1,0
2,0.7508560928756369,1,0,0,0,0,0,0,0,0,0,0,0,0,1,0
5,0.5460619727720705,0,0,0,0,0,0,0,0,0,0,0,0,0,1,0
3,-0.7271360561262842,1,0,0,1,0,0,0,0,0,0,0,0,0,0,0
2,0.07533617305604273,0,0,0,0,0,0,0,0,0,0,0,0,0,1,0
3,-0.021548484089200688,1,0,0,0,0,0,0,0,0,0,0,0,0,1,0
5,0.9980790111083272,0,0,0,0,0,0,0,0,0,0,0,0,0,1,0
4,0.8911718032239204,0,0,0,0,1,0,0,0,0,0,0,0,0,0,0
4,6.941364737325637,1,0,0,0,0,0,0,0,0,1,0,0,0,0,0
2,0.06832038753862864,1,0,0,0,0,0,0,0,0,0,0,0,0,1,0
2,0.02956652468053125,0,0,0,0,0,0,0,0,0,0,0,0,0,1,0
4,0.814666332581642,1,0,0,0,0,0,0,0,0,0,0,0,0,1,0
4,-0.32924079178150845,0,0,0,0,0,0,0,0,0,0,0,0,0,1,0
2,0.8370500292324398,1,0,0,0,0,0,0,0,0,0,0,0,0,1,0
2,-0.899189843815251,0,0,0,0,0,0,0,0,0,0,0,0,0,1,0
4,0.8413931345527438,1,0,0,0,0,0,0,0,0,0,0,0,0,1,0
2,-0.13714190261421536,0,0,0,0,0,0,0,0,0,0,0,0,0,1,0
4,-0.10273114507642193,0,0,0,0,0,0,0,0,0,0,0,0,0,1,0
2,-0.562766224004009,0,0,0,0,0,0,0,0,0,0,0,0,0,1,0
3,-0.35997661404827525,1,0,0,0,0,0,0,0,0,0,0,0,0,1,0
6,-0.21130877808402238,1,0,0,0,0,0,0,0,0,0,0,0,0,1,0
2,-0.28580973857846825,0,0,0,0,0,0,0,0,0,0,0,0,0,1,0
1,-0.6372671844984549,0,0,0,0,0,0,0,0,0,0,0,0,0,1,0
6,0.29349369414515986,1,0,0,0,0,0,0,0,0,0,0,0,0,1,0
3,0.14014866783596427,0,0,0,0,0,0,0,0,0,0,0,0,0,1,0
2,-0.6596508811492524,1,0,0,0,0,0,0,0,0,0,0,0,0,1,0
5,6.941364737325637,0,0,0,0,0,0,0,0,0,0,0,0,1,0,0
5,0.14549402823018448,0,0,0,0,0,0,0,0,0,0,0,0,0,1,0
4,-0.7648876639104653,0,0,0,0,0,0,0,0,0,0,0,0,0,1,0
4,-0.38436482084690554,1,0,0,0,0,0,0,0,0,0,0,0,0,1,0
5,-0.26075336173056046,0,0,0,0,0,0,0,0,0,0,0,0,0,1,0
3,-0.2159859684289652,1,0,0,0,0,0,0,0,1,0,0,0,0,0,0
2,-0.3145410506974025,1,0,0,0,0,0,0,0,0,0,0,0,0,1,0
3,0.19727720704919408,0,0,0,0,0,0,0,0,0,0,0,0,0,1,0
3,-0.200283972270943,1,0,0,0,0,0,0,0,0,0,0,0,0,1,0
2,-0.008519168128288616,1,0,0,0,0,0,0,0,0,0,0,0,0,1,0
6,-0.3770149503048526,0,0,0,0,0,0,0,0,0,0,0,0,0,1,0
3,4.804309696817841,0,0,0,0,0,0,0,0,0,0,0,0,1,0,0
2,0.08502463877056718,0,0,0,0,0,0,0,0,0,0,0,0,0,1,0
3,-0.9112235864027395,0,0,0,0,0,0,0,0,0,0,0,0,0,1,0
2,-0.04125950054288815,0,0,0,0,0,0,0,0,0,0,0,0,0,1,0
3,6.941364737325637,0,0,0,0,0,0,0,1,0,0,0,0,0,0,0
3,-0.07767476822851414,1,0,0,0,0,0,0,0,0,0,0,0,0,1,0
2,-0.013530443497870246,1,0,0,0,0,0,0,0,0,0,0,0,0,1,0
3,-0.717113505387121,1,0,0,0,0,0,0,0,0,0,0,0,0,1,0
4,4.262757871878393,0,0,0,0,0,0,0,0,0,0,0,0,1,0,0
2,6.941364737325637,0,0,0,0,0,1,0,0,0,0,0,0,0,0,0
4,1.0598847406664997,1,0,0,0,0,0,0,0,0,0,0,0,0,1,0
4,-0.9062056293326652,1,0,0,0,0,0,0,0,0,0,0,0,0,1,0
1,-0.4331412344441661,1,0,0,0,0,0,0,0,0,0,0,0,0,1,0
1,-0.6686711768144994,1,0,0,0,0,0,0,0,0,0,0,0,0,1,0
3,-0.6389376096216488,0,0,0,0,0,0,0,0,0,0,0,0,0,1,0
3,1.544308026392717,1,1,0,0,0,0,0,0,0,0,0,0,0,0,0
3,-0.2500626409421198,0,0,0,0,0,0,0,0,0,0,0,0,0,1,0
1,-0.0031738077340682826,0,0,0,0,0,0,0,0,0,0,0,0,0,1,0
4,-0.11074918566775249,0,0,0,0,0,0,0,0,0,0,0,0,0,1,0
6,-0.9112235864027395,0,0,0,0,0,0,0,0,0,0,0,0,0,1,0
1,-0.2413764303015118,0,0,0,0,0,0,0,0,0,0,0,0,0,1,0
3,-0.33391798212645124,0,0,0,0,0,0,0,0,0,0,0,0,0,1,0
6,-0.9112235864027395,0,0,0,0,0,0,0,0,0,0,0,0,0,1,0
1,-0.9112235864027395,0,0,0,0,0,0,0,0,0,0,0,0,0,1,0
6,0.24271277040006686,0,0,0,0,1,0,0,0,0,0,0,0,0,0,0
2,1.1781508393886244,0,0,0,0,0,0,0,0,0,0,0,0,0,0,0
5,-0.4919401987805897,0,0,0,0,0,0,0,0,0,0,0,0,0,1,0
2,0.31955232606698397,1,0,0,0,0,0,0,0,0,0,0,0,0,1,0
4,-0.5788023051866701,1,0,0,0,0,0,0,0,0,0,0,0,0,1,0
3,0.021548484089200688,0,0,0,0,0,0,0,0,0,0,0,0,0,1,0
3,-0.528021381441577,1,0,0,0,0,0,0,0,0,0,0,0,0,1,0
2,-0.0035078927587071057,1,0,0,0,0,0,0,0,0,0,0,0,0,1,0
3,0.5210055959241627,1,0,0,0,0,0,0,0,0,0,0,0,0,1,0
5,0.4575294412427963,1,0,0,0,0,0,0,0,0,0,0,0,0,1,0
3,0.14616219827946214,0,0,0,0,0,0,0,0,0,0,0,0,0,1,0
4,-0.9112235864027395,0,0,0,0,0,0,0,0,0,0,0,0,0,1,0
2,0.7131044850914559,1,0,0,0,0,0,0,0,0,0,0,0,0,1,0
3,1.3949720203791864,1,0,0,0,0,0,0,0,0,0,0,0,0,1,0
3,0.2764553578885826,1,0,0,0,0,0,0,0,0,0,0,0,0,1,0
2,-0.058631921824104205,0,0,0,0,0,0,0,0,0,0,0,0,0,1,0
4,3.8661989476321725,1,0,0,0,0,0,0,1,0,0,0,0,0,0,0
5,0.46955650212979205,1,0,0,0,0,0,0,0,0,0,0,0,0,1,0
3,1.795874049945711,1,0,0,0,0,0,0,0,0,0,0,0,0,1,0
4,0.44717280547899435,0,0,0,0,0,0,0,0,0,0,0,0,0,1,0
2,5.22291823269022,0,0,0,0,0,1,0,0,0,0,0,0,0,0,0
2,1.020128622734486,1,0,0,0,0,0,0,0,0,0,0,0,0,1,0
3,0.16487095965923337,0,0,0,0,0,0,0,0,0,0,0,0,0,1,0
1,0.00885325315292744,1,0,0,0,0,0,0,0,0,0,0,0,0,1,0
3,0.5798045602605862,1,0,0,0,0,0,0,0,0,0,0,0,0,1,0
2,-0.12311033157938692,1,0,0,0,0,0,0,0,0,0,0,0,0,1,0
4,0.04092541551824944,1,0,0,0,0,0,0,0,0,0,0,0,0,1,0
5,-0.39305103148751364,0,0,0,0,0,0,0,0,0,0,0,0,0,1,0
2,0.1792366157187005,1,0,0,0,0,0,0,0,1,0,0,0,0,0,0
4,-0.45218408084857603,0,0,0,0,0,0,0,0,0,0,0,0,0,1,0
2,-0.28180071828280295,0,0,0,0,0,0,0,0,0,0,0,0,0,1,0
5,-0.3315793869539798,0,0,0,0,0,0,0,0,0,0,0,0,0,1,0
3,0.15585066399398645,0,0,0,0,0,0,0,0,0,0,0,0,0,1,0
3,0.3636515493193017,1,0,0,0,0,0,0,0,0,0,0,0,0,1,0
4,1.3395139062891506,0,0,0,0,0,0,0,0,0,0,0,0,0,1,0
1,1.229934018207634,1,0,0,0,0,0,0,1,0,0,0,0,0,0,0
1,-0.9112235864027395,0,0,0,0,0,0,0,0,0,0,0,0,0,1,0
2,0.10941284556919732,1,0,0,0,0,0,0,0,0,0,0,0,0,1,0
2,0.24672179069573202,0,0,0,0,0,0,0,0,0,0,0,0,0,1,0
0,0.6198947632172388,0,0,0,0,0,0,0,0,0,0,0,0,0,1,0
3,-0.16687546980706594,1,0,0,0,0,0,0,0,0,0,0,0,0,1,0
5,-0.6987388290319887,0,0,0,0,0,0,0,0,0,0,0,0,0,1,0
3,-0.6376012695230937,0,0,0,0,0,0,0,0,0,0,0,0,0,1,0
2,-0.6295832289317631,0,0,0,0,0,0,0,0,0,0,0,0,0,1,0
1,0.3626492942453854,0,0,0,0,0,0,0,0,0,0,0,0,0,1,0
2,-0.3699991647874384,1,0,1,0,0,0,0,0,0,0,0,0,0,0,0
4,6.941364737325637,0,0,0,0,0,1,0,0,0,0,0,0,0,0,0
5,0.7418357972103901,0,0,0,0,0,0,0,0,0,0,0,0,0,1,0
1,0.11642863108661153,0,0,0,0,0,0,0,0,0,0,0,0,0,1,0
3,-0.38703750104401574,1,0,0,0,0,0,0,0,0,0,0,0,0,1,0
1,2.0808485759625825,0,0,0,0,0,0,0,0,0,0,0,0,0,0,0
3,0.15551657896934776,1,0,0,0,0,0,0,0,0,0,0,0,0,1,0
4,0.12845569197360726,1,0,0,0,0,0,0,0,0,0,0,0,0,1,0
4,0.7919485509062056,1,0,0,0,1,0,0,0,0,0,0,0,0,0,0
2,6.941364737325637,0,0,0,0,0,1,0,0,0,0,0,0,0,0,0
4,-0.7251315459784515,1,0,0,0,0,0,0,0,0,0,0,0,0,1,0
4,1.432723628163368,1,0,0,0,0,0,0,0,0,0,0,0,0,1,0
4,0.5250146162198281,1,0,0,0,1,0,0,0,0,0,0,0,0,0,0
3,0.383696650797628,1,0,0,0,0,0,0,0,0,0,0,0,0,1,0
2,-0.23836966507976287,0,0,0,0,0,0,0,0,0,0,0,0,0,1,0
1,-0.9112235864027395,1,0,0,0,0,0,0,0,1,0,0,0,0,0,0
2,2.8796458698738827,0,0,0,0,0,0,0,0,0,0,0,0,0,0,0
4,0.4555249310949636,1,0,0,0,0,0,0,0,0,0,0,0,0,1,0
5,-0.7421698822350289,1,0,0,0,0,0,0,0,0,0,0,0,0,1,0
3,3.3797711517581224,0,0,0,0,0,1,0,0,0,0,0,0,0,0,0
2,-0.43815250981374765,1,0,0,0,0,0,0,0,0,0,0,0,0,1,0
2,0.7608786436148,0,0,0,0,0,0,0,0,0,0,0,0,0,1,0
2,-0.22467217906957326,0,0,0,0,0,0,0,0,0,0,0,0,0,1,0
3,6.941364737325637,0,0,0,0,0,0,0,1,0,0,0,0,0,0,0
2,0.8213480330744175,0,0,0,0,0,0,0,0,0,0,0,0,0,1,0
2,0.032239204877641356,0,0,0,0,0,0,0,0,0,0,0,0,0,1,0
3,0.4017372421281216,0,0,0,0,0,0,0,0,0,0,0,0,0,1,0
6,-0.40273949720203794,1,0,0,0,0,0,0,0,0,0,0,0,0,1,0
2,0.25373757621314624,1,0,0,0,0,0,0,0,0,0,0,0,0,1,0
3,1.4273782677691471,1,0,0,0,0,0,0,0,1,0,0,0,0,0,0
3,3.4272112252568285,0,0,0,0,0,1,0,0,0,0,0,0,0,0,0
2,-0.9112235864027395,1,0,0,0,0,0,0,0,0,0,0,0,0,1,0
2,4.049611626158858,1,0,0,0,0,1,0,0,0,0,0,0,0,0,0
2,-0.551407333166291,1,0,0,0,0,0,0,0,0,0,0,0,0,1,0
3,-0.6964002338595172,1,0,0,0,0,0,0,0,0,0,0,0,0,1,0
3,1.1029817088449012,1,0,0,0,0,0,0,0,0,0,0,0,0,1,0
2,-0.30685709513071074,0,0,0,0,0,0,0,0,0,0,0,0,0,1,0
3,0.24571953562181567,1,0,0,0,0,0,0,0,0,0,0,0,0,1,0
1,0.5721206046938947,1,0,0,0,0,0,0,0,0,0,0,0,0,1,0
3,-0.1959408669506389,0,0,0,0,0,0,0,0,0,0,0,0,0,1,0
3,-0.3492858932598346,1,0,0,0,0,0,0,0,0,0,0,0,0,1,0
2,0.6496283304100894,1,0,0,0,0,0,0,0,0,0,0,0,0,1,0
2,-0.3168796458698739,0,0,0,0,1,0,0,0,0,0,0,0,0,0,0
4,-0.5133216403574711,1,0,0,0,0,0,0,0,0,0,0,0,0,1,0
5,3.7158606865447257,0,0,0,0,0,0,0,1,0,0,0,0,0,0,0
3,-0.4184414933600602,1,0,0,0,1,0,0,0,0,0,0,0,0,0,0
4,-0.2737826776914725,0,0,0,0,0,0,0,0,0,0,0,0,0,0,0
4,0.9957404159358557,1,0,0,0,0,0,0,0,0,0,0,0,0,1,0
4,0.7498538378017207,1,0,0,0,0,0,0,0,0,0,0,0,0,1,0
2,-0.0422617556168045,1,0,0,0,0,0,0,0,0,0,0,0,0,1,0
3,-0.10072663492858935,1,0,0,1,0,0,0,0,0,0,0,0,0,0,0
3,-0.7775828948467385,1,0,0,0,0,0,0,0,0,0,0,0,0,1,0
1,6.941364737325637,0,0,0,0,0,0,0,0,0,0,0,1,0,0,0
3,-0.9112235864027395,0,0,0,0,0,0,0,0,0,0,0,0,0,1,0
5,-0.17222083020128628,1,0,0,0,0,0,0,0,0,0,0,0,0,1,0
1,-0.7060886995740416,0,0,0,0,0,0,0,0,0,0,0,0,0,1,0
6,0.47724045769648366,1,0,0,0,0,0,0,0,0,0,0,0,0,1,0
4,0.3442746178902531,1,0,0,0,0,0,0,0,0,0,0,0,0,1,0
5,1.0221331328823187,0,0,0,0,0,0,0,0,0,0,0,0,0,1,0
6,-0.8160026726801972,1,0,0,0,0,0,0,0,0,0,0,0,0,1,0
4,0.5039672596675855,1,0,0,0,0,0,0,0,0,0,0,0,0,1,0
6,0.39806230685709515,1,0,0,0,0,0,0,0,0,0,0,0,0,1,0
2,0.9366073665747933,0,0,0,0,0,0,0,0,0,0,0,0,0,1,0
3,-0.6506305854840058,0,0,0,0,0,0,0,0,0,0,0,0,0,1,0
4,0.19861354714774912,0,0,0,0,0,0,0,0,0,0,0,0,0,1,0
2,-0.8330410089367745,1,0,0,0,0,0,0,0,0,0,0,0,0,0,0
4,0.5437233775995991,1,0,0,0,0,0,0,0,0,0,0,0,0,1,0
2,0.29950722458865797,0,0,0,0,0,0,0,0,0,0,0,0,0,1,0
3,0.07800885325315296,0,0,0,0,0,0,0,0,0,0,0,0,0,1,0
3,1.0956318383028483,0,0,0,1,0,0,0,0,0,0,0,0,0,0,0
4,0.3248976864612044,1,0,0,0,0,0,0,0,0,0,0,0,0,1,0
2,0.1267852668504135,0,0,0,0,0,0,0,0,0,0,0,0,0,0,0
2,-0.3666583145410508,1,0,0,0,0,0,0,0,0,0,0,0,0,1,0
1,-0.9112235864027395,0,0,0,0,0,0,0,0,0,0,0,0,0,1,0
4,0.019543973941368108,1,0,0,0,0,0,0,0,0,0,0,0,0,1,0
2,0.9870542052952478,1,0,0,0,0,0,0,0,0,0,0,0,0,1,0
3,-0.9112235864027395,0,0,0,0,0,0,0,0,0,0,0,0,0,1,0
6,-0.7585400484423286,1,0,0,0,0,0,0,0,0,0,0,0,0,1,0
1,0.08435646872128953,1,0,0,0,0,0,0,0,0,0,0,0,0,1,0
1,-0.4394888499123027,1,0,0,0,0,0,0,0,0,0,0,0,0,1,0
5,-0.34460870291489193,1,0,0,0,0,0,0,0,0,0,0,0,0,1,0
2,-0.11976948133299929,0,0,0,0,0,0,0,0,0,0,0,0,0,1,0
2,-0.10640608034744839,0,0,0,0,0,0,0,0,0,0,0,0,0,1,0
3,-0.8971853336674185,1,0,0,0,0,0,0,0,0,0,0,0,0,1,0
2,0.8390545393802724,1,0,0,0,0,1,0,0,0,0,0,0,0,0,0
5,-0.5941702163200535,0,0,0,0,0,0,0,0,0,0,0,0,0,1,0
1,-0.3786853754280465,0,0,0,0,0,0,0,0,0,0,0,0,0,1,0
3,-0.33892925749603275,0,0,0,0,1,0,0,0,0,0,0,0,0,0,0
1,-0.39405328656142996,1,0,0,0,0,0,0,0,0,0,0,0,0,1,0
4,0.23603106990729136,1,0,0,0,0,0,0,0,0,0,0,0,0,1,0
4,0.3365906623235615,0,0,0,0,0,0,0,0,0,0,0,0,0,1,0
5,1.8403073582226677,0,0,0,0,0,0,0,0,0,0,0,0,0,0,0
4,-0.3228931763133718,0,0,0,0,0,0,0,0,0,0,0,0,0,1,0
3,0.07333166290821015,1,0,0,0,0,0,0,0,0,0,0,0,0,1,0
5,0.16019376931429055,0,0,0,0,0,0,0,0,0,0,0,0,0,0,0
2,-0.05896600684874303,1,0,0,0,0,0,0,0,0,0,0,0,0,1,0
3,-0.3716695899106323,0,0,0,0,0,0,0,0,0,0,0,0,0,1,0
1,-0.8470725799716029,1,0,0,0,0,0,0,0,0,0,0,0,0,1,0
2,-0.01854171886745176,0,0,0,0,0,0,0,0,0,0,0,0,0,1,0
4,1.0809320972187422,1,0,0,0,1,0,0,0,0,0,0,0,0,0,0
2,3.834794955316128,1,0,0,0,0,1,0,0,0,0,0,0,0,0,0
6,2.195105654389042,0,0,0,1,0,0,0,0,0,0,0,0,0,0,0
4,-0.44450012528188426,1,0,0,0,0,0,0,0,0,0,0,0,0,1,0
2,0.3786853754280465,1,0,0,0,0,0,0,0,0,0,0,0,0,1,0
2,1.0378351290403407,0,0,0,0,0,0,0,0,0,0,0,0,0,1,0
2,-0.5580890336590663,1,0,0,0,0,0,0,0,0,0,0,0,0,1,0
5,-0.2597511066566441,1,0,0,0,0,0,0,0,0,0,0,0,0,1,0
3,0.8707926167209555,1,0,0,0,0,0,0,0,0,0,0,0,0,1,0
2,0.1936022717781676,0,0,0,0,0,0,0,0,0,0,0,0,0,1,0
3,-0.08268604359809577,0,0,0,0,0,1,0,0,0,0,0,0,0,0,0
5,-0.3188841560177066,0,0,0,0,0,0,0,0,0,0,0,0,0,1,0
2,-0.6933934686377683,1,0,0,0,0,0,0,0,0,0,0,0,0,1,0
2,0.021882569113839512,0,0,0,0,0,0,0,0,0,0,0,0,0,1,0
5,-0.443497870207968,1,0,0,0,0,0,0,0,0,0,0,0,0,1,0
4,-0.443497870207968,1,0,0,0,0,0,0,0,0,0,0,0,0,0,0
2,-0.325565856510482,0,0,0,0,0,0,0,0,0,0,0,0,0,1,0
2,0.5554163534619562,1,0,0,0,0,0,0,0,0,0,0,0,0,1,0
5,0.3696650797627996,0,0,0,0,0,0,0,0,0,0,0,0,0,1,0
3,1.020128622734486,0,0,0,0,0,0,0,0,0,0,0,0,0,1,0
3,1.875386285809739,0,0,0,0,1,0,0,0,0,0,0,0,0,0,0
4,-0.19761129207383277,1,0,0,0,0,0,0,0,0,0,0,0,0,1,0
6,-0.9112235864027395,0,0,0,0,0,0,0,0,0,0,0,0,0,1,0
3,-0.1932681867535288,0,0,0,0,0,0,0,0,0,0,0,0,0,1,0
3,-0.2510648960160361,0,0,0,0,0,0,0,0,0,0,0,0,0,1,0
3,-0.32022049611626163,1,0,0,0,0,0,0,0,0,0,0,0,0,1,0
3,0.2390378351290404,1,0,0,0,0,0,0,0,0,0,0,0,0,1,0
2,0.9974108410590495,1,0,0,0,0,0,0,0,0,0,0,0,0,1,0
1,-0.504635429716863,1,0,0,0,1,0,0,0,0,0,0,0,0,0,0
2,-0.13914641276204792,0,0,0,0,1,0,0,0,0,0,0,0,0,0,0
2,1.1069907291405663,0,0,0,0,0,0,0,0,0,0,0,0,0,1,0
3,6.941364737325637,1,0,0,0,0,0,0,0,0,0,0,1,0,0,0
2,-0.736156351791531,1,0,0,0,0,0,0,0,0,0,0,0,0,1,0
3,-0.6122108076505471,1,0,0,0,0,0,0,0,0,0,0,0,0,1,0
4,0.6105403825273532,1,0,0,0,0,0,0,0,0,0,0,0,0,1,0
2,-0.38670341601937697,0,0,0,1,0,0,0,0,0,0,0,0,0,0,0
3,-0.00985550822684379,1,0,0,0,0,0,0,0,0,0,0,0,0,1,0
5,0.8574292157354048,0,0,0,0,0,0,0,0,0,0,0,0,0,1,0
2,-0.1859183162114759,0,0,0,0,0,0,0,0,0,0,0,0,0,1,0
5,-0.6523010106071996,1,0,0,0,0,0,0,0,0,0,0,0,0,1,0
3,2.9277541134218663,0,0,0,0,0,0,0,0,0,0,0,1,0,0,0
2,1.3752610039254993,0,0,0,0,0,0,0,0,0,0,0,0,0,1,0
1,0.1314624571953563,0,0,0,0,0,0,0,0,0,0,0,0,0,1,0
3,0.08769731896767728,0,0,0,0,0,0,0,0,0,0,0,0,0,1,0
3,-0.8273615635179153,0,0,0,0,0,0,0,0,0,0,0,0,0,1,0
1,-0.9112235864027395,0,0,0,0,0,0,0,0,0,0,0,0,0,1,0
4,0.4431637851833292,1,0,0,0,0,0,0,0,0,0,0,0,0,1,0
3,-0.0973857846822016,1,0,0,0,0,0,0,0,0,0,0,0,0,1,0
6,-0.2413764303015118,1,0,0,0,0,0,0,0,1,0,0,0,0,0,0
2,0.38536707592082176,1,0,0,0,0,0,0,0,0,0,0,0,0,1,0
2,-0.7789192349452937,0,0,0,0,0,0,0,0,0,0,0,0,0,1,0
2,-0.5707842645953396,0,0,0,0,0,0,0,0,0,0,0,0,0,1,0
1,1.0802639271694647,1,0,0,0,0,0,0,0,0,0,0,0,0,1,0
2,-0.9112235864027395,0,0,0,0,0,0,0,0,0,0,0,0,0,1,0
1,-0.5594253737576212,1,0,0,0,0,0,0,0,0,0,0,0,0,1,0
1,0.3766808652802138,0,0,0,0,0,0,0,0,0,0,0,0,0,1,0
1,0.44650463542971697,1,0,0,0,0,0,0,0,0,0,0,0,0,1,0
3,-0.1364737325649378,0,0,0,0,0,0,0,0,0,0,0,0,0,1,0
4,0.131796542219995,1,1,0,0,0,0,0,0,0,0,0,0,0,0,0
1,-0.6536373507057546,0,0,0,0,0,0,0,0,0,0,0,0,0,1,0
6,-0.4578635262674351,0,0,0,0,0,0,0,0,0,0,0,0,0,1,0
3,-0.10339931512569946,0,0,0,0,0,0,0,0,0,0,0,0,0,1,0
1,2.8843230602188257,1,0,0,0,0,0,0,0,0,0,0,1,0,0,0
2,-0.1795707007433392,1,0,0,0,0,0,0,0,0,0,0,0,0,1,0
3,-0.44115927503549657,0,0,0,0,0,0,0,0,0,0,0,0,0,1,0
5,6.941364737325637,1,0,0,0,0,0,0,0,0,0,0,1,0,0,0
2,0.584815835630168,1,0,0,0,0,0,0,0,0,0,0,0,0,1,0
4,-0.4825858180907041,0,0,0,0,0,0,0,0,0,0,0,0,0,1,0
3,0.8063142069656728,1,0,0,0,0,0,0,0,0,0,0,0,0,1,0
2,-0.6870458531696317,1,0,0,0,0,1,0,0,0,0,0,0,0,0,0
1,1.2162365321974444,1,0,0,0,1,0,0,0,0,0,0,0,0,0,0
2,0.5554163534619562,0,0,0,0,0,0,0,0,0,0,0,0,0,1,0
3,-0.3733400150338262,0,0,0,0,0,0,0,0,0,0,0,0,0,1,0
6,-0.753528773072747,0,0,0,0,0,0,0,0,0,0,0,0,0,1,0
3,-0.6980706589827111,0,0,0,0,0,0,0,0,0,0,0,0,0,1,0
6,-0.01186001837467637,1,0,0,0,0,0,0,0,0,0,0,0,0,1,0
3,-0.015534953645702829,0,0,0,0,0,0,0,0,0,0,0,0,0,1,0
5,0.300843564687213,0,0,0,0,0,0,0,0,0,0,0,0,0,1,0
1,0.30685709513071086,0,0,0,0,0,0,0,0,0,0,0,0,0,1,0
6,0.42980038419777844,0,0,0,0,0,0,0,0,0,0,0,0,0,1,0
4,0.11074918566775249,0,0,0,0,0,0,0,0,0,0,0,0,0,1,0
5,-0.504635429716863,0,0,0,0,0,0,0,0,0,0,0,0,0,1,0
2,-0.057963751774826676,0,0,0,0,0,0,0,0,0,0,0,0,0,1,0
4,0.265764637100142,1,0,0,0,0,0,0,0,0,0,0,0,0,1,0
4,-0.08034744842562437,0,0,0,0,0,0,0,0,0,0,0,0,0,1,0
2,1.092959158105738,0,0,0,0,0,0,0,0,0,0,0,0,0,1,0
4,0.26075336173056046,1,0,0,0,0,0,0,0,0,0,0,0,0,1,0
3,-0.7592082184916062,1,0,0,0,0,0,0,0,0,0,0,0,0,1,0
2,-0.8397227094295499,0,0,0,0,1,0,0,0,0,0,0,0,0,0,0
1,-0.6994069990812662,0,0,0,0,0,0,0,0,0,0,0,0,0,1,0
1,-0.8079846320888666,1,0,0,0,0,0,0,0,0,0,0,0,0,1,0
5,1.00275620145327,0,0,0,0,0,0,0,0,0,0,0,0,0,1,0
3,-0.8864946128789778,1,0,0,0,0,0,0,0,0,0,0,0,0,1,0
2,-0.865781341351374,1,0,0,0,0,0,0,0,0,0,0,0,0,0,0
3,0.43447757454272123,1,0,0,0,0,0,0,0,0,0,0,0,0,1,0
5,-0.443497870207968,0,0,0,0,0,0,0,0,0,0,0,0,0,1,0
4,-0.5928338762214983,1,0,0,0,0,0,0,0,0,0,0,0,0,1,0
5,-0.7518583479495532,0,0,0,0,1,0,0,0,0,0,0,0,0,0,0
1,6.941364737325637,1,0,0,0,0,0,0,1,0,0,0,0,0,0,0
2,-0.3442746178902531,0,0,0,0,0,0,0,0,0,0,0,0,0,1,0
3,-0.08903365906623234,1,0,0,0,0,0,0,0,0,0,0,0,0,1,0
1,6.941364737325637,0,0,0,0,0,0,0,0,0,0,0,0,0,0,1
6,0.24237868537542814,0,0,0,0,0,0,0,0,0,0,0,0,0,1,0
3,-0.7932848910047609,0,0,0,0,0,0,0,0,0,0,0,0,0,1,0
2,0.7608786436148,1,0,0,0,0,0,0,0,0,0,0,0,0,1,0
3,0.5931679612461372,0,0,0,0,0,0,0,0,0,0,0,0,0,1,0
2,6.941364737325637,1,0,0,0,0,1,0,0,0,0,0,0,0,0,0
5,-0.2707759124697236,0,0,0,0,0,0,0,0,0,0,0,0,0,1,0
3,0.120103566357638,1,0,0,0,0,0,0,0,0,0,0,0,0,1,0
3,0.49761964419944893,0,0,0,0,0,0,0,0,0,0,0,0,0,1,0
3,0.3867034160193771,0,0,0,0,0,0,0,0,0,0,0,0,0,1,0
3,-0.894846738494947,0,0,0,0,0,0,0,0,0,0,0,0,0,1,0
3,0.21732230852752035,0,0,0,0,0,0,0,0,0,0,0,0,0,1,0
1,-0.590495281049027,0,0,0,0,0,0,0,0,0,0,0,0,0,1,0
2,-0.08335421364737329,0,0,0,0,0,0,0,0,0,0,0,0,0,1,0
6,0.23536289985801395,1,0,0,0,0,0,0,0,0,0,0,0,0,1,0
1,0.07767476822851414,0,0,0,0,0,0,0,0,0,0,0,0,0,1,0
3,-0.14415768813162955,0,0,0,0,0,0,0,0,0,0,0,0,0,1,0
4,0.3666583145410508,1,0,0,0,0,0,0,0,0,0,0,0,0,1,0
2,0.17222083020128628,1,0,0,0,0,0,0,0,0,0,0,0,0,1,0
2,-0.008519168128288616,1,0,0,0,0,0,0,0,0,0,0,0,0,1,0
4,-0.7769147247974609,1,0,0,0,0,0,0,0,0,0,0,0,0,1,0
2,0.5136557253821098,0,0,0,0,0,0,0,0,0,0,0,0,0,1,0
4,-0.5814749853837803,0,0,0,0,0,0,0,0,0,0,0,0,0,1,0
4,-0.35930844399899775,1,0,0,0,1,0,0,0,0,0,0,0,0,0,0
2,0.07099306773573875,1,0,0,0,0,0,0,0,0,0,0,0,0,1,0
2,0.772571619477157,0,0,0,0,0,0,0,0,0,0,0,0,0,1,0
2,-0.6696734318884158,1,0,0,0,0,0,0,0,0,0,0,0,0,1,0
2,0.032239204877641356,1,0,0,0,0,0,0,0,0,0,0,0,0,1,0
2,0.3091956903031823,1,0,0,0,0,0,0,0,0,0,0,0,0,0,0
4,-0.814666332581642,1,0,0,0,0,0,0,0,0,0,0,0,0,1,0
3,0.5457278877474318,1,0,0,0,0,0,0,0,0,0,0,0,0,1,0
3,0.10506974024889333,0,0,0,0,0,0,0,0,0,0,0,0,0,1,0
5,-0.7495197527770818,1,0,0,0,0,0,0,0,0,0,0,0,0,1,0
3,0.44717280547899435,0,0,0,0,0,0,0,0,0,0,0,0,0,1,0
4,-0.6332581642027896,1,0,0,0,0,0,0,0,0,0,0,0,0,1,0
1,-0.038920905370416745,1,0,0,0,0,0,0,0,0,0,0,0,0,1,0
4,-0.07967927837634683,0,0,0,0,0,0,0,0,0,0,0,0,0,1,0
2,0.14549402823018448,0,0,0,0,1,0,0,0,0,0,0,0,0,0,0
4,-0.49929006932264264,1,0,0,0,0,0,0,0,0,0,0,0,0,0,0
5,-0.4034076672513155,0,0,0,0,0,0,0,0,0,0,0,0,0,1,0
2,-0.7004092541551825,0,0,0,0,0,0,0,0,0,0,0,0,0,1,0
1,0.013864528522508952,1,0,0,0,0,0,0,0,0,0,0,0,0,1,0
6,0.8320387538628582,1,0,0,0,0,0,0,0,0,0,0,0,0,1,0
1,-0.7822600851916813,0,0,0,0,0,0,0,0,0,0,0,0,0,1,0
4,0.479913137893594,0,0,0,0,0,0,0,0,0,0,0,0,0,1,0
6,0.43781842478910876,1,0,0,0,0,0,0,0,0,0,0,0,0,1,0
3,-0.6055291071577718,0,0,0,0,0,0,0,0,0,0,0,0,0,1,0
2,-0.6857095130710766,1,0,0,0,0,0,0,0,0,0,0,0,0,1,0
2,0.3693309947381609,0,0,0,0,0,0,0,0,0,0,0,0,0,1,0
2,-0.309529775327821,0,0,0,0,0,0,0,0,0,0,0,0,0,1,0
2,-0.8480748350455191,0,0,0,0,0,0,0,0,0,0,0,0,0,1,0
4,0.05529107157771657,1,0,0,0,0,0,0,0,0,0,0,0,0,1,0
2,-0.032907374926918885,1,0,0,0,0,0,0,0,0,0,0,0,0,1,0
2,1.83696650797628,1,0,0,0,0,0,0,0,0,0,0,0,0,1,0
4,2.463710014198614,0,0,0,0,0,0,0,0,0,0,0,0,0,0,0
2,0.7558673682452185,0,0,0,0,0,0,0,0,0,0,0,0,0,1,0
3,-0.16186419443748432,0,0,0,0,0,0,0,0,0,0,0,0,0,1,0
4,-0.17656393552159028,0,0,0,0,0,0,0,0,0,0,0,0,0,1,0
2,0.4401570199615802,0,0,0,0,0,0,0,0,0,0,0,0,0,1,0
5,-0.21498371335504884,1,0,0,0,0,0,0,0,0,0,0,0,0,1,0
3,-0.41142570784264604,0,0,0,0,0,0,0,0,0,0,0,0,0,1,0
3,-0.35062223335838977,0,0,0,0,0,0,0,0,0,0,0,0,0,1,0
4,-0.38636933099473825,0,0,0,0,0,0,0,0,0,0,0,0,0,1,0
3,0.38837384114257084,0,0,0,0,0,0,0,0,0,0,0,0,0,1,0
3,-0.13313288231855006,1,0,0,0,0,0,0,0,0,0,0,0,0,1,0
4,-0.1839138060636432,0,0,0,0,0,0,0,0,0,0,0,0,0,1,0
3,-0.24004009020295664,1,0,0,0,0,0,0,0,0,0,0,0,0,1,0
1,-0.16052785433892927,1,0,0,0,0,0,0,0,0,0,0,0,0,1,0
1,-0.9088783095297753,1,0,0,0,0,0,0,0,0,0,0,0,0,1,0
5,-0.9112235864027395,0,0,0,0,0,0,0,0,0,0,0,0,0,1,0
2,-0.24972855591748105,1,0,0,0,0,0,0,0,0,0,0,0,0,1,0
2,-0.032907374926918885,1,0,0,0,0,0,0,0,0,0,0,0,0,1,0
4,-0.8150004176062808,0,0,0,0,0,0,0,0,0,0,0,0,0,1,0
2,0.4795790528689551,0,0,0,0,0,0,0,0,0,0,0,0,0,1,0
5,-0.5457278877474318,1,0,0,0,0,0,0,0,0,0,0,0,0,1,0
5,-0.4441660402572455,0,0,0,0,0,0,0,0,0,0,0,0,0,1,0
4,2.416938110749186,1,0,0,0,0,0,1,0,0,0,0,0,0,0,0
2,0.29516411926835384,1,0,0,0,0,0,0,0,0,0,0,0,0,1,0
4,-0.860101895932515,0,0,0,0,0,0,0,0,0,0,0,0,0,1,0
4,-0.34460870291489193,0,0,0,0,0,0,0,0,0,0,0,1,0,0,0
1,0.775578384698906,1,0,0,0,0,0,0,0,0,0,0,0,0,1,0
3,0.09905620980539548,1,0,0,0,1,0,0,0,0,0,0,0,0,0,0
4,0.1795707007433392,0,0,0,0,0,0,0,0,0,0,0,0,0,1,0
4,-0.1959408669506389,0,0,0,0,0,0,0,0,0,0,0,0,0,1,0
2,-0.4795790528689552,0,0,0,0,0,0,0,0,0,0,0,0,0,1,0
2,-0.3238954313872881,0,0,0,0,0,0,0,0,0,0,0,0,0,1,0
2,1.1544308026392718,0,0,0,0,0,0,0,0,0,0,0,0,0,1,0
6,2.2402071327152764,0,0,0,0,0,1,0,0,0,0,0,0,0,0,0
3,0.6462874801637016,1,0,0,0,0,0,0,0,0,0,0,0,0,1,0
1,-0.31186837050029237,1,0,0,0,0,1,0,0,0,0,0,0,0,0,0
3,-0.3683287396642445,1,0,0,0,0,0,0,0,0,0,0,0,0,1,0
5,0.6272446337592917,0,0,0,0,0,0,0,0,1,0,0,0,0,0,0
5,-0.2691054873465297,1,0,0,0,0,0,0,0,0,0,0,0,0,1,0
4,-0.35329491355549986,0,0,0,0,0,0,0,0,0,0,0,0,0,1,0
5,-0.5677774993735906,0,0,0,0,0,0,0,0,0,0,0,0,0,1,0
3,-0.09771986970684042,1,0,0,0,0,0,0,0,0,0,0,0,0,1,0
5,0.3943873715860687,1,0,0,0,0,0,0,0,0,0,0,0,0,1,0
4,0.8781424872630084,0,0,0,0,0,0,0,0,0,0,0,0,0,1,0
4,-0.5440574626242379,0,0,0,0,0,1,0,0,0,0,0,0,0,0,0
3,0.2944959492190762,0,0,0,0,0,0,0,0,0,0,0,0,0,1,0
6,-0.5574208636097888,0,0,0,0,0,0,0,0,0,0,0,0,0,1,0
6,-0.4100893677440909,0,0,0,0,0,0,0,0,0,0,0,0,0,1,0
4,-0.2590829366073666,0,0,0,0,0,0,0,0,0,0,0,0,0,1,0
2,-0.05295247640524517,1,0,0,0,0,0,0,0,0,0,0,0,0,1,0
1,-0.5286895514908544,1,0,0,0,0,0,0,0,0,0,0,0,0,1,0
4,-0.363317464294663,1,0,0,0,0,0,0,0,0,0,0,0,0,1,0
0,-0.8183412678526686,0,0,0,0,0,0,0,0,0,0,0,0,0,1,0
4,0.5914975361229433,1,0,0,0,0,0,0,0,1,0,0,0,0,0,0
2,1.2646788607700663,0,0,0,0,0,0,0,0,0,0,0,0,0,1,0
2,-0.8941785684456696,1,0,0,0,0,0,0,0,0,0,0,0,0,1,0
3,1.180489434561096,0,0,0,0,0,0,0,0,0,0,0,0,0,1,0
2,0.677691472479746,0,0,0,0,0,0,0,0,0,0,0,0,0,1,0
3,4.262423786853755,0,0,0,1,0,0,0,0,0,0,0,0,0,0,0
3,0.7141067401653721,0,0,0,0,0,0,0,0,0,0,0,0,0,1,0
3,-0.23569698488265264,1,0,0,0,0,0,0,0,0,0,0,0,0,1,0
4,0.17890253069406156,0,0,0,0,0,0,0,0,0,0,0,0,0,1,0
2,0.1912636766056962,0,0,0,0,0,0,0,0,0,0,0,0,0,1,0
1,0.657312285976781,1,0,0,0,0,0,0,0,0,0,0,0,0,1,0
5,-0.306523010106072,0,0,0,0,0,0,0,0,0,0,0,0,0,1,0
2,-0.4371502547398314,0,0,0,0,0,0,0,0,0,0,0,0,0,1,0
2,-0.131796542219995,0,0,0,0,0,0,0,0,0,0,0,0,0,1,0
3,-0.9112235864027395,0,0,0,0,0,0,0,0,0,0,0,0,0,1,0
4,0.2370333249812077,1,0,0,0,0,0,0,0,0,0,0,0,0,1,0
2,0.06497953729224089,0,0,0,0,0,0,0,0,0,0,0,0,0,1,0
3,-0.8574292157354048,1,0,0,0,0,0,0,0,0,0,0,0,0,1,0
2,-0.7501879228263593,0,0,0,0,0,0,0,0,0,0,0,0,0,1,0
3,0.38236031069907295,0,0,0,0,0,0,1,0,0,0,0,0,0,0,0
3,-0.6489601603608119,0,0,0,0,0,0,0,0,0,0,0,0,0,1,0
6,-0.034243715025473936,0,0,0,0,0,0,0,0,0,0,0,0,0,1,0
5,-0.568779754447507,0,0,0,0,0,0,0,0,0,0,0,0,0,1,0
4,-0.41710515326150505,1,0,0,0,0,0,0,0,0,0,0,0,0,1,0
3,0.13480330744174382,0,0,0,0,0,0,0,0,0,0,0,0,0,1,0
4,-0.33391798212645124,0,0,0,0,0,0,0,0,0,0,0,0,0,1,0
3,-0.6964002338595172,0,0,0,0,0,0,0,0,0,0,0,0,0,1,0
2,0.7090954647957907,1,0,0,0,0,0,0,0,0,0,0,0,0,1,0
2,-0.8641109162281803,1,0,0,0,0,0,0,0,0,0,0,0,0,1,0
2,-0.5129875553328322,0,0,0,0,0,0,0,0,0,0,0,0,0,1,0
2,0.04627077591246978,1,0,0,0,0,0,0,0,0,0,0,0,0,1,0
5,-0.14783262340265602,0,0,0,0,0,0,0,0,0,0,0,0,0,1,0
4,-0.2958322893176314,1,0,0,0,0,0,0,0,0,0,0,0,0,1,0
2,-0.12979203207216242,1,0,0,0,0,0,0,0,0,0,0,0,0,1,0
3,-0.529357721540132,1,0,0,0,0,0,0,0,0,0,0,0,0,1,0
2,-0.683705002923244,0,0,0,0,0,0,0,0,0,0,0,0,0,1,0
3,-0.6810323227261338,1,0,0,0,0,1,0,0,0,0,0,0,0,0,0
2,-0.8266933934686379,1,0,0,0,0,0,0,0,0,0,0,0,0,1,0
6,1.1470809320972188,1,0,0,0,0,0,0,0,0,0,0,0,0,1,0
5,0.14883487847657223,0,0,0,0,0,0,0,0,0,0,0,0,0,1,0
5,-0.1882569113839473,1,0,0,0,0,0,0,0,0,0,0,0,0,1,0
4,0.04593669088783096,1,0,0,0,0,0,0,0,0,0,0,0,0,1,0
2,0.25073081099139743,0,0,0,0,0,0,0,0,0,0,0,0,0,1,0
5,-0.6690052618391381,1,0,0,0,0,0,0,0,0,0,0,0,0,1,0
4,-0.0813497034995406,0,0,0,0,0,0,0,0,0,0,0,0,0,1,0
4,-0.7815919151424038,0,0,0,0,0,0,0,0,0,0,0,0,0,1,0
2,-0.4424956151340516,1,0,0,0,0,0,0,0,0,0,0,0,0,1,0
3,-0.6466215651883405,1,0,0,0,0,0,0,0,0,0,0,0,0,1,0
3,0.32924079178150834,0,0,0,0,0,0,0,0,0,0,0,0,0,1,0
4,-0.6793618976029401,1,0,0,0,0,0,0,0,0,0,0,0,0,1,0
2,-0.07299757788357134,1,0,0,0,0,0,0,0,0,0,0,0,0,1,0
4,0.3877056710932932,1,0,0,0,0,0,0,0,0,0,0,0,0,1,0
2,5.643197193685793,0,0,0,0,0,1,0,0,0,0,0,0,0,0,0
2,1.902781257830118,0,0,0,0,0,0,0,0,0,0,0,0,0,0,0
2,0.29249143907124375,0,0,0,0,0,0,0,0,0,0,0,0,0,1,0
2,2.036081182660987,0,1,0,0,0,0,0,0,0,0,0,0,0,0,0
3,-0.289150588824856,0,0,0,0,0,0,0,0,0,0,0,0,0,1,0
2,0.7675603441075755,0,0,0,0,0,0,0,0,0,0,0,0,0,1,0
4,0.8995239288398897,0,0,0,0,0,0,0,0,0,0,0,0,0,1,0
3,-0.07834293827779167,1,0,0,0,0,0,0,0,0,0,0,0,0,1,0
4,0.3532949135555,1,0,0,0,0,0,0,0,0,0,0,0,0,1,0
4,0.9589910632255909,0,0,0,0,0,0,0,0,0,0,0,0,0,1,0
6,-0.7237952058798964,0,0,0,0,0,0,0,0,0,0,0,0,0,1,0
1,-0.9112235864027395,1,0,0,0,0,0,0,0,0,0,0,0,0,1,0
2,0.7274701411509229,1,0,0,0,0,0,0,0,0,0,0,0,0,1,0
2,-0.6613213062724465,0,0,0,0,0,0,0,0,0,0,0,0,0,1,0
5,-0.5036331746429467,1,0,0,0,0,0,0,0,0,0,0,0,0,1,0
1,1.014449177315627,0,0,0,0,0,0,0,0,0,0,0,0,0,1,0
3,1.2242545727887748,0,0,0,0,0,0,0,0,0,0,0,0,0,1,0
3,0.5911634510983046,1,0,0,0,0,0,0,0,0,0,0,0,0,1,0
1,-0.5253487012444668,1,0,0,0,0,0,0,0,0,0,0,0,0,1,0
3,0.8734652969180658,1,0,0,0,0,1,0,0,0,0,0,0,0,0,0
2,0.6212311033157939,0,0,0,0,0,0,0,0,0,0,0,0,0,1,0
3,0.6633258164202789,1,0,0,0,0,0,0,0,0,0,0,0,0,1,0
4,-0.13012611709680114,0,0,0,0,0,0,0,0,0,0,0,0,0,1,0
3,-0.4191096634093377,1,0,0,0,0,0,0,0,0,0,0,0,0,1,0
4,-0.8243547982961664,1,0,0,0,0,0,0,0,0,0,0,0,0,1,0
3,0.8611041510064311,1,0,0,0,0,0,0,0,0,0,0,0,0,1,0
2,0.593502046270776,1,0,0,0,0,0,0,0,0,0,0,0,0,1,0
2,-0.5734569447924497,0,0,0,0,0,0,0,0,0,0,0,0,0,1,0
1,0.6098722124780758,0,0,0,0,0,0,0,0,0,0,0,0,0,1,0
3,1.0899523928839892,1,0,0,0,0,0,0,0,0,0,0,0,0,1,0
4,-0.6112085525766309,1,0,0,0,0,0,0,0,0,0,0,0,0,1,0
5,-0.5811409003591415,1,0,0,0,0,0,0,0,0,0,0,0,0,1,0
2,0.2848074835045519,0,0,0,0,0,0,0,0,0,0,0,0,0,1,0
5,-0.04059133049361062,0,0,0,0,0,0,0,0,0,0,0,0,0,1,0
4,-0.48091539296751024,0,0,0,0,0,0,0,0,0,0,0,0,0,1,0
2,-0.5367075920821849,0,0,0,0,0,0,0,0,0,0,0,0,0,1,0
4,-0.9112235864027395,1,0,0,0,0,0,0,0,0,0,0,0,0,1,0
5,0.5226760210473567,1,0,0,0,0,0,0,0,0,0,0,0,0,1,0
3,0.2821348033074418,0,0,0,0,0,0,0,0,0,0,0,0,0,1,0
4,-0.6703416019376931,1,0,0,0,0,0,0,0,0,0,0,0,0,1,0
3,-0.30585484005679453,1,0,0,0,0,0,0,0,0,0,0,0,0,1,0
2,0.14683036832873977,1,0,0,0,0,0,0,0,0,0,0,0,0,1,0
2,0.13680781758957652,1,0,0,0,1,0,0,0,0,0,0,0,0,0,0
2,-0.3242295164119268,1,0,0,0,0,0,0,0,0,0,0,0,0,1,0
4,-0.45051365572538216,0,0,0,0,0,0,0,0,0,0,0,0,0,1,0
2,0.3355884072496451,0,0,0,0,0,0,0,0,0,0,0,0,0,0,0
2,1.6027729057045017,0,0,0,0,0,0,0,0,0,0,0,0,0,1,0
2,0.49695147415017127,0,0,0,0,0,0,0,0,0,0,0,0,0,1,0
1,0.015200868621064005,0,0,0,0,0,0,0,0,0,0,0,0,0,1,0
6,-0.5079762799632507,1,0,0,0,0,0,0,0,0,0,0,0,0,1,0
3,-0.3699991647874384,0,0,0,0,0,0,0,0,0,0,0,0,0,1,0
2,-0.6653303265681116,1,0,0,0,0,0,0,0,0,0,0,0,0,1,0
5,-0.4718950973022635,1,0,0,0,0,0,0,0,0,0,0,0,0,1,0
2,0.013196358473231425,1,0,0,0,0,0,0,0,0,0,0,0,0,1,0
2,-0.9078760544558592,0,0,0,0,0,0,0,0,0,0,0,0,0,1,0
2,-0.6933934686377683,1,0,0,0,0,0,0,0,0,0,0,0,0,1,0
2,0.5326985717865197,1,1,0,0,0,0,0,0,0,0,0,0,0,0,0
3,1.108995239288399,1,0,0,0,0,0,0,0,0,0,0,0,0,1,0
2,-0.7257997160277292,0,0,0,0,0,0,0,0,0,0,0,0,0,1,0
3,0.23068570951307113,1,0,0,0,0,0,0,0,0,0,0,0,0,1,0
2,0.19594086695063903,1,0,0,0,0,0,0,0,0,0,0,0,0,1,0
2,0.09237450931262009,0,0,0,0,0,0,0,0,0,0,0,0,0,1,0
4,0.9636682535705338,1,0,0,0,0,0,0,0,0,0,0,0,0,1,0
3,-0.06264094211976949,0,0,0,0,0,0,0,0,0,0,0,0,0,1,0
6,-0.014532698571786478,0,0,0,0,0,0,0,0,0,0,0,0,0,1,0
3,0.6359308443998997,0,0,0,1,0,0,0,0,0,0,0,0,0,0,0
2,-0.7802555750438488,0,0,0,0,0,0,0,0,0,0,0,0,0,1,0
2,-0.6609872212478076,1,0,0,0,0,0,0,0,0,0,0,0,0,1,0
3,-0.7251315459784515,1,0,0,0,0,0,0,0,0,0,0,0,0,1,0
2,0.8006347615468139,0,0,0,0,0,0,0,0,0,0,0,0,0,1,0
6,-0.1588574292157354,0,0,0,0,0,0,0,0,0,0,0,0,0,1,0
3,6.941364737325637,1,0,0,0,0,0,0,1,0,0,0,0,0,0,0
2,2.628079846320889,0,0,0,0,0,1,0,0,0,0,0,0,0,0,0
5,-0.865781341351374,0,0,0,0,0,1,0,0,0,0,0,0,0,0,0
3,-0.8180071828280298,0,0,0,0,0,0,0,0,0,0,0,0,0,1,0
2,-0.39305103148751364,0,0,0,0,0,0,0,0,0,0,0,0,0,1,0
2,-0.5864862607533617,0,0,0,0,0,0,0,0,0,0,0,0,0,1,0
4,0.4401570199615802,0,0,0,0,0,0,0,0,0,0,0,0,0,1,0
2,-0.05428881650380022,1,0,0,0,0,0,0,0,0,0,0,0,0,1,0
5,-0.021548484089200688,1,0,0,0,0,0,0,0,0,0,0,0,0,1,0
2,0.7762465547481835,0,0,0,0,0,0,0,0,0,0,0,0,0,1,0
4,0.15752108911718046,0,0,0,0,0,0,0,0,0,0,0,0,0,1,0
4,0.022884824187755743,1,0,0,0,0,0,0,0,0,0,0,0,0,1,0
5,-0.4692224171051533,1,0,0,0,0,0,0,0,0,0,0,0,0,1,0
3,0.9556502129792032,1,0,0,0,0,0,0,0,0,0,0,0,0,1,0
2,0.2801302931596091,1,0,0,0,0,0,0,0,0,0,0,0,0,1,0
3,0.5457278877474318,1,0,0,0,0,0,0,0,0,0,0,0,0,1,0
4,-0.05896600684874303,0,0,0,0,0,0,0,0,0,0,0,0,0,1,0
5,-0.35329491355549986,0,0,0,0,0,0,0,0,0,0,0,0,0,1,0
3,0.06898855758790617,0,0,0,0,0,0,0,0,0,0,0,0,0,1,0
2,-0.022216654138478217,0,0,0,0,1,0,0,0,0,0,0,0,0,0,0
2,-0.21932681867535295,0,0,0,0,0,0,0,0,0,0,0,0,0,1,0
1,0.12177399148083198,1,0,0,0,0,0,0,0,0,0,0,0,0,1,0
5,0.19594086695063903,1,0,0,0,0,0,0,0,0,0,0,0,0,1,0
3,0.7324814165205045,1,1,0,0,0,0,0,0,0,0,0,0,0,0,0
4,0.5417188674517667,1,0,0,0,0,0,0,0,0,0,0,0,0,1,0
3,0.3579721039004428,1,0,0,0,0,0,0,0,0,0,0,0,0,1,0
3,0.5497369080430969,1,0,0,0,0,0,0,0,0,0,0,0,0,1,0
3,0.38937609621648717,0,0,0,0,0,0,0,0,0,0,0,0,0,1,0
3,-0.6446170550405079,1,0,0,0,0,0,0,0,0,0,0,0,0,1,0
2,-0.7789192349452937,0,0,0,0,0,0,0,0,0,0,0,0,0,1,0
4,-0.16754363985634346,1,0,0,0,0,0,0,0,0,0,0,0,0,1,0
2,-0.5534118433141234,0,0,0,0,0,0,0,0,0,0,0,0,0,1,0
3,-0.522007850998079,0,0,0,0,0,0,0,0,0,0,0,0,0,1,0
3,-0.2029566524680531,0,0,0,0,0,0,0,0,0,0,0,0,0,1,0
3,5.868704585316963,1,0,0,0,0,0,0,0,0,0,0,0,1,0,0
1,-0.2597511066566441,1,0,0,0,1,0,0,0,0,0,0,0,0,0,0
2,-0.025223419360227147,1,0,0,0,1,0,0,0,0,0,0,0,0,0,0
2,-0.30418441493360066,1,0,0,0,0,0,0,0,0,0,0,0,0,1,0
1,0.15818925916645785,1,0,0,0,0,0,0,0,0,0,0,0,0,1,0
3,-0.6242378685375429,1,0,0,0,0,0,0,0,0,0,0,0,0,1,0
3,-0.755199198195941,1,0,0,0,0,0,0,0,0,0,0,0,0,1,0
3,-0.586152175728723,0,0,0,0,0,0,0,0,0,0,0,0,0,1,0
3,0.27712352793786027,0,0,0,0,0,0,0,0,0,0,0,0,0,1,0
2,-0.21565188340432637,0,0,0,0,0,0,0,0,0,0,0,0,0,1,0
4,-0.6760210473565523,1,0,0,0,0,0,0,0,0,0,0,0,0,1,0
4,2.2328572621732232,1,0,0,0,0,0,0,0,0,0,0,0,0,1,0
3,0.044934435813914604,0,0,0,0,0,0,0,0,0,0,0,0,0,1,0
4,-0.8864946128789778,1,0,0,0,0,0,0,0,0,0,0,0,0,1,0
1,0.5026309195690304,0,0,0,0,0,0,0,0,0,0,0,0,0,1,0
3,1.0304852584982878,1,0,0,0,0,0,0,0,0,0,0,0,0,1,0
3,-0.43982293493694147,1,0,0,0,0,0,0,0,0,0,0,0,0,1,0
1,0.2410423452768731,0,0,0,0,0,0,0,0,0,0,0,0,0,1,0
2,0.32757036665831457,0,0,0,0,1,0,0,0,0,0,0,0,0,0,0
1,0.44550238035580064,1,0,0,0,0,0,0,0,0,0,0,0,0,1,0
3,-0.9112235864027395,0,0,0,0,0,0,0,0,0,0,0,0,0,1,0
2,0.11976948133299929,1,0,0,0,0,0,0,0,0,0,0,0,0,1,0
4,4.297502714440825,0,0,0,0,0,0,0,0,0,0,0,0,0,0,0
3,0.797293911300426,1,0,0,0,0,0,0,0,0,0,0,0,0,1,0
4,-0.8697903616470393,0,0,0,0,0,0,0,0,0,0,0,0,0,1,0
1,-0.15418023887079257,0,0,0,0,0,0,0,0,0,0,0,0,0,1,0
2,-0.6015200868621066,0,0,0,0,0,0,0,0,0,0,0,0,0,1,0
5,0.6175561680447674,0,0,0,0,0,0,0,0,0,0,0,0,0,1,0
2,-0.8186753528773073,1,0,0,0,0,0,0,0,0,0,0,0,0,1,0
2,-0.6122108076505471,0,0,0,0,0,0,0,0,0,0,0,0,0,1,0
4,1.4738160861939362,0,0,0,0,0,0,0,0,0,0,0,0,0,0,0
2,1.9208218491606117,0,0,0,0,0,0,0,0,1,0,0,0,0,0,0
2,-0.9112235864027395,1,0,0,0,0,0,0,0,0,0,0,0,0,1,0
3,0.23068570951307113,1,0,0,0,0,0,0,0,0,0,0,0,0,1,0
2,0.405746262423787,0,0,0,0,0,0,0,0,0,0,0,0,0,1,0
4,-0.007182828029733563,1,0,0,0,0,0,0,0,0,0,0,0,0,1,0
4,-0.522007850998079,0,0,0,0,0,0,0,0,0,0,0,0,0,1,0
2,0.5550822684373174,0,0,0,0,0,0,0,0,0,0,0,0,0,1,0
2,0.9028647790862775,0,0,0,0,0,0,0,0,0,0,0,0,0,1,0
3,0.013864528522508952,0,0,0,0,0,0,0,0,0,0,0,0,0,1,0
3,0.25874885158272776,1,0,0,0,0,0,0,0,0,0,0,0,0,1,0
1,0.947298087363234,0,0,0,0,0,0,0,0,0,0,0,0,0,1,0
4,0.6994069990812664,0,0,0,0,0,0,0,0,0,0,0,0,0,1,0
4,-0.35830618892508154,0,0,0,0,0,0,0,0,0,0,0,0,0,1,0
4,-0.19226593167961245,0,0,0,0,0,0,0,0,0,0,0,0,0,1,0
3,-0.1244466716779421,0,0,0,0,0,0,0,0,0,0,0,0,0,1,0
4,-0.5363735070575462,1,0,0,0,0,0,0,0,0,0,0,0,0,1,0
5,0.5998496617389125,1,0,0,0,0,0,0,0,0,0,0,0,0,1,0
2,0.6055291071577718,0,1,0,0,0,0,0,0,0,0,0,0,0,0,0
2,0.3810239706005179,0,0,0,0,0,0,0,0,0,0,0,0,0,1,0
2,0.052618391380606346,0,0,0,0,0,0,0,0,0,0,0,0,0,1,0
4,-0.37100141986135476,1,0,0,0,0,0,0,0,0,0,0,0,0,1,0
4,-0.9112235864027395,0,0,0,0,0,0,0,0,0,0,0,0,0,1,0
4,-0.6045268520838554,0,0,0,0,0,0,0,0,0,0,0,0,0,1,0
2,6.067819260001671,0,0,0,0,0,1,0,0,0,0,0,0,0,0,0
3,0.5791363902113088,0,0,0,0,0,0,0,0,0,0,0,0,0,1,0
3,0.22166541384782423,0,0,0,0,0,0,0,0,0,0,0,0,0,1,0
2,0.961663743422701,0,0,0,0,0,0,0,0,0,0,0,0,0,1,0
2,0.8363818591831621,1,0,0,0,0,0,0,0,0,0,0,0,0,1,0
2,-0.0539547314791614,1,0,0,0,0,0,0,0,0,0,0,0,0,1,0
2,0.4545226760210473,0,0,0,0,0,0,0,0,0,0,0,0,0,1,0
2,0.12544892675185845,0,0,0,0,0,0,0,0,0,0,0,0,0,1,0
4,-0.7144408251900108,1,0,0,0,0,0,0,0,0,0,0,0,0,1,0
5,-0.5771318800634762,1,0,0,0,0,0,0,0,0,0,0,0,0,1,0
3,-0.23569698488265264,0,0,0,0,0,0,0,0,0,0,0,0,0,1,0
6,0.07967927837634683,1,0,0,0,0,0,0,0,0,0,0,0,0,1,0
1,-0.7224588657813414,0,0,0,0,0,0,0,0,0,0,0,0,0,1,0
0,-0.541050697402489,0,0,0,0,0,0,0,0,0,0,0,0,0,1,0
2,0.05529107157771657,0,0,0,0,0,0,0,0,0,0,0,0,0,1,0
3,0.01286227344859272,1,0,0,0,0,0,0,0,0,0,0,0,0,1,0
2,-0.4064144324730644,0,0,0,0,0,0,0,0,0,0,0,0,0,1,0
2,1.3030986386035246,1,0,0,0,0,0,0,0,0,0,0,0,0,1,0
4,-0.12812160694896854,1,0,0,0,0,0,0,0,0,0,0,0,0,1,0
2,0.08702914891839976,0,0,0,0,0,0,0,0,0,0,0,0,0,1,0
3,-0.7384949469640024,0,0,0,0,0,0,0,0,0,0,0,0,0,1,0
6,1.0137810072663493,0,0,0,0,0,0,0,0,0,0,0,0,0,1,0
1,-0.4034076672513155,0,0,0,0,0,0,0,0,0,0,0,0,0,1,0
6,-0.2597511066566441,1,0,0,0,0,0,0,0,0,0,0,0,0,1,0
2,1.3759291739747768,0,0,0,0,0,0,0,0,0,0,0,0,0,1,0
2,-0.07600434310532027,0,0,0,0,0,0,0,0,0,0,0,0,0,1,0
5,-0.27411676271611124,0,0,0,1,0,0,0,0,0,0,0,0,0,0,0
4,-0.8651131713020964,0,0,0,0,0,0,0,0,0,0,0,0,0,1,0
3,0.6523010106071996,0,0,0,0,0,0,0,0,0,0,0,0,0,1,0
2,0.7468470725799715,0,0,0,0,0,0,0,0,0,0,0,0,0,1,0
2,0.8470725799716028,1,0,0,0,0,0,0,0,0,0,0,0,0,1,0
6,-0.5086444500125282,0,0,0,0,0,0,0,0,0,0,0,0,0,1,0
2,0.5891589409504718,1,0,0,0,0,0,0,0,0,0,0,0,0,1,0
2,0.2300175394637935,1,0,0,0,0,0,0,0,0,0,0,0,0,1,0
2,0.25373757621314624,0,0,0,0,0,0,0,0,0,0,0,0,0,1,0
5,-0.6683370917898607,1,0,0,0,0,0,0,0,0,0,0,0,0,1,0
3,-0.3596425290236366,1,0,0,0,0,0,0,0,0,0,0,0,0,1,0
2,-0.398396391881734,0,0,0,0,0,0,0,0,0,0,0,0,0,1,0
2,0.7278042261755616,1,0,0,0,0,0,0,0,0,0,0,0,0,1,0
3,-0.45819761129207387,1,0,0,0,0,0,0,0,0,0,0,0,0,1,0
4,0.24571953562181567,0,0,0,0,0,0,0,0,0,0,0,0,0,1,0
2,0.4875970934602856,1,0,0,0,0,0,0,0,0,0,0,0,0,1,0
4,0.8744675519919819,1,0,0,0,0,0,0,0,0,0,0,0,0,1,0
0,0.120103566357638,0,0,0,0,0,0,0,0,0,0,0,0,0,1,0
5,0.14983713355048858,1,0,0,0,0,0,0,0,0,0,0,0,0,1,0
3,-0.04760711601102483,1,0,0,0,0,0,0,0,0,0,0,0,0,1,0
4,1.4330577131880062,1,0,0,0,0,0,0,0,0,0,0,0,0,0,0
2,0.9148918399732732,1,0,0,0,0,0,0,0,0,0,0,0,0,1,0
4,0.8283638185918317,1,0,0,0,0,0,0,0,0,0,0,0,0,1,0
2,-0.6272446337592917,0,0,0,0,0,0,0,0,0,0,0,0,0,1,0
1,-0.08970182911550986,0,0,0,0,0,0,0,0,0,0,0,0,0,1,0
5,-0.0422617556168045,0,0,0,0,0,0,0,0,0,0,0,0,0,1,0
4,-0.06197277207049196,0,0,0,0,0,0,0,0,0,0,0,0,0,1,0
3,0.8480748350455191,0,0,0,0,0,0,0,0,0,0,0,0,0,1,0
4,-0.1839138060636432,1,0,0,0,0,0,0,0,0,0,0,0,0,1,0
4,-0.01753946379353541,0,0,0,0,0,0,0,0,0,0,0,0,0,1,0
1,0.9553161279545644,1,0,0,0,0,0,0,0,0,0,0,0,1,0,0
3,0.06431136724296337,0,0,0,0,0,0,0,0,0,0,0,0,0,1,0
6,-0.49929006932264264,1,0,0,0,0,0,0,0,0,0,0,0,0,1,0
5,-0.9112235864027395,1,0,0,0,0,0,0,0,0,0,0,0,0,1,0
3,0.38269439572371167,0,0,0,0,0,0,0,0,0,0,0,0,0,1,0
2,0.447840975528272,0,0,0,0,0,0,0,0,0,0,0,0,0,1,0
2,1.122024555249311,1,0,0,0,0,0,0,0,0,0,0,0,0,1,0
